slick_id,mmsi,first_seen,last_seen,observations,vessel_name,imo,vessel_type
sentinel_10,209053121,2026-09-03 23:00:00+00:00,2026-09-03 23:23:32+00:00,9,FV WESTERN STAR_38,IMO3093190,Passenger
sentinel_10,218087708,2026-09-03 23:00:00+00:00,2026-09-04 00:04:45+00:00,24,MT ARABIAN KNIGHT_62,IMO8890587,Tanker
sentinel_10,250916077,2026-09-03 23:28:15+00:00,2026-09-04 00:11:19+00:00,15,MT MUMBAI EXPRESS_67,IMO5553736,Passenger
sentinel_10,274992570,2026-09-04 01:17:37+00:00,2026-09-04 04:41:41+00:00,67,FV MUMBAI EXPRESS_19,IMO1115482,Fishing
sentinel_10,285514406,2026-09-03 23:00:00+00:00,2026-09-03 23:17:58+00:00,6,MT SEA HORIZON_25,IMO1258768,Passenger
sentinel_10,368688902,2026-09-04 00:02:47+00:00,2026-09-04 01:21:19+00:00,26,MT MUMBAI EXPRESS_99,IMO1898516,Cargo
sentinel_10,439670711,2026-09-04 02:21:55+00:00,2026-09-04 04:59:35+00:00,51,MV MUMBAI EXPRESS_14,IMO3341057,Tanker
sentinel_10,490612805,2026-09-03 23:14:03+00:00,2026-09-04 00:04:48+00:00,17,SY ARABIAN KNIGHT_48,IMO4773549,Tanker
sentinel_10,499317479,2026-09-03 23:00:00+00:00,2026-09-03 23:16:12+00:00,7,MV COASTAL PEARL_63,IMO4547081,Cargo
sentinel_10,569749767,2026-09-03 23:01:24+00:00,2026-09-03 23:33:21+00:00,11,MT MALABAR QUEEN_99,IMO7679508,Container Ship
sentinel_10,663550988,2026-09-04 03:56:55+00:00,2026-09-04 10:56:21+00:00,144,FV MUMBAI EXPRESS_65,IMO7614724,Fishing
sentinel_10,697169479,2026-09-03 23:45:24+00:00,2026-09-04 03:16:00+00:00,71,MT MUMBAI EXPRESS_41,IMO1966769,Fishing
sentinel_10,730915077,2026-09-03 23:04:52+00:00,2026-09-04 00:31:51+00:00,31,SY KONKAN TRADER_11,IMO2293159,Cargo
sentinel_10,790077090,2026-09-04 00:34:53+00:00,2026-09-04 02:59:19+00:00,45,SY COASTAL PEARL_51,IMO8387790,Tanker
sentinel_101,209053121,2026-09-03 23:00:00+00:00,2026-09-03 23:23:32+00:00,9,FV WESTERN STAR_38,IMO3093190,Passenger
sentinel_101,218087708,2026-09-03 23:00:00+00:00,2026-09-04 00:04:45+00:00,24,MT ARABIAN KNIGHT_62,IMO8890587,Tanker
sentinel_101,250916077,2026-09-03 23:28:15+00:00,2026-09-04 00:11:19+00:00,15,MT MUMBAI EXPRESS_67,IMO5553736,Passenger
sentinel_101,274992570,2026-09-04 01:17:37+00:00,2026-09-04 04:41:41+00:00,67,FV MUMBAI EXPRESS_19,IMO1115482,Fishing
sentinel_101,285514406,2026-09-03 23:00:00+00:00,2026-09-03 23:17:58+00:00,6,MT SEA HORIZON_25,IMO1258768,Passenger
sentinel_101,368688902,2026-09-04 00:02:47+00:00,2026-09-04 01:21:19+00:00,26,MT MUMBAI EXPRESS_99,IMO1898516,Cargo
sentinel_101,439670711,2026-09-04 02:21:55+00:00,2026-09-04 04:59:35+00:00,51,MV MUMBAI EXPRESS_14,IMO3341057,Tanker
sentinel_101,490612805,2026-09-03 23:14:03+00:00,2026-09-04 00:04:48+00:00,17,SY ARABIAN KNIGHT_48,IMO4773549,Tanker
sentinel_101,499317479,2026-09-03 23:00:00+00:00,2026-09-03 23:16:12+00:00,7,MV COASTAL PEARL_63,IMO4547081,Cargo
sentinel_101,569749767,2026-09-03 23:01:24+00:00,2026-09-03 23:33:21+00:00,11,MT MALABAR QUEEN_99,IMO7679508,Container Ship
sentinel_101,663550988,2026-09-04 03:56:55+00:00,2026-09-04 10:56:21+00:00,144,FV MUMBAI EXPRESS_65,IMO7614724,Fishing
sentinel_101,697169479,2026-09-03 23:45:24+00:00,2026-09-04 03:16:00+00:00,71,MT MUMBAI EXPRESS_41,IMO1966769,Fishing
sentinel_101,730915077,2026-09-03 23:04:52+00:00,2026-09-04 00:31:51+00:00,31,SY KONKAN TRADER_11,IMO2293159,Cargo
sentinel_101,790077090,2026-09-04 00:34:53+00:00,2026-09-04 02:59:19+00:00,45,SY COASTAL PEARL_51,IMO8387790,Tanker
sentinel_11,209053121,2026-09-03 23:00:00+00:00,2026-09-03 23:23:32+00:00,9,FV WESTERN STAR_38,IMO3093190,Passenger
sentinel_11,218087708,2026-09-03 23:00:00+00:00,2026-09-04 00:04:45+00:00,24,MT ARABIAN KNIGHT_62,IMO8890587,Tanker
sentinel_11,250916077,2026-09-03 23:28:15+00:00,2026-09-04 00:11:19+00:00,15,MT MUMBAI EXPRESS_67,IMO5553736,Passenger
sentinel_11,274992570,2026-09-04 01:17:37+00:00,2026-09-04 04:41:41+00:00,67,FV MUMBAI EXPRESS_19,IMO1115482,Fishing
sentinel_11,285514406,2026-09-03 23:00:00+00:00,2026-09-03 23:17:58+00:00,6,MT SEA HORIZON_25,IMO1258768,Passenger
sentinel_11,368688902,2026-09-04 00:02:47+00:00,2026-09-04 01:21:19+00:00,26,MT MUMBAI EXPRESS_99,IMO1898516,Cargo
sentinel_11,439670711,2026-09-04 02:21:55+00:00,2026-09-04 04:59:35+00:00,51,MV MUMBAI EXPRESS_14,IMO3341057,Tanker
sentinel_11,490612805,2026-09-03 23:14:03+00:00,2026-09-04 00:04:48+00:00,17,SY ARABIAN KNIGHT_48,IMO4773549,Tanker
sentinel_11,499317479,2026-09-03 23:00:00+00:00,2026-09-03 23:16:12+00:00,7,MV COASTAL PEARL_63,IMO4547081,Cargo
sentinel_11,569749767,2026-09-03 23:01:24+00:00,2026-09-03 23:33:21+00:00,11,MT MALABAR QUEEN_99,IMO7679508,Container Ship
sentinel_11,663550988,2026-09-04 03:56:55+00:00,2026-09-04 10:56:21+00:00,144,FV MUMBAI EXPRESS_65,IMO7614724,Fishing
sentinel_11,697169479,2026-09-03 23:45:24+00:00,2026-09-04 03:16:00+00:00,71,MT MUMBAI EXPRESS_41,IMO1966769,Fishing
sentinel_11,730915077,2026-09-03 23:04:52+00:00,2026-09-04 00:31:51+00:00,31,SY KONKAN TRADER_11,IMO2293159,Cargo
sentinel_11,790077090,2026-09-04 00:34:53+00:00,2026-09-04 02:59:19+00:00,45,SY COASTAL PEARL_51,IMO8387790,Tanker
sentinel_121,209053121,2026-09-03 23:00:00+00:00,2026-09-03 23:23:32+00:00,9,FV WESTERN STAR_38,IMO3093190,Passenger
sentinel_121,218087708,2026-09-03 23:00:00+00:00,2026-09-04 00:04:45+00:00,24,MT ARABIAN KNIGHT_62,IMO8890587,Tanker
sentinel_121,250916077,2026-09-03 23:28:15+00:00,2026-09-04 00:11:19+00:00,15,MT MUMBAI EXPRESS_67,IMO5553736,Passenger
sentinel_121,274992570,2026-09-04 01:17:37+00:00,2026-09-04 04:41:41+00:00,67,FV MUMBAI EXPRESS_19,IMO1115482,Fishing
sentinel_121,285514406,2026-09-03 23:00:00+00:00,2026-09-03 23:17:58+00:00,6,MT SEA HORIZON_25,IMO1258768,Passenger
sentinel_121,368688902,2026-09-04 00:02:47+00:00,2026-09-04 01:21:19+00:00,26,MT MUMBAI EXPRESS_99,IMO1898516,Cargo
sentinel_121,439670711,2026-09-04 02:21:55+00:00,2026-09-04 04:59:35+00:00,51,MV MUMBAI EXPRESS_14,IMO3341057,Tanker
sentinel_121,490612805,2026-09-03 23:14:03+00:00,2026-09-04 00:04:48+00:00,17,SY ARABIAN KNIGHT_48,IMO4773549,Tanker
sentinel_121,499317479,2026-09-03 23:00:00+00:00,2026-09-03 23:16:12+00:00,7,MV COASTAL PEARL_63,IMO4547081,Cargo
sentinel_121,569749767,2026-09-03 23:01:24+00:00,2026-09-03 23:33:21+00:00,11,MT MALABAR QUEEN_99,IMO7679508,Container Ship
sentinel_121,663550988,2026-09-04 03:56:55+00:00,2026-09-04 10:56:21+00:00,144,FV MUMBAI EXPRESS_65,IMO7614724,Fishing
sentinel_121,697169479,2026-09-03 23:45:24+00:00,2026-09-04 03:16:00+00:00,71,MT MUMBAI EXPRESS_41,IMO1966769,Fishing
sentinel_121,730915077,2026-09-03 23:04:52+00:00,2026-09-04 00:31:51+00:00,31,SY KONKAN TRADER_11,IMO2293159,Cargo
sentinel_121,790077090,2026-09-04 00:34:53+00:00,2026-09-04 02:59:19+00:00,45,SY COASTAL PEARL_51,IMO8387790,Tanker
sentinel_147,209053121,2026-09-03 23:00:00+00:00,2026-09-03 23:28:15+00:00,11,FV WESTERN STAR_38,IMO3093190,Passenger
sentinel_147,218087708,2026-09-03 23:00:00+00:00,2026-09-04 00:04:45+00:00,24,MT ARABIAN KNIGHT_62,IMO8890587,Tanker
sentinel_147,250916077,2026-09-03 23:32:37+00:00,2026-09-04 00:18:19+00:00,16,MT MUMBAI EXPRESS_67,IMO5553736,Passenger
sentinel_147,274992570,2026-09-04 01:28:56+00:00,2026-09-04 04:41:41+00:00,64,FV MUMBAI EXPRESS_19,IMO1115482,Fishing
sentinel_147,285514406,2026-09-03 23:00:00+00:00,2026-09-03 23:13:08+00:00,5,MT SEA HORIZON_25,IMO1258768,Passenger
sentinel_147,368688902,2026-09-03 23:54:19+00:00,2026-09-04 01:18:48+00:00,29,MT MUMBAI EXPRESS_99,IMO1898516,Cargo
sentinel_147,439670711,2026-09-04 02:11:38+00:00,2026-09-04 04:54:42+00:00,52,MV MUMBAI EXPRESS_14,IMO3341057,Tanker
sentinel_147,490612805,2026-09-03 23:14:03+00:00,2026-09-03 23:58:38+00:00,15,SY ARABIAN KNIGHT_48,IMO4773549,Tanker
sentinel_147,499317479,2026-09-03 23:00:00+00:00,2026-09-03 23:20:11+00:00,9,MV COASTAL PEARL_63,IMO4547081,Cargo
sentinel_147,569749767,2026-09-03 23:00:00+00:00,2026-09-03 23:30:46+00:00,11,MT MALABAR QUEEN_99,IMO7679508,Container Ship
sentinel_147,663550988,2026-09-04 03:39:51+00:00,2026-09-04 10:56:21+00:00,149,FV MUMBAI EXPRESS_65,IMO7614724,Fishing
sentinel_147,697169479,2026-09-03 23:34:28+00:00,2026-09-04 03:05:49+00:00,72,MT MUMBAI EXPRESS_41,IMO1966769,Fishing
sentinel_147,730915077,2026-09-03 23:02:27+00:00,2026-09-04 00:29:53+00:00,31,SY KONKAN TRADER_11,IMO2293159,Cargo
sentinel_147,790077090,2026-09-04 00:42:24+00:00,2026-09-04 03:10:51+00:00,47,SY COASTAL PEARL_51,IMO8387790,Tanker
sentinel_148,209053121,2026-09-03 23:00:00+00:00,2026-09-03 23:23:32+00:00,9,FV WESTERN STAR_38,IMO3093190,Passenger
sentinel_148,218087708,2026-09-03 23:00:00+00:00,2026-09-04 00:04:45+00:00,24,MT ARABIAN KNIGHT_62,IMO8890587,Tanker
sentinel_148,250916077,2026-09-03 23:28:15+00:00,2026-09-04 00:11:19+00:00,15,MT MUMBAI EXPRESS_67,IMO5553736,Passenger
sentinel_148,274992570,2026-09-04 01:17:37+00:00,2026-09-04 04:41:41+00:00,67,FV MUMBAI EXPRESS_19,IMO1115482,Fishing
sentinel_148,285514406,2026-09-03 23:00:00+00:00,2026-09-03 23:17:58+00:00,6,MT SEA HORIZON_25,IMO1258768,Passenger
sentinel_148,368688902,2026-09-04 00:02:47+00:00,2026-09-04 01:21:19+00:00,26,MT MUMBAI EXPRESS_99,IMO1898516,Cargo
sentinel_148,439670711,2026-09-04 02:21:55+00:00,2026-09-04 04:59:35+00:00,51,MV MUMBAI EXPRESS_14,IMO3341057,Tanker
sentinel_148,490612805,2026-09-03 23:14:03+00:00,2026-09-04 00:04:48+00:00,17,SY ARABIAN KNIGHT_48,IMO4773549,Tanker
sentinel_148,499317479,2026-09-03 23:00:00+00:00,2026-09-03 23:16:12+00:00,7,MV COASTAL PEARL_63,IMO4547081,Cargo
sentinel_148,569749767,2026-09-03 23:01:24+00:00,2026-09-03 23:33:21+00:00,11,MT MALABAR QUEEN_99,IMO7679508,Container Ship
sentinel_148,663550988,2026-09-04 03:56:55+00:00,2026-09-04 10:56:21+00:00,144,FV MUMBAI EXPRESS_65,IMO7614724,Fishing
sentinel_148,697169479,2026-09-03 23:45:24+00:00,2026-09-04 03:16:00+00:00,71,MT MUMBAI EXPRESS_41,IMO1966769,Fishing
sentinel_148,730915077,2026-09-03 23:04:52+00:00,2026-09-04 00:31:51+00:00,31,SY KONKAN TRADER_11,IMO2293159,Cargo
sentinel_148,790077090,2026-09-04 00:34:53+00:00,2026-09-04 02:59:19+00:00,45,SY COASTAL PEARL_51,IMO8387790,Tanker
sentinel_151,209053121,2026-09-03 23:00:00+00:00,2026-09-03 23:23:32+00:00,9,FV WESTERN STAR_38,IMO3093190,Passenger
sentinel_151,218087708,2026-09-03 23:00:00+00:00,2026-09-04 00:04:45+00:00,24,MT ARABIAN KNIGHT_62,IMO8890587,Tanker
sentinel_151,250916077,2026-09-03 23:28:15+00:00,2026-09-04 00:11:19+00:00,15,MT MUMBAI EXPRESS_67,IMO5553736,Passenger
sentinel_151,274992570,2026-09-04 01:17:37+00:00,2026-09-04 04:41:41+00:00,67,FV MUMBAI EXPRESS_19,IMO1115482,Fishing
sentinel_151,285514406,2026-09-03 23:00:00+00:00,2026-09-03 23:17:58+00:00,6,MT SEA HORIZON_25,IMO1258768,Passenger
sentinel_151,368688902,2026-09-04 00:02:47+00:00,2026-09-04 01:21:19+00:00,26,MT MUMBAI EXPRESS_99,IMO1898516,Cargo
sentinel_151,439670711,2026-09-04 02:21:55+00:00,2026-09-04 04:59:35+00:00,51,MV MUMBAI EXPRESS_14,IMO3341057,Tanker
sentinel_151,490612805,2026-09-03 23:14:03+00:00,2026-09-04 00:04:48+00:00,17,SY ARABIAN KNIGHT_48,IMO4773549,Tanker
sentinel_151,499317479,2026-09-03 23:00:00+00:00,2026-09-03 23:16:12+00:00,7,MV COASTAL PEARL_63,IMO4547081,Cargo
sentinel_151,569749767,2026-09-03 23:01:24+00:00,2026-09-03 23:33:21+00:00,11,MT MALABAR QUEEN_99,IMO7679508,Container Ship
sentinel_151,663550988,2026-09-04 03:56:55+00:00,2026-09-04 10:56:21+00:00,144,FV MUMBAI EXPRESS_65,IMO7614724,Fishing
sentinel_151,697169479,2026-09-03 23:45:24+00:00,2026-09-04 03:16:00+00:00,71,MT MUMBAI EXPRESS_41,IMO1966769,Fishing
sentinel_151,730915077,2026-09-03 23:04:52+00:00,2026-09-04 00:31:51+00:00,31,SY KONKAN TRADER_11,IMO2293159,Cargo
sentinel_151,790077090,2026-09-04 00:34:53+00:00,2026-09-04 02:59:19+00:00,45,SY COASTAL PEARL_51,IMO8387790,Tanker
sentinel_155,209053121,2026-09-03 23:00:00+00:00,2026-09-03 23:23:32+00:00,9,FV WESTERN STAR_38,IMO3093190,Passenger
sentinel_155,218087708,2026-09-03 23:00:00+00:00,2026-09-04 00:04:45+00:00,24,MT ARABIAN KNIGHT_62,IMO8890587,Tanker
sentinel_155,250916077,2026-09-03 23:28:15+00:00,2026-09-04 00:11:19+00:00,15,MT MUMBAI EXPRESS_67,IMO5553736,Passenger
sentinel_155,274992570,2026-09-04 01:17:37+00:00,2026-09-04 04:41:41+00:00,67,FV MUMBAI EXPRESS_19,IMO1115482,Fishing
sentinel_155,285514406,2026-09-03 23:00:00+00:00,2026-09-03 23:17:58+00:00,6,MT SEA HORIZON_25,IMO1258768,Passenger
sentinel_155,368688902,2026-09-04 00:02:47+00:00,2026-09-04 01:21:19+00:00,26,MT MUMBAI EXPRESS_99,IMO1898516,Cargo
sentinel_155,439670711,2026-09-04 02:21:55+00:00,2026-09-04 04:59:35+00:00,51,MV MUMBAI EXPRESS_14,IMO3341057,Tanker
sentinel_155,490612805,2026-09-03 23:14:03+00:00,2026-09-04 00:04:48+00:00,17,SY ARABIAN KNIGHT_48,IMO4773549,Tanker
sentinel_155,499317479,2026-09-03 23:00:00+00:00,2026-09-03 23:16:12+00:00,7,MV COASTAL PEARL_63,IMO4547081,Cargo
sentinel_155,569749767,2026-09-03 23:01:24+00:00,2026-09-03 23:33:21+00:00,11,MT MALABAR QUEEN_99,IMO7679508,Container Ship
sentinel_155,663550988,2026-09-04 03:56:55+00:00,2026-09-04 10:56:21+00:00,144,FV MUMBAI EXPRESS_65,IMO7614724,Fishing
sentinel_155,697169479,2026-09-03 23:45:24+00:00,2026-09-04 03:16:00+00:00,71,MT MUMBAI EXPRESS_41,IMO1966769,Fishing
sentinel_155,730915077,2026-09-03 23:04:52+00:00,2026-09-04 00:31:51+00:00,31,SY KONKAN TRADER_11,IMO2293159,Cargo
sentinel_155,790077090,2026-09-04 00:34:53+00:00,2026-09-04 02:59:19+00:00,45,SY COASTAL PEARL_51,IMO8387790,Tanker
sentinel_166,209053121,2026-09-03 23:00:00+00:00,2026-09-03 23:23:32+00:00,9,FV WESTERN STAR_38,IMO3093190,Passenger
sentinel_166,218087708,2026-09-03 23:00:00+00:00,2026-09-04 00:04:45+00:00,24,MT ARABIAN KNIGHT_62,IMO8890587,Tanker
sentinel_166,250916077,2026-09-03 23:28:15+00:00,2026-09-04 00:11:19+00:00,15,MT MUMBAI EXPRESS_67,IMO5553736,Passenger
sentinel_166,274992570,2026-09-04 01:17:37+00:00,2026-09-04 04:41:41+00:00,67,FV MUMBAI EXPRESS_19,IMO1115482,Fishing
sentinel_166,285514406,2026-09-03 23:00:00+00:00,2026-09-03 23:17:58+00:00,6,MT SEA HORIZON_25,IMO1258768,Passenger
sentinel_166,368688902,2026-09-04 00:02:47+00:00,2026-09-04 01:21:19+00:00,26,MT MUMBAI EXPRESS_99,IMO1898516,Cargo
sentinel_166,439670711,2026-09-04 02:21:55+00:00,2026-09-04 04:59:35+00:00,51,MV MUMBAI EXPRESS_14,IMO3341057,Tanker
sentinel_166,490612805,2026-09-03 23:14:03+00:00,2026-09-04 00:04:48+00:00,17,SY ARABIAN KNIGHT_48,IMO4773549,Tanker
sentinel_166,499317479,2026-09-03 23:00:00+00:00,2026-09-03 23:16:12+00:00,7,MV COASTAL PEARL_63,IMO4547081,Cargo
sentinel_166,569749767,2026-09-03 23:01:24+00:00,2026-09-03 23:33:21+00:00,11,MT MALABAR QUEEN_99,IMO7679508,Container Ship
sentinel_166,663550988,2026-09-04 03:56:55+00:00,2026-09-04 10:56:21+00:00,144,FV MUMBAI EXPRESS_65,IMO7614724,Fishing
sentinel_166,697169479,2026-09-03 23:45:24+00:00,2026-09-04 03:16:00+00:00,71,MT MUMBAI EXPRESS_41,IMO1966769,Fishing
sentinel_166,730915077,2026-09-03 23:04:52+00:00,2026-09-04 00:31:51+00:00,31,SY KONKAN TRADER_11,IMO2293159,Cargo
sentinel_166,790077090,2026-09-04 00:34:53+00:00,2026-09-04 02:59:19+00:00,45,SY COASTAL PEARL_51,IMO8387790,Tanker
sentinel_18,209053121,2026-09-03 23:00:00+00:00,2026-09-03 23:23:32+00:00,9,FV WESTERN STAR_38,IMO3093190,Passenger
sentinel_18,218087708,2026-09-03 23:00:00+00:00,2026-09-04 00:04:45+00:00,24,MT ARABIAN KNIGHT_62,IMO8890587,Tanker
sentinel_18,250916077,2026-09-03 23:32:37+00:00,2026-09-04 00:11:19+00:00,14,MT MUMBAI EXPRESS_67,IMO5553736,Passenger
sentinel_18,274992570,2026-09-04 01:24:36+00:00,2026-09-04 04:41:41+00:00,65,FV MUMBAI EXPRESS_19,IMO1115482,Fishing
sentinel_18,285514406,2026-09-03 23:00:00+00:00,2026-09-03 23:13:08+00:00,5,MT SEA HORIZON_25,IMO1258768,Passenger
sentinel_18,368688902,2026-09-04 00:07:29+00:00,2026-09-04 01:21:19+00:00,25,MT MUMBAI EXPRESS_99,IMO1898516,Cargo
sentinel_18,439670711,2026-09-04 02:23:59+00:00,2026-09-04 04:57:01+00:00,49,MV MUMBAI EXPRESS_14,IMO3341057,Tanker
sentinel_18,490612805,2026-09-03 23:09:11+00:00,2026-09-04 00:02:19+00:00,17,SY ARABIAN KNIGHT_48,IMO4773549,Tanker
sentinel_18,499317479,2026-09-03 23:00:00+00:00,2026-09-03 23:13:34+00:00,6,MV COASTAL PEARL_63,IMO4547081,Cargo
sentinel_18,569749767,2026-09-03 23:04:51+00:00,2026-09-03 23:33:21+00:00,10,MT MALABAR QUEEN_99,IMO7679508,Container Ship
sentinel_18,663550988,2026-09-04 04:02:40+00:00,2026-09-04 10:56:21+00:00,142,FV MUMBAI EXPRESS_65,IMO7614724,Fishing
sentinel_18,697169479,2026-09-03 23:47:05+00:00,2026-09-04 03:16:00+00:00,70,MT MUMBAI EXPRESS_41,IMO1966769,Fishing
sentinel_18,730915077,2026-09-03 23:04:52+00:00,2026-09-04 00:31:51+00:00,31,SY KONKAN TRADER_11,IMO2293159,Cargo
sentinel_18,790077090,2026-09-04 00:33:27+00:00,2026-09-04 02:59:19+00:00,46,SY COASTAL PEARL_51,IMO8387790,Tanker
sentinel_186,209053121,2026-09-03 23:00:00+00:00,2026-09-03 23:23:32+00:00,9,FV WESTERN STAR_38,IMO3093190,Passenger
sentinel_186,218087708,2026-09-03 23:00:00+00:00,2026-09-04 00:04:45+00:00,24,MT ARABIAN KNIGHT_62,IMO8890587,Tanker
sentinel_186,250916077,2026-09-03 23:28:15+00:00,2026-09-04 00:11:19+00:00,15,MT MUMBAI EXPRESS_67,IMO5553736,Passenger
sentinel_186,274992570,2026-09-04 01:17:37+00:00,2026-09-04 04:41:41+00:00,67,FV MUMBAI EXPRESS_19,IMO1115482,Fishing
sentinel_186,285514406,2026-09-03 23:00:00+00:00,2026-09-03 23:17:58+00:00,6,MT SEA HORIZON_25,IMO1258768,Passenger
sentinel_186,368688902,2026-09-04 00:02:47+00:00,2026-09-04 01:21:19+00:00,26,MT MUMBAI EXPRESS_99,IMO1898516,Cargo
sentinel_186,439670711,2026-09-04 02:21:55+00:00,2026-09-04 04:59:35+00:00,51,MV MUMBAI EXPRESS_14,IMO3341057,Tanker
sentinel_186,490612805,2026-09-03 23:14:03+00:00,2026-09-04 00:04:48+00:00,17,SY ARABIAN KNIGHT_48,IMO4773549,Tanker
sentinel_186,499317479,2026-09-03 23:00:00+00:00,2026-09-03 23:16:12+00:00,7,MV COASTAL PEARL_63,IMO4547081,Cargo
sentinel_186,569749767,2026-09-03 23:01:24+00:00,2026-09-03 23:33:21+00:00,11,MT MALABAR QUEEN_99,IMO7679508,Container Ship
sentinel_186,663550988,2026-09-04 03:56:55+00:00,2026-09-04 10:56:21+00:00,144,FV MUMBAI EXPRESS_65,IMO7614724,Fishing
sentinel_186,697169479,2026-09-03 23:45:24+00:00,2026-09-04 03:16:00+00:00,71,MT MUMBAI EXPRESS_41,IMO1966769,Fishing
sentinel_186,730915077,2026-09-03 23:04:52+00:00,2026-09-04 00:31:51+00:00,31,SY KONKAN TRADER_11,IMO2293159,Cargo
sentinel_186,790077090,2026-09-04 00:34:53+00:00,2026-09-04 02:59:19+00:00,45,SY COASTAL PEARL_51,IMO8387790,Tanker
sentinel_207,209053121,2026-09-03 23:00:00+00:00,2026-09-03 23:23:32+00:00,9,FV WESTERN STAR_38,IMO3093190,Passenger
sentinel_207,218087708,2026-09-03 23:00:00+00:00,2026-09-04 00:04:45+00:00,24,MT ARABIAN KNIGHT_62,IMO8890587,Tanker
sentinel_207,250916077,2026-09-03 23:28:15+00:00,2026-09-04 00:15:56+00:00,16,MT MUMBAI EXPRESS_67,IMO5553736,Passenger
sentinel_207,274992570,2026-09-04 01:15:56+00:00,2026-09-04 04:44:33+00:00,69,FV MUMBAI EXPRESS_19,IMO1115482,Fishing
sentinel_207,285514406,2026-09-03 23:00:00+00:00,2026-09-03 23:17:58+00:00,6,MT SEA HORIZON_25,IMO1258768,Passenger
sentinel_207,368688902,2026-09-04 00:01:11+00:00,2026-09-04 01:25:01+00:00,28,MT MUMBAI EXPRESS_99,IMO1898516,Cargo
sentinel_207,439670711,2026-09-04 02:18:42+00:00,2026-09-04 05:02:53+00:00,53,MV MUMBAI EXPRESS_14,IMO3341057,Tanker
sentinel_207,490612805,2026-09-03 23:14:03+00:00,2026-09-04 00:04:48+00:00,17,SY ARABIAN KNIGHT_48,IMO4773549,Tanker
sentinel_207,499317479,2026-09-03 23:00:00+00:00,2026-09-03 23:17:25+00:00,8,MV COASTAL PEARL_63,IMO4547081,Cargo
sentinel_207,569749767,2026-09-03 23:00:00+00:00,2026-09-03 23:34:25+00:00,13,MT MALABAR QUEEN_99,IMO7679508,Container Ship
sentinel_207,663550988,2026-09-04 03:52:26+00:00,2026-09-04 10:56:21+00:00,145,FV MUMBAI EXPRESS_65,IMO7614724,Fishing
sentinel_207,697169479,2026-09-03 23:41:07+00:00,2026-09-04 03:10:39+00:00,70,MT MUMBAI EXPRESS_41,IMO1966769,Fishing
sentinel_207,730915077,2026-09-03 23:02:27+00:00,2026-09-04 00:29:53+00:00,31,SY KONKAN TRADER_11,IMO2293159,Cargo
sentinel_207,790077090,2026-09-04 00:37:52+00:00,2026-09-04 03:04:32+00:00,46,SY COASTAL PEARL_51,IMO8387790,Tanker
sentinel_21,209053121,2026-09-03 23:00:00+00:00,2026-09-03 23:23:32+00:00,9,FV WESTERN STAR_38,IMO3093190,Passenger
sentinel_21,218087708,2026-09-03 23:00:00+00:00,2026-09-04 00:04:45+00:00,24,MT ARABIAN KNIGHT_62,IMO8890587,Tanker
sentinel_21,250916077,2026-09-03 23:28:15+00:00,2026-09-04 00:11:19+00:00,15,MT MUMBAI EXPRESS_67,IMO5553736,Passenger
sentinel_21,274992570,2026-09-04 01:17:37+00:00,2026-09-04 04:41:41+00:00,67,FV MUMBAI EXPRESS_19,IMO1115482,Fishing
sentinel_21,285514406,2026-09-03 23:00:00+00:00,2026-09-03 23:17:58+00:00,6,MT SEA HORIZON_25,IMO1258768,Passenger
sentinel_21,368688902,2026-09-04 00:02:47+00:00,2026-09-04 01:21:19+00:00,26,MT MUMBAI EXPRESS_99,IMO1898516,Cargo
sentinel_21,439670711,2026-09-04 02:21:55+00:00,2026-09-04 04:59:35+00:00,51,MV MUMBAI EXPRESS_14,IMO3341057,Tanker
sentinel_21,490612805,2026-09-03 23:14:03+00:00,2026-09-04 00:04:48+00:00,17,SY ARABIAN KNIGHT_48,IMO4773549,Tanker
sentinel_21,499317479,2026-09-03 23:00:00+00:00,2026-09-03 23:16:12+00:00,7,MV COASTAL PEARL_63,IMO4547081,Cargo
sentinel_21,569749767,2026-09-03 23:01:24+00:00,2026-09-03 23:33:21+00:00,11,MT MALABAR QUEEN_99,IMO7679508,Container Ship
sentinel_21,663550988,2026-09-04 03:56:55+00:00,2026-09-04 10:56:21+00:00,144,FV MUMBAI EXPRESS_65,IMO7614724,Fishing
sentinel_21,697169479,2026-09-03 23:45:24+00:00,2026-09-04 03:16:00+00:00,71,MT MUMBAI EXPRESS_41,IMO1966769,Fishing
sentinel_21,730915077,2026-09-03 23:04:52+00:00,2026-09-04 00:31:51+00:00,31,SY KONKAN TRADER_11,IMO2293159,Cargo
sentinel_21,790077090,2026-09-04 00:34:53+00:00,2026-09-04 02:59:19+00:00,45,SY COASTAL PEARL_51,IMO8387790,Tanker
sentinel_214,209053121,2026-09-03 23:00:00+00:00,2026-09-03 23:23:32+00:00,9,FV WESTERN STAR_38,IMO3093190,Passenger
sentinel_214,218087708,2026-09-03 23:00:00+00:00,2026-09-04 00:04:45+00:00,24,MT ARABIAN KNIGHT_62,IMO8890587,Tanker
sentinel_214,250916077,2026-09-03 23:32:37+00:00,2026-09-04 00:11:19+00:00,14,MT MUMBAI EXPRESS_67,IMO5553736,Passenger
sentinel_214,274992570,2026-09-04 01:24:36+00:00,2026-09-04 04:39:17+00:00,64,FV MUMBAI EXPRESS_19,IMO1115482,Fishing
sentinel_214,285514406,2026-09-03 23:00:00+00:00,2026-09-03 23:13:08+00:00,5,MT SEA HORIZON_25,IMO1258768,Passenger
sentinel_214,368688902,2026-09-04 00:01:11+00:00,2026-09-04 01:21:19+00:00,27,MT MUMBAI EXPRESS_99,IMO1898516,Cargo
sentinel_214,439670711,2026-09-04 02:18:42+00:00,2026-09-04 04:57:01+00:00,51,MV MUMBAI EXPRESS_14,IMO3341057,Tanker
sentinel_214,490612805,2026-09-03 23:14:03+00:00,2026-09-04 00:02:19+00:00,16,SY ARABIAN KNIGHT_48,IMO4773549,Tanker
sentinel_214,499317479,2026-09-03 23:00:00+00:00,2026-09-03 23:17:25+00:00,8,MV COASTAL PEARL_63,IMO4547081,Cargo
sentinel_214,569749767,2026-09-03 23:00:00+00:00,2026-09-03 23:30:46+00:00,11,MT MALABAR QUEEN_99,IMO7679508,Container Ship
sentinel_214,663550988,2026-09-04 03:52:26+00:00,2026-09-04 10:56:21+00:00,145,FV MUMBAI EXPRESS_65,IMO7614724,Fishing
sentinel_214,697169479,2026-09-03 23:45:24+00:00,2026-09-04 03:10:39+00:00,69,MT MUMBAI EXPRESS_41,IMO1966769,Fishing
sentinel_214,730915077,2026-09-03 23:04:52+00:00,2026-09-04 00:29:53+00:00,30,SY KONKAN TRADER_11,IMO2293159,Cargo
sentinel_214,790077090,2026-09-04 00:37:52+00:00,2026-09-04 03:02:54+00:00,45,SY COASTAL PEARL_51,IMO8387790,Tanker
sentinel_219,209053121,2026-09-03 23:00:00+00:00,2026-09-03 23:23:32+00:00,9,FV WESTERN STAR_38,IMO3093190,Passenger
sentinel_219,218087708,2026-09-03 23:00:00+00:00,2026-09-04 00:04:45+00:00,24,MT ARABIAN KNIGHT_62,IMO8890587,Tanker
sentinel_219,250916077,2026-09-03 23:28:15+00:00,2026-09-04 00:11:19+00:00,15,MT MUMBAI EXPRESS_67,IMO5553736,Passenger
sentinel_219,274992570,2026-09-04 01:17:37+00:00,2026-09-04 04:41:41+00:00,67,FV MUMBAI EXPRESS_19,IMO1115482,Fishing
sentinel_219,285514406,2026-09-03 23:00:00+00:00,2026-09-03 23:17:58+00:00,6,MT SEA HORIZON_25,IMO1258768,Passenger
sentinel_219,368688902,2026-09-04 00:02:47+00:00,2026-09-04 01:21:19+00:00,26,MT MUMBAI EXPRESS_99,IMO1898516,Cargo
sentinel_219,439670711,2026-09-04 02:21:55+00:00,2026-09-04 04:59:35+00:00,51,MV MUMBAI EXPRESS_14,IMO3341057,Tanker
sentinel_219,490612805,2026-09-03 23:14:03+00:00,2026-09-04 00:04:48+00:00,17,SY ARABIAN KNIGHT_48,IMO4773549,Tanker
sentinel_219,499317479,2026-09-03 23:00:00+00:00,2026-09-03 23:16:12+00:00,7,MV COASTAL PEARL_63,IMO4547081,Cargo
sentinel_219,569749767,2026-09-03 23:01:24+00:00,2026-09-03 23:33:21+00:00,11,MT MALABAR QUEEN_99,IMO7679508,Container Ship
sentinel_219,663550988,2026-09-04 03:56:55+00:00,2026-09-04 10:56:21+00:00,144,FV MUMBAI EXPRESS_65,IMO7614724,Fishing
sentinel_219,697169479,2026-09-03 23:45:24+00:00,2026-09-04 03:16:00+00:00,71,MT MUMBAI EXPRESS_41,IMO1966769,Fishing
sentinel_219,730915077,2026-09-03 23:04:52+00:00,2026-09-04 00:31:51+00:00,31,SY KONKAN TRADER_11,IMO2293159,Cargo
sentinel_219,790077090,2026-09-04 00:34:53+00:00,2026-09-04 02:59:19+00:00,45,SY COASTAL PEARL_51,IMO8387790,Tanker
sentinel_22,209053121,2026-09-03 23:00:00+00:00,2026-09-03 23:23:32+00:00,9,FV WESTERN STAR_38,IMO3093190,Passenger
sentinel_22,218087708,2026-09-03 23:00:00+00:00,2026-09-04 00:04:45+00:00,24,MT ARABIAN KNIGHT_62,IMO8890587,Tanker
sentinel_22,250916077,2026-09-03 23:28:15+00:00,2026-09-04 00:11:19+00:00,15,MT MUMBAI EXPRESS_67,IMO5553736,Passenger
sentinel_22,274992570,2026-09-04 01:17:37+00:00,2026-09-04 04:41:41+00:00,67,FV MUMBAI EXPRESS_19,IMO1115482,Fishing
sentinel_22,285514406,2026-09-03 23:00:00+00:00,2026-09-03 23:17:58+00:00,6,MT SEA HORIZON_25,IMO1258768,Passenger
sentinel_22,368688902,2026-09-04 00:02:47+00:00,2026-09-04 01:21:19+00:00,26,MT MUMBAI EXPRESS_99,IMO1898516,Cargo
sentinel_22,439670711,2026-09-04 02:21:55+00:00,2026-09-04 04:59:35+00:00,51,MV MUMBAI EXPRESS_14,IMO3341057,Tanker
sentinel_22,490612805,2026-09-03 23:14:03+00:00,2026-09-04 00:04:48+00:00,17,SY ARABIAN KNIGHT_48,IMO4773549,Tanker
sentinel_22,499317479,2026-09-03 23:00:00+00:00,2026-09-03 23:16:12+00:00,7,MV COASTAL PEARL_63,IMO4547081,Cargo
sentinel_22,569749767,2026-09-03 23:01:24+00:00,2026-09-03 23:33:21+00:00,11,MT MALABAR QUEEN_99,IMO7679508,Container Ship
sentinel_22,663550988,2026-09-04 03:56:55+00:00,2026-09-04 10:56:21+00:00,144,FV MUMBAI EXPRESS_65,IMO7614724,Fishing
sentinel_22,697169479,2026-09-03 23:45:24+00:00,2026-09-04 03:16:00+00:00,71,MT MUMBAI EXPRESS_41,IMO1966769,Fishing
sentinel_22,730915077,2026-09-03 23:04:52+00:00,2026-09-04 00:31:51+00:00,31,SY KONKAN TRADER_11,IMO2293159,Cargo
sentinel_22,790077090,2026-09-04 00:34:53+00:00,2026-09-04 02:59:19+00:00,45,SY COASTAL PEARL_51,IMO8387790,Tanker
sentinel_220,209053121,2026-09-03 23:00:00+00:00,2026-09-03 23:23:32+00:00,9,FV WESTERN STAR_38,IMO3093190,Passenger
sentinel_220,218087708,2026-09-03 23:00:00+00:00,2026-09-04 00:04:45+00:00,24,MT ARABIAN KNIGHT_62,IMO8890587,Tanker
sentinel_220,250916077,2026-09-03 23:28:15+00:00,2026-09-04 00:11:19+00:00,15,MT MUMBAI EXPRESS_67,IMO5553736,Passenger
sentinel_220,274992570,2026-09-04 01:17:37+00:00,2026-09-04 04:41:41+00:00,67,FV MUMBAI EXPRESS_19,IMO1115482,Fishing
sentinel_220,285514406,2026-09-03 23:00:00+00:00,2026-09-03 23:17:58+00:00,6,MT SEA HORIZON_25,IMO1258768,Passenger
sentinel_220,368688902,2026-09-04 00:02:47+00:00,2026-09-04 01:21:19+00:00,26,MT MUMBAI EXPRESS_99,IMO1898516,Cargo
sentinel_220,439670711,2026-09-04 02:21:55+00:00,2026-09-04 04:59:35+00:00,51,MV MUMBAI EXPRESS_14,IMO3341057,Tanker
sentinel_220,490612805,2026-09-03 23:14:03+00:00,2026-09-04 00:04:48+00:00,17,SY ARABIAN KNIGHT_48,IMO4773549,Tanker
sentinel_220,499317479,2026-09-03 23:00:00+00:00,2026-09-03 23:17:25+00:00,8,MV COASTAL PEARL_63,IMO4547081,Cargo
sentinel_220,569749767,2026-09-03 23:01:24+00:00,2026-09-03 23:33:21+00:00,11,MT MALABAR QUEEN_99,IMO7679508,Container Ship
sentinel_220,663550988,2026-09-04 03:56:55+00:00,2026-09-04 10:56:21+00:00,144,FV MUMBAI EXPRESS_65,IMO7614724,Fishing
sentinel_220,697169479,2026-09-03 23:45:24+00:00,2026-09-04 03:16:00+00:00,71,MT MUMBAI EXPRESS_41,IMO1966769,Fishing
sentinel_220,730915077,2026-09-03 23:04:52+00:00,2026-09-04 00:31:51+00:00,31,SY KONKAN TRADER_11,IMO2293159,Cargo
sentinel_220,790077090,2026-09-04 00:34:53+00:00,2026-09-04 02:59:19+00:00,45,SY COASTAL PEARL_51,IMO8387790,Tanker
sentinel_226,209053121,2026-09-03 23:00:00+00:00,2026-09-03 23:28:15+00:00,11,FV WESTERN STAR_38,IMO3093190,Passenger
sentinel_226,218087708,2026-09-03 23:00:00+00:00,2026-09-04 00:04:45+00:00,24,MT ARABIAN KNIGHT_62,IMO8890587,Tanker
sentinel_226,250916077,2026-09-03 23:32:37+00:00,2026-09-04 00:20:15+00:00,17,MT MUMBAI EXPRESS_67,IMO5553736,Passenger
sentinel_226,274992570,2026-09-04 01:24:36+00:00,2026-09-04 04:44:33+00:00,66,FV MUMBAI EXPRESS_19,IMO1115482,Fishing
sentinel_226,285514406,2026-09-03 23:00:00+00:00,2026-09-03 23:13:08+00:00,5,MT SEA HORIZON_25,IMO1258768,Passenger
sentinel_226,368688902,2026-09-03 23:49:59+00:00,2026-09-04 01:18:48+00:00,30,MT MUMBAI EXPRESS_99,IMO1898516,Cargo
sentinel_226,439670711,2026-09-04 02:10:06+00:00,2026-09-04 04:57:01+00:00,54,MV MUMBAI EXPRESS_14,IMO3341057,Tanker
sentinel_226,490612805,2026-09-03 23:09:11+00:00,2026-09-03 23:58:38+00:00,16,SY ARABIAN KNIGHT_48,IMO4773549,Tanker
sentinel_226,499317479,2026-09-03 23:00:00+00:00,2026-09-03 23:20:11+00:00,9,MV COASTAL PEARL_63,IMO4547081,Cargo
sentinel_226,569749767,2026-09-03 23:00:00+00:00,2026-09-03 23:34:25+00:00,13,MT MALABAR QUEEN_99,IMO7679508,Container Ship
sentinel_226,663550988,2026-09-04 03:36:20+00:00,2026-09-04 10:56:21+00:00,151,FV MUMBAI EXPRESS_65,IMO7614724,Fishing
sentinel_226,697169479,2026-09-03 23:34:28+00:00,2026-09-04 03:17:49+00:00,76,MT MUMBAI EXPRESS_41,IMO1966769,Fishing
sentinel_226,730915077,2026-09-03 23:02:27+00:00,2026-09-04 00:31:51+00:00,32,SY KONKAN TRADER_11,IMO2293159,Cargo
sentinel_226,790077090,2026-09-04 00:33:27+00:00,2026-09-04 03:12:35+00:00,51,SY COASTAL PEARL_51,IMO8387790,Tanker
sentinel_234,209053121,2026-09-03 23:00:00+00:00,2026-09-03 23:23:32+00:00,9,FV WESTERN STAR_38,IMO3093190,Passenger
sentinel_234,218087708,2026-09-03 23:00:00+00:00,2026-09-04 00:04:45+00:00,24,MT ARABIAN KNIGHT_62,IMO8890587,Tanker
sentinel_234,250916077,2026-09-03 23:28:15+00:00,2026-09-04 00:11:19+00:00,15,MT MUMBAI EXPRESS_67,IMO5553736,Passenger
sentinel_234,274992570,2026-09-04 01:17:37+00:00,2026-09-04 04:41:41+00:00,67,FV MUMBAI EXPRESS_19,IMO1115482,Fishing
sentinel_234,285514406,2026-09-03 23:00:00+00:00,2026-09-03 23:17:58+00:00,6,MT SEA HORIZON_25,IMO1258768,Passenger
sentinel_234,368688902,2026-09-04 00:02:47+00:00,2026-09-04 01:21:19+00:00,26,MT MUMBAI EXPRESS_99,IMO1898516,Cargo
sentinel_234,439670711,2026-09-04 02:21:55+00:00,2026-09-04 04:59:35+00:00,51,MV MUMBAI EXPRESS_14,IMO3341057,Tanker
sentinel_234,490612805,2026-09-03 23:14:03+00:00,2026-09-04 00:04:48+00:00,17,SY ARABIAN KNIGHT_48,IMO4773549,Tanker
sentinel_234,499317479,2026-09-03 23:00:00+00:00,2026-09-03 23:16:12+00:00,7,MV COASTAL PEARL_63,IMO4547081,Cargo
sentinel_234,569749767,2026-09-03 23:01:24+00:00,2026-09-03 23:33:21+00:00,11,MT MALABAR QUEEN_99,IMO7679508,Container Ship
sentinel_234,663550988,2026-09-04 03:56:55+00:00,2026-09-04 10:56:21+00:00,144,FV MUMBAI EXPRESS_65,IMO7614724,Fishing
sentinel_234,697169479,2026-09-03 23:45:24+00:00,2026-09-04 03:16:00+00:00,71,MT MUMBAI EXPRESS_41,IMO1966769,Fishing
sentinel_234,730915077,2026-09-03 23:04:52+00:00,2026-09-04 00:31:51+00:00,31,SY KONKAN TRADER_11,IMO2293159,Cargo
sentinel_234,790077090,2026-09-04 00:34:53+00:00,2026-09-04 02:59:19+00:00,45,SY COASTAL PEARL_51,IMO8387790,Tanker
sentinel_235,209053121,2026-09-03 23:00:00+00:00,2026-09-03 23:23:32+00:00,9,FV WESTERN STAR_38,IMO3093190,Passenger
sentinel_235,218087708,2026-09-03 23:00:00+00:00,2026-09-04 00:04:45+00:00,24,MT ARABIAN KNIGHT_62,IMO8890587,Tanker
sentinel_235,250916077,2026-09-03 23:28:15+00:00,2026-09-04 00:11:19+00:00,15,MT MUMBAI EXPRESS_67,IMO5553736,Passenger
sentinel_235,274992570,2026-09-04 01:17:37+00:00,2026-09-04 04:41:41+00:00,67,FV MUMBAI EXPRESS_19,IMO1115482,Fishing
sentinel_235,285514406,2026-09-03 23:00:00+00:00,2026-09-03 23:17:58+00:00,6,MT SEA HORIZON_25,IMO1258768,Passenger
sentinel_235,368688902,2026-09-04 00:02:47+00:00,2026-09-04 01:21:19+00:00,26,MT MUMBAI EXPRESS_99,IMO1898516,Cargo
sentinel_235,439670711,2026-09-04 02:21:55+00:00,2026-09-04 04:59:35+00:00,51,MV MUMBAI EXPRESS_14,IMO3341057,Tanker
sentinel_235,490612805,2026-09-03 23:14:03+00:00,2026-09-04 00:04:48+00:00,17,SY ARABIAN KNIGHT_48,IMO4773549,Tanker
sentinel_235,499317479,2026-09-03 23:00:00+00:00,2026-09-03 23:16:12+00:00,7,MV COASTAL PEARL_63,IMO4547081,Cargo
sentinel_235,569749767,2026-09-03 23:01:24+00:00,2026-09-03 23:33:21+00:00,11,MT MALABAR QUEEN_99,IMO7679508,Container Ship
sentinel_235,663550988,2026-09-04 03:56:55+00:00,2026-09-04 10:56:21+00:00,144,FV MUMBAI EXPRESS_65,IMO7614724,Fishing
sentinel_235,697169479,2026-09-03 23:45:24+00:00,2026-09-04 03:16:00+00:00,71,MT MUMBAI EXPRESS_41,IMO1966769,Fishing
sentinel_235,730915077,2026-09-03 23:04:52+00:00,2026-09-04 00:31:51+00:00,31,SY KONKAN TRADER_11,IMO2293159,Cargo
sentinel_235,790077090,2026-09-04 00:34:53+00:00,2026-09-04 02:59:19+00:00,45,SY COASTAL PEARL_51,IMO8387790,Tanker
sentinel_24,209053121,2026-09-03 23:00:00+00:00,2026-09-03 23:23:32+00:00,9,FV WESTERN STAR_38,IMO3093190,Passenger
sentinel_24,218087708,2026-09-03 23:00:00+00:00,2026-09-04 00:04:45+00:00,24,MT ARABIAN KNIGHT_62,IMO8890587,Tanker
sentinel_24,250916077,2026-09-03 23:28:15+00:00,2026-09-04 00:11:19+00:00,15,MT MUMBAI EXPRESS_67,IMO5553736,Passenger
sentinel_24,274992570,2026-09-04 01:17:37+00:00,2026-09-04 04:41:41+00:00,67,FV MUMBAI EXPRESS_19,IMO1115482,Fishing
sentinel_24,285514406,2026-09-03 23:00:00+00:00,2026-09-03 23:17:58+00:00,6,MT SEA HORIZON_25,IMO1258768,Passenger
sentinel_24,368688902,2026-09-04 00:02:47+00:00,2026-09-04 01:21:19+00:00,26,MT MUMBAI EXPRESS_99,IMO1898516,Cargo
sentinel_24,439670711,2026-09-04 02:21:55+00:00,2026-09-04 04:59:35+00:00,51,MV MUMBAI EXPRESS_14,IMO3341057,Tanker
sentinel_24,490612805,2026-09-03 23:14:03+00:00,2026-09-04 00:04:48+00:00,17,SY ARABIAN KNIGHT_48,IMO4773549,Tanker
sentinel_24,499317479,2026-09-03 23:00:00+00:00,2026-09-03 23:17:25+00:00,8,MV COASTAL PEARL_63,IMO4547081,Cargo
sentinel_24,569749767,2026-09-03 23:01:24+00:00,2026-09-03 23:33:21+00:00,11,MT MALABAR QUEEN_99,IMO7679508,Container Ship
sentinel_24,663550988,2026-09-04 03:56:55+00:00,2026-09-04 10:56:21+00:00,144,FV MUMBAI EXPRESS_65,IMO7614724,Fishing
sentinel_24,697169479,2026-09-03 23:45:24+00:00,2026-09-04 03:16:00+00:00,71,MT MUMBAI EXPRESS_41,IMO1966769,Fishing
sentinel_24,730915077,2026-09-03 23:04:52+00:00,2026-09-04 00:31:51+00:00,31,SY KONKAN TRADER_11,IMO2293159,Cargo
sentinel_24,790077090,2026-09-04 00:34:53+00:00,2026-09-04 02:59:19+00:00,45,SY COASTAL PEARL_51,IMO8387790,Tanker
sentinel_247,209053121,2026-09-03 23:00:00+00:00,2026-09-03 23:23:32+00:00,9,FV WESTERN STAR_38,IMO3093190,Passenger
sentinel_247,218087708,2026-09-03 23:00:00+00:00,2026-09-04 00:04:45+00:00,24,MT ARABIAN KNIGHT_62,IMO8890587,Tanker
sentinel_247,250916077,2026-09-03 23:28:15+00:00,2026-09-04 00:11:19+00:00,15,MT MUMBAI EXPRESS_67,IMO5553736,Passenger
sentinel_247,274992570,2026-09-04 01:17:37+00:00,2026-09-04 04:41:41+00:00,67,FV MUMBAI EXPRESS_19,IMO1115482,Fishing
sentinel_247,285514406,2026-09-03 23:00:00+00:00,2026-09-03 23:17:58+00:00,6,MT SEA HORIZON_25,IMO1258768,Passenger
sentinel_247,368688902,2026-09-04 00:02:47+00:00,2026-09-04 01:21:19+00:00,26,MT MUMBAI EXPRESS_99,IMO1898516,Cargo
sentinel_247,439670711,2026-09-04 02:21:55+00:00,2026-09-04 04:59:35+00:00,51,MV MUMBAI EXPRESS_14,IMO3341057,Tanker
sentinel_247,490612805,2026-09-03 23:14:03+00:00,2026-09-04 00:04:48+00:00,17,SY ARABIAN KNIGHT_48,IMO4773549,Tanker
sentinel_247,499317479,2026-09-03 23:00:00+00:00,2026-09-03 23:16:12+00:00,7,MV COASTAL PEARL_63,IMO4547081,Cargo
sentinel_247,569749767,2026-09-03 23:01:24+00:00,2026-09-03 23:33:21+00:00,11,MT MALABAR QUEEN_99,IMO7679508,Container Ship
sentinel_247,663550988,2026-09-04 03:56:55+00:00,2026-09-04 10:56:21+00:00,144,FV MUMBAI EXPRESS_65,IMO7614724,Fishing
sentinel_247,697169479,2026-09-03 23:45:24+00:00,2026-09-04 03:16:00+00:00,71,MT MUMBAI EXPRESS_41,IMO1966769,Fishing
sentinel_247,730915077,2026-09-03 23:04:52+00:00,2026-09-04 00:31:51+00:00,31,SY KONKAN TRADER_11,IMO2293159,Cargo
sentinel_247,790077090,2026-09-04 00:34:53+00:00,2026-09-04 02:59:19+00:00,45,SY COASTAL PEARL_51,IMO8387790,Tanker
sentinel_249,209053121,2026-09-03 23:00:00+00:00,2026-09-03 23:23:32+00:00,9,FV WESTERN STAR_38,IMO3093190,Passenger
sentinel_249,218087708,2026-09-03 23:00:00+00:00,2026-09-04 00:04:45+00:00,24,MT ARABIAN KNIGHT_62,IMO8890587,Tanker
sentinel_249,250916077,2026-09-03 23:28:15+00:00,2026-09-04 00:11:19+00:00,15,MT MUMBAI EXPRESS_67,IMO5553736,Passenger
sentinel_249,274992570,2026-09-04 01:17:37+00:00,2026-09-04 04:41:41+00:00,67,FV MUMBAI EXPRESS_19,IMO1115482,Fishing
sentinel_249,285514406,2026-09-03 23:00:00+00:00,2026-09-03 23:17:58+00:00,6,MT SEA HORIZON_25,IMO1258768,Passenger
sentinel_249,368688902,2026-09-04 00:02:47+00:00,2026-09-04 01:21:19+00:00,26,MT MUMBAI EXPRESS_99,IMO1898516,Cargo
sentinel_249,439670711,2026-09-04 02:21:55+00:00,2026-09-04 04:59:35+00:00,51,MV MUMBAI EXPRESS_14,IMO3341057,Tanker
sentinel_249,490612805,2026-09-03 23:14:03+00:00,2026-09-04 00:04:48+00:00,17,SY ARABIAN KNIGHT_48,IMO4773549,Tanker
sentinel_249,499317479,2026-09-03 23:00:00+00:00,2026-09-03 23:16:12+00:00,7,MV COASTAL PEARL_63,IMO4547081,Cargo
sentinel_249,569749767,2026-09-03 23:01:24+00:00,2026-09-03 23:33:21+00:00,11,MT MALABAR QUEEN_99,IMO7679508,Container Ship
sentinel_249,663550988,2026-09-04 03:56:55+00:00,2026-09-04 10:56:21+00:00,144,FV MUMBAI EXPRESS_65,IMO7614724,Fishing
sentinel_249,697169479,2026-09-03 23:45:24+00:00,2026-09-04 03:16:00+00:00,71,MT MUMBAI EXPRESS_41,IMO1966769,Fishing
sentinel_249,730915077,2026-09-03 23:04:52+00:00,2026-09-04 00:31:51+00:00,31,SY KONKAN TRADER_11,IMO2293159,Cargo
sentinel_249,790077090,2026-09-04 00:34:53+00:00,2026-09-04 02:59:19+00:00,45,SY COASTAL PEARL_51,IMO8387790,Tanker
sentinel_261,209053121,2026-09-03 23:00:00+00:00,2026-09-03 23:23:32+00:00,9,FV WESTERN STAR_38,IMO3093190,Passenger
sentinel_261,218087708,2026-09-03 23:00:00+00:00,2026-09-04 00:04:45+00:00,24,MT ARABIAN KNIGHT_62,IMO8890587,Tanker
sentinel_261,250916077,2026-09-03 23:28:15+00:00,2026-09-04 00:11:19+00:00,15,MT MUMBAI EXPRESS_67,IMO5553736,Passenger
sentinel_261,274992570,2026-09-04 01:17:37+00:00,2026-09-04 04:41:41+00:00,67,FV MUMBAI EXPRESS_19,IMO1115482,Fishing
sentinel_261,285514406,2026-09-03 23:00:00+00:00,2026-09-03 23:17:58+00:00,6,MT SEA HORIZON_25,IMO1258768,Passenger
sentinel_261,368688902,2026-09-04 00:02:47+00:00,2026-09-04 01:21:19+00:00,26,MT MUMBAI EXPRESS_99,IMO1898516,Cargo
sentinel_261,439670711,2026-09-04 02:21:55+00:00,2026-09-04 04:59:35+00:00,51,MV MUMBAI EXPRESS_14,IMO3341057,Tanker
sentinel_261,490612805,2026-09-03 23:14:03+00:00,2026-09-04 00:04:48+00:00,17,SY ARABIAN KNIGHT_48,IMO4773549,Tanker
sentinel_261,499317479,2026-09-03 23:00:00+00:00,2026-09-03 23:17:25+00:00,8,MV COASTAL PEARL_63,IMO4547081,Cargo
sentinel_261,569749767,2026-09-03 23:01:24+00:00,2026-09-03 23:33:21+00:00,11,MT MALABAR QUEEN_99,IMO7679508,Container Ship
sentinel_261,663550988,2026-09-04 03:56:55+00:00,2026-09-04 10:56:21+00:00,144,FV MUMBAI EXPRESS_65,IMO7614724,Fishing
sentinel_261,697169479,2026-09-03 23:45:24+00:00,2026-09-04 03:16:00+00:00,71,MT MUMBAI EXPRESS_41,IMO1966769,Fishing
sentinel_261,730915077,2026-09-03 23:04:52+00:00,2026-09-04 00:31:51+00:00,31,SY KONKAN TRADER_11,IMO2293159,Cargo
sentinel_261,790077090,2026-09-04 00:34:53+00:00,2026-09-04 02:59:19+00:00,45,SY COASTAL PEARL_51,IMO8387790,Tanker
sentinel_275,209053121,2026-09-03 23:00:00+00:00,2026-09-03 23:23:32+00:00,9,FV WESTERN STAR_38,IMO3093190,Passenger
sentinel_275,218087708,2026-09-03 23:00:00+00:00,2026-09-04 00:04:45+00:00,24,MT ARABIAN KNIGHT_62,IMO8890587,Tanker
sentinel_275,250916077,2026-09-03 23:28:15+00:00,2026-09-04 00:11:19+00:00,15,MT MUMBAI EXPRESS_67,IMO5553736,Passenger
sentinel_275,274992570,2026-09-04 01:17:37+00:00,2026-09-04 04:41:41+00:00,67,FV MUMBAI EXPRESS_19,IMO1115482,Fishing
sentinel_275,285514406,2026-09-03 23:00:00+00:00,2026-09-03 23:17:58+00:00,6,MT SEA HORIZON_25,IMO1258768,Passenger
sentinel_275,368688902,2026-09-04 00:02:47+00:00,2026-09-04 01:21:19+00:00,26,MT MUMBAI EXPRESS_99,IMO1898516,Cargo
sentinel_275,439670711,2026-09-04 02:21:55+00:00,2026-09-04 04:59:35+00:00,51,MV MUMBAI EXPRESS_14,IMO3341057,Tanker
sentinel_275,490612805,2026-09-03 23:14:03+00:00,2026-09-04 00:04:48+00:00,17,SY ARABIAN KNIGHT_48,IMO4773549,Tanker
sentinel_275,499317479,2026-09-03 23:00:00+00:00,2026-09-03 23:16:12+00:00,7,MV COASTAL PEARL_63,IMO4547081,Cargo
sentinel_275,569749767,2026-09-03 23:01:24+00:00,2026-09-03 23:33:21+00:00,11,MT MALABAR QUEEN_99,IMO7679508,Container Ship
sentinel_275,663550988,2026-09-04 03:56:55+00:00,2026-09-04 10:56:21+00:00,144,FV MUMBAI EXPRESS_65,IMO7614724,Fishing
sentinel_275,697169479,2026-09-03 23:45:24+00:00,2026-09-04 03:16:00+00:00,71,MT MUMBAI EXPRESS_41,IMO1966769,Fishing
sentinel_275,730915077,2026-09-03 23:04:52+00:00,2026-09-04 00:31:51+00:00,31,SY KONKAN TRADER_11,IMO2293159,Cargo
sentinel_275,790077090,2026-09-04 00:34:53+00:00,2026-09-04 02:59:19+00:00,45,SY COASTAL PEARL_51,IMO8387790,Tanker
sentinel_289,209053121,2026-09-03 23:00:00+00:00,2026-09-03 23:23:32+00:00,9,FV WESTERN STAR_38,IMO3093190,Passenger
sentinel_289,218087708,2026-09-03 23:00:00+00:00,2026-09-04 00:04:45+00:00,24,MT ARABIAN KNIGHT_62,IMO8890587,Tanker
sentinel_289,250916077,2026-09-03 23:28:15+00:00,2026-09-04 00:11:19+00:00,15,MT MUMBAI EXPRESS_67,IMO5553736,Passenger
sentinel_289,274992570,2026-09-04 01:17:37+00:00,2026-09-04 04:41:41+00:00,67,FV MUMBAI EXPRESS_19,IMO1115482,Fishing
sentinel_289,285514406,2026-09-03 23:00:00+00:00,2026-09-03 23:17:58+00:00,6,MT SEA HORIZON_25,IMO1258768,Passenger
sentinel_289,368688902,2026-09-04 00:02:47+00:00,2026-09-04 01:21:19+00:00,26,MT MUMBAI EXPRESS_99,IMO1898516,Cargo
sentinel_289,439670711,2026-09-04 02:21:55+00:00,2026-09-04 04:59:35+00:00,51,MV MUMBAI EXPRESS_14,IMO3341057,Tanker
sentinel_289,490612805,2026-09-03 23:14:03+00:00,2026-09-04 00:04:48+00:00,17,SY ARABIAN KNIGHT_48,IMO4773549,Tanker
sentinel_289,499317479,2026-09-03 23:00:00+00:00,2026-09-03 23:16:12+00:00,7,MV COASTAL PEARL_63,IMO4547081,Cargo
sentinel_289,569749767,2026-09-03 23:01:24+00:00,2026-09-03 23:33:21+00:00,11,MT MALABAR QUEEN_99,IMO7679508,Container Ship
sentinel_289,663550988,2026-09-04 03:56:55+00:00,2026-09-04 10:56:21+00:00,144,FV MUMBAI EXPRESS_65,IMO7614724,Fishing
sentinel_289,697169479,2026-09-03 23:45:24+00:00,2026-09-04 03:16:00+00:00,71,MT MUMBAI EXPRESS_41,IMO1966769,Fishing
sentinel_289,730915077,2026-09-03 23:04:52+00:00,2026-09-04 00:31:51+00:00,31,SY KONKAN TRADER_11,IMO2293159,Cargo
sentinel_289,790077090,2026-09-04 00:34:53+00:00,2026-09-04 02:59:19+00:00,45,SY COASTAL PEARL_51,IMO8387790,Tanker
sentinel_291,209053121,2026-09-03 23:00:00+00:00,2026-09-03 23:23:32+00:00,9,FV WESTERN STAR_38,IMO3093190,Passenger
sentinel_291,218087708,2026-09-03 23:00:00+00:00,2026-09-04 00:04:45+00:00,24,MT ARABIAN KNIGHT_62,IMO8890587,Tanker
sentinel_291,250916077,2026-09-03 23:28:15+00:00,2026-09-04 00:11:19+00:00,15,MT MUMBAI EXPRESS_67,IMO5553736,Passenger
sentinel_291,274992570,2026-09-04 01:17:37+00:00,2026-09-04 04:41:41+00:00,67,FV MUMBAI EXPRESS_19,IMO1115482,Fishing
sentinel_291,285514406,2026-09-03 23:00:00+00:00,2026-09-03 23:17:58+00:00,6,MT SEA HORIZON_25,IMO1258768,Passenger
sentinel_291,368688902,2026-09-04 00:02:47+00:00,2026-09-04 01:21:19+00:00,26,MT MUMBAI EXPRESS_99,IMO1898516,Cargo
sentinel_291,439670711,2026-09-04 02:21:55+00:00,2026-09-04 04:59:35+00:00,51,MV MUMBAI EXPRESS_14,IMO3341057,Tanker
sentinel_291,490612805,2026-09-03 23:14:03+00:00,2026-09-04 00:04:48+00:00,17,SY ARABIAN KNIGHT_48,IMO4773549,Tanker
sentinel_291,499317479,2026-09-03 23:00:00+00:00,2026-09-03 23:16:12+00:00,7,MV COASTAL PEARL_63,IMO4547081,Cargo
sentinel_291,569749767,2026-09-03 23:01:24+00:00,2026-09-03 23:33:21+00:00,11,MT MALABAR QUEEN_99,IMO7679508,Container Ship
sentinel_291,663550988,2026-09-04 03:56:55+00:00,2026-09-04 10:56:21+00:00,144,FV MUMBAI EXPRESS_65,IMO7614724,Fishing
sentinel_291,697169479,2026-09-03 23:45:24+00:00,2026-09-04 03:16:00+00:00,71,MT MUMBAI EXPRESS_41,IMO1966769,Fishing
sentinel_291,730915077,2026-09-03 23:04:52+00:00,2026-09-04 00:31:51+00:00,31,SY KONKAN TRADER_11,IMO2293159,Cargo
sentinel_291,790077090,2026-09-04 00:34:53+00:00,2026-09-04 02:59:19+00:00,45,SY COASTAL PEARL_51,IMO8387790,Tanker
sentinel_295,209053121,2026-09-03 23:00:00+00:00,2026-09-03 23:23:32+00:00,9,FV WESTERN STAR_38,IMO3093190,Passenger
sentinel_295,218087708,2026-09-03 23:00:00+00:00,2026-09-04 00:04:45+00:00,24,MT ARABIAN KNIGHT_62,IMO8890587,Tanker
sentinel_295,250916077,2026-09-03 23:28:15+00:00,2026-09-04 00:11:19+00:00,15,MT MUMBAI EXPRESS_67,IMO5553736,Passenger
sentinel_295,274992570,2026-09-04 01:17:37+00:00,2026-09-04 04:41:41+00:00,67,FV MUMBAI EXPRESS_19,IMO1115482,Fishing
sentinel_295,285514406,2026-09-03 23:00:00+00:00,2026-09-03 23:17:58+00:00,6,MT SEA HORIZON_25,IMO1258768,Passenger
sentinel_295,368688902,2026-09-04 00:02:47+00:00,2026-09-04 01:21:19+00:00,26,MT MUMBAI EXPRESS_99,IMO1898516,Cargo
sentinel_295,439670711,2026-09-04 02:21:55+00:00,2026-09-04 04:59:35+00:00,51,MV MUMBAI EXPRESS_14,IMO3341057,Tanker
sentinel_295,490612805,2026-09-03 23:14:03+00:00,2026-09-04 00:04:48+00:00,17,SY ARABIAN KNIGHT_48,IMO4773549,Tanker
sentinel_295,499317479,2026-09-03 23:00:00+00:00,2026-09-03 23:16:12+00:00,7,MV COASTAL PEARL_63,IMO4547081,Cargo
sentinel_295,569749767,2026-09-03 23:01:24+00:00,2026-09-03 23:33:21+00:00,11,MT MALABAR QUEEN_99,IMO7679508,Container Ship
sentinel_295,663550988,2026-09-04 03:56:55+00:00,2026-09-04 10:56:21+00:00,144,FV MUMBAI EXPRESS_65,IMO7614724,Fishing
sentinel_295,697169479,2026-09-03 23:45:24+00:00,2026-09-04 03:16:00+00:00,71,MT MUMBAI EXPRESS_41,IMO1966769,Fishing
sentinel_295,730915077,2026-09-03 23:04:52+00:00,2026-09-04 00:31:51+00:00,31,SY KONKAN TRADER_11,IMO2293159,Cargo
sentinel_295,790077090,2026-09-04 00:34:53+00:00,2026-09-04 02:59:19+00:00,45,SY COASTAL PEARL_51,IMO8387790,Tanker
sentinel_296,209053121,2026-09-03 23:00:00+00:00,2026-09-03 23:23:32+00:00,9,FV WESTERN STAR_38,IMO3093190,Passenger
sentinel_296,218087708,2026-09-03 23:00:00+00:00,2026-09-04 00:04:45+00:00,24,MT ARABIAN KNIGHT_62,IMO8890587,Tanker
sentinel_296,250916077,2026-09-03 23:28:15+00:00,2026-09-04 00:11:19+00:00,15,MT MUMBAI EXPRESS_67,IMO5553736,Passenger
sentinel_296,274992570,2026-09-04 01:17:37+00:00,2026-09-04 04:41:41+00:00,67,FV MUMBAI EXPRESS_19,IMO1115482,Fishing
sentinel_296,285514406,2026-09-03 23:00:00+00:00,2026-09-03 23:17:58+00:00,6,MT SEA HORIZON_25,IMO1258768,Passenger
sentinel_296,368688902,2026-09-04 00:02:47+00:00,2026-09-04 01:21:19+00:00,26,MT MUMBAI EXPRESS_99,IMO1898516,Cargo
sentinel_296,439670711,2026-09-04 02:21:55+00:00,2026-09-04 04:59:35+00:00,51,MV MUMBAI EXPRESS_14,IMO3341057,Tanker
sentinel_296,490612805,2026-09-03 23:14:03+00:00,2026-09-04 00:04:48+00:00,17,SY ARABIAN KNIGHT_48,IMO4773549,Tanker
sentinel_296,499317479,2026-09-03 23:00:00+00:00,2026-09-03 23:16:12+00:00,7,MV COASTAL PEARL_63,IMO4547081,Cargo
sentinel_296,569749767,2026-09-03 23:01:24+00:00,2026-09-03 23:33:21+00:00,11,MT MALABAR QUEEN_99,IMO7679508,Container Ship
sentinel_296,663550988,2026-09-04 03:56:55+00:00,2026-09-04 10:56:21+00:00,144,FV MUMBAI EXPRESS_65,IMO7614724,Fishing
sentinel_296,697169479,2026-09-03 23:45:24+00:00,2026-09-04 03:16:00+00:00,71,MT MUMBAI EXPRESS_41,IMO1966769,Fishing
sentinel_296,730915077,2026-09-03 23:04:52+00:00,2026-09-04 00:31:51+00:00,31,SY KONKAN TRADER_11,IMO2293159,Cargo
sentinel_296,790077090,2026-09-04 00:34:53+00:00,2026-09-04 02:59:19+00:00,45,SY COASTAL PEARL_51,IMO8387790,Tanker
sentinel_299,209053121,2026-09-03 23:00:00+00:00,2026-09-03 23:23:32+00:00,9,FV WESTERN STAR_38,IMO3093190,Passenger
sentinel_299,218087708,2026-09-03 23:00:00+00:00,2026-09-04 00:04:45+00:00,24,MT ARABIAN KNIGHT_62,IMO8890587,Tanker
sentinel_299,250916077,2026-09-03 23:28:15+00:00,2026-09-04 00:11:19+00:00,15,MT MUMBAI EXPRESS_67,IMO5553736,Passenger
sentinel_299,274992570,2026-09-04 01:17:37+00:00,2026-09-04 04:41:41+00:00,67,FV MUMBAI EXPRESS_19,IMO1115482,Fishing
sentinel_299,285514406,2026-09-03 23:00:00+00:00,2026-09-03 23:17:58+00:00,6,MT SEA HORIZON_25,IMO1258768,Passenger
sentinel_299,368688902,2026-09-04 00:02:47+00:00,2026-09-04 01:21:19+00:00,26,MT MUMBAI EXPRESS_99,IMO1898516,Cargo
sentinel_299,439670711,2026-09-04 02:21:55+00:00,2026-09-04 04:59:35+00:00,51,MV MUMBAI EXPRESS_14,IMO3341057,Tanker
sentinel_299,490612805,2026-09-03 23:14:03+00:00,2026-09-04 00:04:48+00:00,17,SY ARABIAN KNIGHT_48,IMO4773549,Tanker
sentinel_299,499317479,2026-09-03 23:00:00+00:00,2026-09-03 23:16:12+00:00,7,MV COASTAL PEARL_63,IMO4547081,Cargo
sentinel_299,569749767,2026-09-03 23:01:24+00:00,2026-09-03 23:33:21+00:00,11,MT MALABAR QUEEN_99,IMO7679508,Container Ship
sentinel_299,663550988,2026-09-04 03:56:55+00:00,2026-09-04 10:56:21+00:00,144,FV MUMBAI EXPRESS_65,IMO7614724,Fishing
sentinel_299,697169479,2026-09-03 23:45:24+00:00,2026-09-04 03:16:00+00:00,71,MT MUMBAI EXPRESS_41,IMO1966769,Fishing
sentinel_299,730915077,2026-09-03 23:04:52+00:00,2026-09-04 00:31:51+00:00,31,SY KONKAN TRADER_11,IMO2293159,Cargo
sentinel_299,790077090,2026-09-04 00:34:53+00:00,2026-09-04 02:59:19+00:00,45,SY COASTAL PEARL_51,IMO8387790,Tanker
sentinel_306,209053121,2026-09-03 23:00:00+00:00,2026-09-03 23:27:15+00:00,10,FV WESTERN STAR_38,IMO3093190,Passenger
sentinel_306,218087708,2026-09-03 23:00:00+00:00,2026-09-04 00:04:45+00:00,24,MT ARABIAN KNIGHT_62,IMO8890587,Tanker
sentinel_306,250916077,2026-09-03 23:32:37+00:00,2026-09-04 00:18:19+00:00,16,MT MUMBAI EXPRESS_67,IMO5553736,Passenger
sentinel_306,274992570,2026-09-04 01:20:41+00:00,2026-09-04 04:44:33+00:00,67,FV MUMBAI EXPRESS_19,IMO1115482,Fishing
sentinel_306,285514406,2026-09-03 23:00:00+00:00,2026-09-03 23:13:08+00:00,5,MT SEA HORIZON_25,IMO1258768,Passenger
sentinel_306,368688902,2026-09-03 23:54:19+00:00,2026-09-04 01:21:19+00:00,30,MT MUMBAI EXPRESS_99,IMO1898516,Cargo
sentinel_306,439670711,2026-09-04 02:13:46+00:00,2026-09-04 04:57:01+00:00,52,MV MUMBAI EXPRESS_14,IMO3341057,Tanker
sentinel_306,490612805,2026-09-03 23:14:03+00:00,2026-09-04 00:02:19+00:00,16,SY ARABIAN KNIGHT_48,IMO4773549,Tanker
sentinel_306,499317479,2026-09-03 23:00:00+00:00,2026-09-03 23:20:11+00:00,9,MV COASTAL PEARL_63,IMO4547081,Cargo
sentinel_306,569749767,2026-09-03 23:00:00+00:00,2026-09-03 23:34:25+00:00,13,MT MALABAR QUEEN_99,IMO7679508,Container Ship
sentinel_306,663550988,2026-09-04 03:44:33+00:00,2026-09-04 10:56:21+00:00,148,FV MUMBAI EXPRESS_65,IMO7614724,Fishing
sentinel_306,697169479,2026-09-03 23:36:31+00:00,2026-09-04 03:16:00+00:00,74,MT MUMBAI EXPRESS_41,IMO1966769,Fishing
sentinel_306,730915077,2026-09-03 23:00:00+00:00,2026-09-04 00:31:51+00:00,33,SY KONKAN TRADER_11,IMO2293159,Cargo
sentinel_306,790077090,2026-09-04 00:34:53+00:00,2026-09-04 03:10:51+00:00,49,SY COASTAL PEARL_51,IMO8387790,Tanker
sentinel_32,209053121,2026-09-03 23:00:00+00:00,2026-09-03 23:23:32+00:00,9,FV WESTERN STAR_38,IMO3093190,Passenger
sentinel_32,218087708,2026-09-03 23:00:00+00:00,2026-09-04 00:04:45+00:00,24,MT ARABIAN KNIGHT_62,IMO8890587,Tanker
sentinel_32,250916077,2026-09-03 23:28:15+00:00,2026-09-04 00:11:19+00:00,15,MT MUMBAI EXPRESS_67,IMO5553736,Passenger
sentinel_32,274992570,2026-09-04 01:17:37+00:00,2026-09-04 04:41:41+00:00,67,FV MUMBAI EXPRESS_19,IMO1115482,Fishing
sentinel_32,285514406,2026-09-03 23:00:00+00:00,2026-09-03 23:17:58+00:00,6,MT SEA HORIZON_25,IMO1258768,Passenger
sentinel_32,368688902,2026-09-04 00:02:47+00:00,2026-09-04 01:21:19+00:00,26,MT MUMBAI EXPRESS_99,IMO1898516,Cargo
sentinel_32,439670711,2026-09-04 02:21:55+00:00,2026-09-04 04:59:35+00:00,51,MV MUMBAI EXPRESS_14,IMO3341057,Tanker
sentinel_32,490612805,2026-09-03 23:14:03+00:00,2026-09-04 00:04:48+00:00,17,SY ARABIAN KNIGHT_48,IMO4773549,Tanker
sentinel_32,499317479,2026-09-03 23:00:00+00:00,2026-09-03 23:16:12+00:00,7,MV COASTAL PEARL_63,IMO4547081,Cargo
sentinel_32,569749767,2026-09-03 23:01:24+00:00,2026-09-03 23:33:21+00:00,11,MT MALABAR QUEEN_99,IMO7679508,Container Ship
sentinel_32,663550988,2026-09-04 03:56:55+00:00,2026-09-04 10:56:21+00:00,144,FV MUMBAI EXPRESS_65,IMO7614724,Fishing
sentinel_32,697169479,2026-09-03 23:45:24+00:00,2026-09-04 03:16:00+00:00,71,MT MUMBAI EXPRESS_41,IMO1966769,Fishing
sentinel_32,730915077,2026-09-03 23:04:52+00:00,2026-09-04 00:31:51+00:00,31,SY KONKAN TRADER_11,IMO2293159,Cargo
sentinel_32,790077090,2026-09-04 00:34:53+00:00,2026-09-04 02:59:19+00:00,45,SY COASTAL PEARL_51,IMO8387790,Tanker
sentinel_321,209053121,2026-09-03 23:00:00+00:00,2026-09-03 23:23:32+00:00,9,FV WESTERN STAR_38,IMO3093190,Passenger
sentinel_321,218087708,2026-09-03 23:00:00+00:00,2026-09-04 00:04:45+00:00,24,MT ARABIAN KNIGHT_62,IMO8890587,Tanker
sentinel_321,250916077,2026-09-03 23:28:15+00:00,2026-09-04 00:11:19+00:00,15,MT MUMBAI EXPRESS_67,IMO5553736,Passenger
sentinel_321,274992570,2026-09-04 01:17:37+00:00,2026-09-04 04:41:41+00:00,67,FV MUMBAI EXPRESS_19,IMO1115482,Fishing
sentinel_321,285514406,2026-09-03 23:00:00+00:00,2026-09-03 23:17:58+00:00,6,MT SEA HORIZON_25,IMO1258768,Passenger
sentinel_321,368688902,2026-09-04 00:02:47+00:00,2026-09-04 01:21:19+00:00,26,MT MUMBAI EXPRESS_99,IMO1898516,Cargo
sentinel_321,439670711,2026-09-04 02:21:55+00:00,2026-09-04 04:59:35+00:00,51,MV MUMBAI EXPRESS_14,IMO3341057,Tanker
sentinel_321,490612805,2026-09-03 23:14:03+00:00,2026-09-04 00:04:48+00:00,17,SY ARABIAN KNIGHT_48,IMO4773549,Tanker
sentinel_321,499317479,2026-09-03 23:00:00+00:00,2026-09-03 23:16:12+00:00,7,MV COASTAL PEARL_63,IMO4547081,Cargo
sentinel_321,569749767,2026-09-03 23:01:24+00:00,2026-09-03 23:33:21+00:00,11,MT MALABAR QUEEN_99,IMO7679508,Container Ship
sentinel_321,663550988,2026-09-04 03:56:55+00:00,2026-09-04 10:56:21+00:00,144,FV MUMBAI EXPRESS_65,IMO7614724,Fishing
sentinel_321,697169479,2026-09-03 23:45:24+00:00,2026-09-04 03:16:00+00:00,71,MT MUMBAI EXPRESS_41,IMO1966769,Fishing
sentinel_321,730915077,2026-09-03 23:04:52+00:00,2026-09-04 00:31:51+00:00,31,SY KONKAN TRADER_11,IMO2293159,Cargo
sentinel_321,790077090,2026-09-04 00:34:53+00:00,2026-09-04 02:59:19+00:00,45,SY COASTAL PEARL_51,IMO8387790,Tanker
sentinel_322,209053121,2026-09-03 23:00:00+00:00,2026-09-03 23:28:15+00:00,11,FV WESTERN STAR_38,IMO3093190,Passenger
sentinel_322,218087708,2026-09-03 23:00:00+00:00,2026-09-04 00:04:45+00:00,24,MT ARABIAN KNIGHT_62,IMO8890587,Tanker
sentinel_322,250916077,2026-09-03 23:32:37+00:00,2026-09-04 00:18:19+00:00,16,MT MUMBAI EXPRESS_67,IMO5553736,Passenger
sentinel_322,274992570,2026-09-04 01:24:36+00:00,2026-09-04 04:39:17+00:00,64,FV MUMBAI EXPRESS_19,IMO1115482,Fishing
sentinel_322,285514406,2026-09-03 23:00:00+00:00,2026-09-03 23:13:08+00:00,5,MT SEA HORIZON_25,IMO1258768,Passenger
sentinel_322,368688902,2026-09-03 23:54:19+00:00,2026-09-04 01:18:48+00:00,29,MT MUMBAI EXPRESS_99,IMO1898516,Cargo
sentinel_322,439670711,2026-09-04 02:11:38+00:00,2026-09-04 04:57:01+00:00,53,MV MUMBAI EXPRESS_14,IMO3341057,Tanker
sentinel_322,490612805,2026-09-03 23:09:11+00:00,2026-09-03 23:58:38+00:00,16,SY ARABIAN KNIGHT_48,IMO4773549,Tanker
sentinel_322,499317479,2026-09-03 23:00:00+00:00,2026-09-03 23:20:11+00:00,9,MV COASTAL PEARL_63,IMO4547081,Cargo
sentinel_322,569749767,2026-09-03 23:00:00+00:00,2026-09-03 23:30:46+00:00,11,MT MALABAR QUEEN_99,IMO7679508,Container Ship
sentinel_322,663550988,2026-09-04 03:39:51+00:00,2026-09-04 10:56:21+00:00,149,FV MUMBAI EXPRESS_65,IMO7614724,Fishing
sentinel_322,697169479,2026-09-03 23:34:28+00:00,2026-09-04 03:17:49+00:00,76,MT MUMBAI EXPRESS_41,IMO1966769,Fishing
sentinel_322,730915077,2026-09-03 23:04:52+00:00,2026-09-04 00:31:51+00:00,31,SY KONKAN TRADER_11,IMO2293159,Cargo
sentinel_322,790077090,2026-09-04 00:33:27+00:00,2026-09-04 03:10:51+00:00,50,SY COASTAL PEARL_51,IMO8387790,Tanker
sentinel_339,209053121,2026-09-03 23:00:00+00:00,2026-09-03 23:27:15+00:00,10,FV WESTERN STAR_38,IMO3093190,Passenger
sentinel_339,218087708,2026-09-03 23:00:00+00:00,2026-09-04 00:08:38+00:00,25,MT ARABIAN KNIGHT_62,IMO8890587,Tanker
sentinel_339,250916077,2026-09-03 23:32:37+00:00,2026-09-04 00:18:19+00:00,16,MT MUMBAI EXPRESS_67,IMO5553736,Passenger
sentinel_339,274992570,2026-09-04 01:24:36+00:00,2026-09-04 04:44:33+00:00,66,FV MUMBAI EXPRESS_19,IMO1115482,Fishing
sentinel_339,285514406,2026-09-03 23:00:00+00:00,2026-09-03 23:13:08+00:00,5,MT SEA HORIZON_25,IMO1258768,Passenger
sentinel_339,368688902,2026-09-03 23:54:19+00:00,2026-09-04 01:21:19+00:00,30,MT MUMBAI EXPRESS_99,IMO1898516,Cargo
sentinel_339,439670711,2026-09-04 02:13:46+00:00,2026-09-04 04:57:01+00:00,52,MV MUMBAI EXPRESS_14,IMO3341057,Tanker
sentinel_339,490612805,2026-09-03 23:09:11+00:00,2026-09-03 23:58:38+00:00,16,SY ARABIAN KNIGHT_48,IMO4773549,Tanker
sentinel_339,499317479,2026-09-03 23:00:00+00:00,2026-09-03 23:20:11+00:00,9,MV COASTAL PEARL_63,IMO4547081,Cargo
sentinel_339,569749767,2026-09-03 23:00:00+00:00,2026-09-03 23:34:25+00:00,13,MT MALABAR QUEEN_99,IMO7679508,Container Ship
sentinel_339,663550988,2026-09-04 03:44:33+00:00,2026-09-04 10:56:21+00:00,148,FV MUMBAI EXPRESS_65,IMO7614724,Fishing
sentinel_339,697169479,2026-09-03 23:36:31+00:00,2026-09-04 03:17:49+00:00,75,MT MUMBAI EXPRESS_41,IMO1966769,Fishing
sentinel_339,730915077,2026-09-03 23:00:00+00:00,2026-09-04 00:31:51+00:00,33,SY KONKAN TRADER_11,IMO2293159,Cargo
sentinel_339,790077090,2026-09-04 00:33:27+00:00,2026-09-04 03:09:00+00:00,49,SY COASTAL PEARL_51,IMO8387790,Tanker
sentinel_35,209053121,2026-09-03 23:00:00+00:00,2026-09-03 23:27:15+00:00,10,FV WESTERN STAR_38,IMO3093190,Passenger
sentinel_35,218087708,2026-09-03 23:00:00+00:00,2026-09-04 00:04:45+00:00,24,MT ARABIAN KNIGHT_62,IMO8890587,Tanker
sentinel_35,250916077,2026-09-03 23:28:15+00:00,2026-09-04 00:18:19+00:00,17,MT MUMBAI EXPRESS_67,IMO5553736,Passenger
sentinel_35,274992570,2026-09-04 01:17:37+00:00,2026-09-04 04:39:17+00:00,66,FV MUMBAI EXPRESS_19,IMO1115482,Fishing
sentinel_35,285514406,2026-09-03 23:00:00+00:00,2026-09-03 23:17:58+00:00,6,MT SEA HORIZON_25,IMO1258768,Passenger
sentinel_35,368688902,2026-09-03 23:54:19+00:00,2026-09-04 01:21:19+00:00,30,MT MUMBAI EXPRESS_99,IMO1898516,Cargo
sentinel_35,439670711,2026-09-04 02:13:46+00:00,2026-09-04 05:02:53+00:00,54,MV MUMBAI EXPRESS_14,IMO3341057,Tanker
sentinel_35,490612805,2026-09-03 23:14:03+00:00,2026-09-04 00:04:48+00:00,17,SY ARABIAN KNIGHT_48,IMO4773549,Tanker
sentinel_35,499317479,2026-09-03 23:00:00+00:00,2026-09-03 23:20:11+00:00,9,MV COASTAL PEARL_63,IMO4547081,Cargo
sentinel_35,569749767,2026-09-03 23:00:00+00:00,2026-09-03 23:30:46+00:00,11,MT MALABAR QUEEN_99,IMO7679508,Container Ship
sentinel_35,663550988,2026-09-04 03:44:33+00:00,2026-09-04 10:56:21+00:00,148,FV MUMBAI EXPRESS_65,IMO7614724,Fishing
sentinel_35,697169479,2026-09-03 23:36:31+00:00,2026-09-04 03:10:39+00:00,72,MT MUMBAI EXPRESS_41,IMO1966769,Fishing
sentinel_35,730915077,2026-09-03 23:04:52+00:00,2026-09-04 00:29:53+00:00,30,SY KONKAN TRADER_11,IMO2293159,Cargo
sentinel_35,790077090,2026-09-04 00:37:52+00:00,2026-09-04 03:09:00+00:00,47,SY COASTAL PEARL_51,IMO8387790,Tanker
sentinel_354,209053121,2026-09-03 23:00:00+00:00,2026-09-03 23:23:32+00:00,9,FV WESTERN STAR_38,IMO3093190,Passenger
sentinel_354,218087708,2026-09-03 23:00:00+00:00,2026-09-04 00:04:45+00:00,24,MT ARABIAN KNIGHT_62,IMO8890587,Tanker
sentinel_354,250916077,2026-09-03 23:28:15+00:00,2026-09-04 00:11:19+00:00,15,MT MUMBAI EXPRESS_67,IMO5553736,Passenger
sentinel_354,274992570,2026-09-04 01:17:37+00:00,2026-09-04 04:41:41+00:00,67,FV MUMBAI EXPRESS_19,IMO1115482,Fishing
sentinel_354,285514406,2026-09-03 23:00:00+00:00,2026-09-03 23:17:58+00:00,6,MT SEA HORIZON_25,IMO1258768,Passenger
sentinel_354,368688902,2026-09-04 00:02:47+00:00,2026-09-04 01:21:19+00:00,26,MT MUMBAI EXPRESS_99,IMO1898516,Cargo
sentinel_354,439670711,2026-09-04 02:21:55+00:00,2026-09-04 04:59:35+00:00,51,MV MUMBAI EXPRESS_14,IMO3341057,Tanker
sentinel_354,490612805,2026-09-03 23:14:03+00:00,2026-09-04 00:04:48+00:00,17,SY ARABIAN KNIGHT_48,IMO4773549,Tanker
sentinel_354,499317479,2026-09-03 23:00:00+00:00,2026-09-03 23:16:12+00:00,7,MV COASTAL PEARL_63,IMO4547081,Cargo
sentinel_354,569749767,2026-09-03 23:01:24+00:00,2026-09-03 23:33:21+00:00,11,MT MALABAR QUEEN_99,IMO7679508,Container Ship
sentinel_354,663550988,2026-09-04 03:56:55+00:00,2026-09-04 10:56:21+00:00,144,FV MUMBAI EXPRESS_65,IMO7614724,Fishing
sentinel_354,697169479,2026-09-03 23:45:24+00:00,2026-09-04 03:16:00+00:00,71,MT MUMBAI EXPRESS_41,IMO1966769,Fishing
sentinel_354,730915077,2026-09-03 23:04:52+00:00,2026-09-04 00:31:51+00:00,31,SY KONKAN TRADER_11,IMO2293159,Cargo
sentinel_354,790077090,2026-09-04 00:34:53+00:00,2026-09-04 02:59:19+00:00,45,SY COASTAL PEARL_51,IMO8387790,Tanker
sentinel_36,209053121,2026-09-03 23:00:00+00:00,2026-09-03 23:23:32+00:00,9,FV WESTERN STAR_38,IMO3093190,Passenger
sentinel_36,218087708,2026-09-03 23:00:00+00:00,2026-09-04 00:04:45+00:00,24,MT ARABIAN KNIGHT_62,IMO8890587,Tanker
sentinel_36,250916077,2026-09-03 23:28:15+00:00,2026-09-04 00:11:19+00:00,15,MT MUMBAI EXPRESS_67,IMO5553736,Passenger
sentinel_36,274992570,2026-09-04 01:17:37+00:00,2026-09-04 04:41:41+00:00,67,FV MUMBAI EXPRESS_19,IMO1115482,Fishing
sentinel_36,285514406,2026-09-03 23:00:00+00:00,2026-09-03 23:17:58+00:00,6,MT SEA HORIZON_25,IMO1258768,Passenger
sentinel_36,368688902,2026-09-04 00:02:47+00:00,2026-09-04 01:21:19+00:00,26,MT MUMBAI EXPRESS_99,IMO1898516,Cargo
sentinel_36,439670711,2026-09-04 02:21:55+00:00,2026-09-04 04:59:35+00:00,51,MV MUMBAI EXPRESS_14,IMO3341057,Tanker
sentinel_36,490612805,2026-09-03 23:14:03+00:00,2026-09-04 00:04:48+00:00,17,SY ARABIAN KNIGHT_48,IMO4773549,Tanker
sentinel_36,499317479,2026-09-03 23:00:00+00:00,2026-09-03 23:16:12+00:00,7,MV COASTAL PEARL_63,IMO4547081,Cargo
sentinel_36,569749767,2026-09-03 23:01:24+00:00,2026-09-03 23:33:21+00:00,11,MT MALABAR QUEEN_99,IMO7679508,Container Ship
sentinel_36,663550988,2026-09-04 03:56:55+00:00,2026-09-04 10:56:21+00:00,144,FV MUMBAI EXPRESS_65,IMO7614724,Fishing
sentinel_36,697169479,2026-09-03 23:45:24+00:00,2026-09-04 03:16:00+00:00,71,MT MUMBAI EXPRESS_41,IMO1966769,Fishing
sentinel_36,730915077,2026-09-03 23:04:52+00:00,2026-09-04 00:31:51+00:00,31,SY KONKAN TRADER_11,IMO2293159,Cargo
sentinel_36,790077090,2026-09-04 00:34:53+00:00,2026-09-04 02:59:19+00:00,45,SY COASTAL PEARL_51,IMO8387790,Tanker
sentinel_365,209053121,2026-09-03 23:00:00+00:00,2026-09-03 23:23:32+00:00,9,FV WESTERN STAR_38,IMO3093190,Passenger
sentinel_365,218087708,2026-09-03 23:00:00+00:00,2026-09-04 00:04:45+00:00,24,MT ARABIAN KNIGHT_62,IMO8890587,Tanker
sentinel_365,250916077,2026-09-03 23:28:15+00:00,2026-09-04 00:11:19+00:00,15,MT MUMBAI EXPRESS_67,IMO5553736,Passenger
sentinel_365,274992570,2026-09-04 01:17:37+00:00,2026-09-04 04:41:41+00:00,67,FV MUMBAI EXPRESS_19,IMO1115482,Fishing
sentinel_365,285514406,2026-09-03 23:00:00+00:00,2026-09-03 23:17:58+00:00,6,MT SEA HORIZON_25,IMO1258768,Passenger
sentinel_365,368688902,2026-09-04 00:02:47+00:00,2026-09-04 01:21:19+00:00,26,MT MUMBAI EXPRESS_99,IMO1898516,Cargo
sentinel_365,439670711,2026-09-04 02:21:55+00:00,2026-09-04 04:59:35+00:00,51,MV MUMBAI EXPRESS_14,IMO3341057,Tanker
sentinel_365,490612805,2026-09-03 23:14:03+00:00,2026-09-04 00:04:48+00:00,17,SY ARABIAN KNIGHT_48,IMO4773549,Tanker
sentinel_365,499317479,2026-09-03 23:00:00+00:00,2026-09-03 23:16:12+00:00,7,MV COASTAL PEARL_63,IMO4547081,Cargo
sentinel_365,569749767,2026-09-03 23:01:24+00:00,2026-09-03 23:33:21+00:00,11,MT MALABAR QUEEN_99,IMO7679508,Container Ship
sentinel_365,663550988,2026-09-04 03:56:55+00:00,2026-09-04 10:56:21+00:00,144,FV MUMBAI EXPRESS_65,IMO7614724,Fishing
sentinel_365,697169479,2026-09-03 23:45:24+00:00,2026-09-04 03:16:00+00:00,71,MT MUMBAI EXPRESS_41,IMO1966769,Fishing
sentinel_365,730915077,2026-09-03 23:04:52+00:00,2026-09-04 00:31:51+00:00,31,SY KONKAN TRADER_11,IMO2293159,Cargo
sentinel_365,790077090,2026-09-04 00:34:53+00:00,2026-09-04 02:59:19+00:00,45,SY COASTAL PEARL_51,IMO8387790,Tanker
sentinel_367,209053121,2026-09-03 23:00:00+00:00,2026-09-03 23:23:32+00:00,9,FV WESTERN STAR_38,IMO3093190,Passenger
sentinel_367,218087708,2026-09-03 23:00:00+00:00,2026-09-04 00:04:45+00:00,24,MT ARABIAN KNIGHT_62,IMO8890587,Tanker
sentinel_367,250916077,2026-09-03 23:28:15+00:00,2026-09-04 00:11:19+00:00,15,MT MUMBAI EXPRESS_67,IMO5553736,Passenger
sentinel_367,274992570,2026-09-04 01:17:37+00:00,2026-09-04 04:41:41+00:00,67,FV MUMBAI EXPRESS_19,IMO1115482,Fishing
sentinel_367,285514406,2026-09-03 23:00:00+00:00,2026-09-03 23:17:58+00:00,6,MT SEA HORIZON_25,IMO1258768,Passenger
sentinel_367,368688902,2026-09-04 00:02:47+00:00,2026-09-04 01:21:19+00:00,26,MT MUMBAI EXPRESS_99,IMO1898516,Cargo
sentinel_367,439670711,2026-09-04 02:21:55+00:00,2026-09-04 04:59:35+00:00,51,MV MUMBAI EXPRESS_14,IMO3341057,Tanker
sentinel_367,490612805,2026-09-03 23:14:03+00:00,2026-09-04 00:04:48+00:00,17,SY ARABIAN KNIGHT_48,IMO4773549,Tanker
sentinel_367,499317479,2026-09-03 23:00:00+00:00,2026-09-03 23:16:12+00:00,7,MV COASTAL PEARL_63,IMO4547081,Cargo
sentinel_367,569749767,2026-09-03 23:01:24+00:00,2026-09-03 23:33:21+00:00,11,MT MALABAR QUEEN_99,IMO7679508,Container Ship
sentinel_367,663550988,2026-09-04 03:56:55+00:00,2026-09-04 10:56:21+00:00,144,FV MUMBAI EXPRESS_65,IMO7614724,Fishing
sentinel_367,697169479,2026-09-03 23:45:24+00:00,2026-09-04 03:16:00+00:00,71,MT MUMBAI EXPRESS_41,IMO1966769,Fishing
sentinel_367,730915077,2026-09-03 23:04:52+00:00,2026-09-04 00:31:51+00:00,31,SY KONKAN TRADER_11,IMO2293159,Cargo
sentinel_367,790077090,2026-09-04 00:34:53+00:00,2026-09-04 02:59:19+00:00,45,SY COASTAL PEARL_51,IMO8387790,Tanker
sentinel_374,209053121,2026-09-03 23:00:00+00:00,2026-09-03 23:23:32+00:00,9,FV WESTERN STAR_38,IMO3093190,Passenger
sentinel_374,218087708,2026-09-03 23:00:00+00:00,2026-09-04 00:04:45+00:00,24,MT ARABIAN KNIGHT_62,IMO8890587,Tanker
sentinel_374,250916077,2026-09-03 23:28:15+00:00,2026-09-04 00:11:19+00:00,15,MT MUMBAI EXPRESS_67,IMO5553736,Passenger
sentinel_374,274992570,2026-09-04 01:17:37+00:00,2026-09-04 04:41:41+00:00,67,FV MUMBAI EXPRESS_19,IMO1115482,Fishing
sentinel_374,285514406,2026-09-03 23:00:00+00:00,2026-09-03 23:17:58+00:00,6,MT SEA HORIZON_25,IMO1258768,Passenger
sentinel_374,368688902,2026-09-04 00:02:47+00:00,2026-09-04 01:21:19+00:00,26,MT MUMBAI EXPRESS_99,IMO1898516,Cargo
sentinel_374,439670711,2026-09-04 02:21:55+00:00,2026-09-04 04:59:35+00:00,51,MV MUMBAI EXPRESS_14,IMO3341057,Tanker
sentinel_374,490612805,2026-09-03 23:14:03+00:00,2026-09-04 00:04:48+00:00,17,SY ARABIAN KNIGHT_48,IMO4773549,Tanker
sentinel_374,499317479,2026-09-03 23:00:00+00:00,2026-09-03 23:16:12+00:00,7,MV COASTAL PEARL_63,IMO4547081,Cargo
sentinel_374,569749767,2026-09-03 23:01:24+00:00,2026-09-03 23:33:21+00:00,11,MT MALABAR QUEEN_99,IMO7679508,Container Ship
sentinel_374,663550988,2026-09-04 03:56:55+00:00,2026-09-04 10:56:21+00:00,144,FV MUMBAI EXPRESS_65,IMO7614724,Fishing
sentinel_374,697169479,2026-09-03 23:45:24+00:00,2026-09-04 03:16:00+00:00,71,MT MUMBAI EXPRESS_41,IMO1966769,Fishing
sentinel_374,730915077,2026-09-03 23:04:52+00:00,2026-09-04 00:31:51+00:00,31,SY KONKAN TRADER_11,IMO2293159,Cargo
sentinel_374,790077090,2026-09-04 00:34:53+00:00,2026-09-04 02:59:19+00:00,45,SY COASTAL PEARL_51,IMO8387790,Tanker
sentinel_404,209053121,2026-09-03 23:00:00+00:00,2026-09-03 23:23:32+00:00,9,FV WESTERN STAR_38,IMO3093190,Passenger
sentinel_404,218087708,2026-09-03 23:00:00+00:00,2026-09-04 00:04:45+00:00,24,MT ARABIAN KNIGHT_62,IMO8890587,Tanker
sentinel_404,250916077,2026-09-03 23:28:15+00:00,2026-09-04 00:11:19+00:00,15,MT MUMBAI EXPRESS_67,IMO5553736,Passenger
sentinel_404,274992570,2026-09-04 01:17:37+00:00,2026-09-04 04:41:41+00:00,67,FV MUMBAI EXPRESS_19,IMO1115482,Fishing
sentinel_404,285514406,2026-09-03 23:00:00+00:00,2026-09-03 23:17:58+00:00,6,MT SEA HORIZON_25,IMO1258768,Passenger
sentinel_404,368688902,2026-09-04 00:02:47+00:00,2026-09-04 01:21:19+00:00,26,MT MUMBAI EXPRESS_99,IMO1898516,Cargo
sentinel_404,439670711,2026-09-04 02:21:55+00:00,2026-09-04 04:59:35+00:00,51,MV MUMBAI EXPRESS_14,IMO3341057,Tanker
sentinel_404,490612805,2026-09-03 23:14:03+00:00,2026-09-04 00:04:48+00:00,17,SY ARABIAN KNIGHT_48,IMO4773549,Tanker
sentinel_404,499317479,2026-09-03 23:00:00+00:00,2026-09-03 23:16:12+00:00,7,MV COASTAL PEARL_63,IMO4547081,Cargo
sentinel_404,569749767,2026-09-03 23:01:24+00:00,2026-09-03 23:33:21+00:00,11,MT MALABAR QUEEN_99,IMO7679508,Container Ship
sentinel_404,663550988,2026-09-04 03:56:55+00:00,2026-09-04 10:56:21+00:00,144,FV MUMBAI EXPRESS_65,IMO7614724,Fishing
sentinel_404,697169479,2026-09-03 23:45:24+00:00,2026-09-04 03:16:00+00:00,71,MT MUMBAI EXPRESS_41,IMO1966769,Fishing
sentinel_404,730915077,2026-09-03 23:04:52+00:00,2026-09-04 00:31:51+00:00,31,SY KONKAN TRADER_11,IMO2293159,Cargo
sentinel_404,790077090,2026-09-04 00:34:53+00:00,2026-09-04 02:59:19+00:00,45,SY COASTAL PEARL_51,IMO8387790,Tanker
sentinel_418,209053121,2026-09-03 23:00:00+00:00,2026-09-03 23:23:32+00:00,9,FV WESTERN STAR_38,IMO3093190,Passenger
sentinel_418,218087708,2026-09-03 23:00:00+00:00,2026-09-04 00:04:45+00:00,24,MT ARABIAN KNIGHT_62,IMO8890587,Tanker
sentinel_418,250916077,2026-09-03 23:28:15+00:00,2026-09-04 00:11:19+00:00,15,MT MUMBAI EXPRESS_67,IMO5553736,Passenger
sentinel_418,274992570,2026-09-04 01:17:37+00:00,2026-09-04 04:41:41+00:00,67,FV MUMBAI EXPRESS_19,IMO1115482,Fishing
sentinel_418,285514406,2026-09-03 23:00:00+00:00,2026-09-03 23:17:58+00:00,6,MT SEA HORIZON_25,IMO1258768,Passenger
sentinel_418,368688902,2026-09-04 00:02:47+00:00,2026-09-04 01:21:19+00:00,26,MT MUMBAI EXPRESS_99,IMO1898516,Cargo
sentinel_418,439670711,2026-09-04 02:21:55+00:00,2026-09-04 04:59:35+00:00,51,MV MUMBAI EXPRESS_14,IMO3341057,Tanker
sentinel_418,490612805,2026-09-03 23:14:03+00:00,2026-09-04 00:04:48+00:00,17,SY ARABIAN KNIGHT_48,IMO4773549,Tanker
sentinel_418,499317479,2026-09-03 23:00:00+00:00,2026-09-03 23:17:25+00:00,8,MV COASTAL PEARL_63,IMO4547081,Cargo
sentinel_418,569749767,2026-09-03 23:01:24+00:00,2026-09-03 23:33:21+00:00,11,MT MALABAR QUEEN_99,IMO7679508,Container Ship
sentinel_418,663550988,2026-09-04 03:56:55+00:00,2026-09-04 10:56:21+00:00,144,FV MUMBAI EXPRESS_65,IMO7614724,Fishing
sentinel_418,697169479,2026-09-03 23:45:24+00:00,2026-09-04 03:14:13+00:00,70,MT MUMBAI EXPRESS_41,IMO1966769,Fishing
sentinel_418,730915077,2026-09-03 23:04:52+00:00,2026-09-04 00:31:51+00:00,31,SY KONKAN TRADER_11,IMO2293159,Cargo
sentinel_418,790077090,2026-09-04 00:34:53+00:00,2026-09-04 02:59:19+00:00,45,SY COASTAL PEARL_51,IMO8387790,Tanker
sentinel_422,209053121,2026-09-03 23:00:00+00:00,2026-09-03 23:28:15+00:00,11,FV WESTERN STAR_38,IMO3093190,Passenger
sentinel_422,218087708,2026-09-03 23:00:00+00:00,2026-09-04 00:04:45+00:00,24,MT ARABIAN KNIGHT_62,IMO8890587,Tanker
sentinel_422,250916077,2026-09-03 23:32:37+00:00,2026-09-04 00:20:15+00:00,17,MT MUMBAI EXPRESS_67,IMO5553736,Passenger
sentinel_422,274992570,2026-09-04 01:20:41+00:00,2026-09-04 04:44:33+00:00,67,FV MUMBAI EXPRESS_19,IMO1115482,Fishing
sentinel_422,285514406,2026-09-03 23:00:00+00:00,2026-09-03 23:13:08+00:00,5,MT SEA HORIZON_25,IMO1258768,Passenger
sentinel_422,368688902,2026-09-03 23:49:59+00:00,2026-09-04 01:21:19+00:00,31,MT MUMBAI EXPRESS_99,IMO1898516,Cargo
sentinel_422,439670711,2026-09-04 02:10:06+00:00,2026-09-04 04:59:35+00:00,55,MV MUMBAI EXPRESS_14,IMO3341057,Tanker
sentinel_422,490612805,2026-09-03 23:09:11+00:00,2026-09-04 00:02:19+00:00,17,SY ARABIAN KNIGHT_48,IMO4773549,Tanker
sentinel_422,499317479,2026-09-03 23:00:00+00:00,2026-09-03 23:23:38+00:00,10,MV COASTAL PEARL_63,IMO4547081,Cargo
sentinel_422,569749767,2026-09-03 23:00:00+00:00,2026-09-03 23:34:25+00:00,13,MT MALABAR QUEEN_99,IMO7679508,Container Ship
sentinel_422,663550988,2026-09-04 03:36:20+00:00,2026-09-04 10:56:21+00:00,151,FV MUMBAI EXPRESS_65,IMO7614724,Fishing
sentinel_422,697169479,2026-09-03 23:31:49+00:00,2026-09-04 03:17:49+00:00,77,MT MUMBAI EXPRESS_41,IMO1966769,Fishing
sentinel_422,730915077,2026-09-03 23:00:00+00:00,2026-09-04 00:31:51+00:00,33,SY KONKAN TRADER_11,IMO2293159,Cargo
sentinel_422,790077090,2026-09-04 00:33:27+00:00,2026-09-04 03:12:35+00:00,51,SY COASTAL PEARL_51,IMO8387790,Tanker
sentinel_440,209053121,2026-09-03 23:00:00+00:00,2026-09-03 23:23:32+00:00,9,FV WESTERN STAR_38,IMO3093190,Passenger
sentinel_440,218087708,2026-09-03 23:00:00+00:00,2026-09-04 00:04:45+00:00,24,MT ARABIAN KNIGHT_62,IMO8890587,Tanker
sentinel_440,250916077,2026-09-03 23:28:15+00:00,2026-09-04 00:11:19+00:00,15,MT MUMBAI EXPRESS_67,IMO5553736,Passenger
sentinel_440,274992570,2026-09-04 01:17:37+00:00,2026-09-04 04:41:41+00:00,67,FV MUMBAI EXPRESS_19,IMO1115482,Fishing
sentinel_440,285514406,2026-09-03 23:00:00+00:00,2026-09-03 23:17:58+00:00,6,MT SEA HORIZON_25,IMO1258768,Passenger
sentinel_440,368688902,2026-09-04 00:02:47+00:00,2026-09-04 01:21:19+00:00,26,MT MUMBAI EXPRESS_99,IMO1898516,Cargo
sentinel_440,439670711,2026-09-04 02:21:55+00:00,2026-09-04 04:59:35+00:00,51,MV MUMBAI EXPRESS_14,IMO3341057,Tanker
sentinel_440,490612805,2026-09-03 23:14:03+00:00,2026-09-04 00:04:48+00:00,17,SY ARABIAN KNIGHT_48,IMO4773549,Tanker
sentinel_440,499317479,2026-09-03 23:00:00+00:00,2026-09-03 23:16:12+00:00,7,MV COASTAL PEARL_63,IMO4547081,Cargo
sentinel_440,569749767,2026-09-03 23:01:24+00:00,2026-09-03 23:33:21+00:00,11,MT MALABAR QUEEN_99,IMO7679508,Container Ship
sentinel_440,663550988,2026-09-04 03:56:55+00:00,2026-09-04 10:56:21+00:00,144,FV MUMBAI EXPRESS_65,IMO7614724,Fishing
sentinel_440,697169479,2026-09-03 23:45:24+00:00,2026-09-04 03:16:00+00:00,71,MT MUMBAI EXPRESS_41,IMO1966769,Fishing
sentinel_440,730915077,2026-09-03 23:04:52+00:00,2026-09-04 00:31:51+00:00,31,SY KONKAN TRADER_11,IMO2293159,Cargo
sentinel_440,790077090,2026-09-04 00:34:53+00:00,2026-09-04 02:59:19+00:00,45,SY COASTAL PEARL_51,IMO8387790,Tanker
sentinel_442,209053121,2026-09-03 23:00:00+00:00,2026-09-03 23:23:32+00:00,9,FV WESTERN STAR_38,IMO3093190,Passenger
sentinel_442,218087708,2026-09-03 23:08:53+00:00,2026-09-04 00:04:45+00:00,21,MT ARABIAN KNIGHT_62,IMO8890587,Tanker
sentinel_442,250916077,2026-09-03 23:32:37+00:00,2026-09-04 00:15:56+00:00,15,MT MUMBAI EXPRESS_67,IMO5553736,Passenger
sentinel_442,274992570,2026-09-04 01:28:56+00:00,2026-09-04 04:41:41+00:00,64,FV MUMBAI EXPRESS_19,IMO1115482,Fishing
sentinel_442,285514406,2026-09-03 23:00:00+00:00,2026-09-03 23:13:08+00:00,5,MT SEA HORIZON_25,IMO1258768,Passenger
sentinel_442,368688902,2026-09-03 23:57:42+00:00,2026-09-04 01:18:48+00:00,27,MT MUMBAI EXPRESS_99,IMO1898516,Cargo
sentinel_442,439670711,2026-09-04 02:18:42+00:00,2026-09-04 04:52:10+00:00,49,MV MUMBAI EXPRESS_14,IMO3341057,Tanker
sentinel_442,490612805,2026-09-03 23:16:31+00:00,2026-09-03 23:58:38+00:00,14,SY ARABIAN KNIGHT_48,IMO4773549,Tanker
sentinel_442,499317479,2026-09-03 23:00:00+00:00,2026-09-03 23:17:25+00:00,8,MV COASTAL PEARL_63,IMO4547081,Cargo
sentinel_442,569749767,2026-09-03 23:00:00+00:00,2026-09-03 23:33:21+00:00,12,MT MALABAR QUEEN_99,IMO7679508,Container Ship
sentinel_442,663550988,2026-09-04 03:52:26+00:00,2026-09-04 10:56:21+00:00,145,FV MUMBAI EXPRESS_65,IMO7614724,Fishing
sentinel_442,697169479,2026-09-03 23:41:07+00:00,2026-09-04 02:58:03+00:00,66,MT MUMBAI EXPRESS_41,IMO1966769,Fishing
sentinel_442,730915077,2026-09-03 23:02:27+00:00,2026-09-04 00:26:07+00:00,30,SY KONKAN TRADER_11,IMO2293159,Cargo
sentinel_442,790077090,2026-09-04 00:47:07+00:00,2026-09-04 03:04:32+00:00,44,SY COASTAL PEARL_51,IMO8387790,Tanker
sentinel_454,209053121,2026-09-03 23:00:00+00:00,2026-09-03 23:23:32+00:00,9,FV WESTERN STAR_38,IMO3093190,Passenger
sentinel_454,218087708,2026-09-03 23:00:00+00:00,2026-09-03 23:59:57+00:00,23,MT ARABIAN KNIGHT_62,IMO8890587,Tanker
sentinel_454,250916077,2026-09-03 23:32:37+00:00,2026-09-04 00:11:19+00:00,14,MT MUMBAI EXPRESS_67,IMO5553736,Passenger
sentinel_454,274992570,2026-09-04 01:20:41+00:00,2026-09-04 04:35:14+00:00,64,FV MUMBAI EXPRESS_19,IMO1115482,Fishing
sentinel_454,285514406,2026-09-03 23:00:00+00:00,2026-09-03 23:17:58+00:00,6,MT SEA HORIZON_25,IMO1258768,Passenger
sentinel_454,368688902,2026-09-04 00:01:11+00:00,2026-09-04 01:21:19+00:00,27,MT MUMBAI EXPRESS_99,IMO1898516,Cargo
sentinel_454,439670711,2026-09-04 02:21:55+00:00,2026-09-04 04:59:35+00:00,51,MV MUMBAI EXPRESS_14,IMO3341057,Tanker
sentinel_454,490612805,2026-09-03 23:14:03+00:00,2026-09-04 00:02:19+00:00,16,SY ARABIAN KNIGHT_48,IMO4773549,Tanker
sentinel_454,499317479,2026-09-03 23:00:00+00:00,2026-09-03 23:17:25+00:00,8,MV COASTAL PEARL_63,IMO4547081,Cargo
sentinel_454,569749767,2026-09-03 23:01:24+00:00,2026-09-03 23:28:19+00:00,9,MT MALABAR QUEEN_99,IMO7679508,Container Ship
sentinel_454,663550988,2026-09-04 03:56:55+00:00,2026-09-04 10:56:21+00:00,144,FV MUMBAI EXPRESS_65,IMO7614724,Fishing
sentinel_454,697169479,2026-09-03 23:45:24+00:00,2026-09-04 03:10:39+00:00,69,MT MUMBAI EXPRESS_41,IMO1966769,Fishing
sentinel_454,730915077,2026-09-03 23:09:48+00:00,2026-09-04 00:31:51+00:00,30,SY KONKAN TRADER_11,IMO2293159,Cargo
sentinel_454,790077090,2026-09-04 00:37:52+00:00,2026-09-04 02:59:19+00:00,44,SY COASTAL PEARL_51,IMO8387790,Tanker
sentinel_455,209053121,2026-09-03 23:00:00+00:00,2026-09-03 23:23:32+00:00,9,FV WESTERN STAR_38,IMO3093190,Passenger
sentinel_455,218087708,2026-09-03 23:00:00+00:00,2026-09-04 00:04:45+00:00,24,MT ARABIAN KNIGHT_62,IMO8890587,Tanker
sentinel_455,250916077,2026-09-03 23:28:15+00:00,2026-09-04 00:11:19+00:00,15,MT MUMBAI EXPRESS_67,IMO5553736,Passenger
sentinel_455,274992570,2026-09-04 01:17:37+00:00,2026-09-04 04:41:41+00:00,67,FV MUMBAI EXPRESS_19,IMO1115482,Fishing
sentinel_455,285514406,2026-09-03 23:00:00+00:00,2026-09-03 23:17:58+00:00,6,MT SEA HORIZON_25,IMO1258768,Passenger
sentinel_455,368688902,2026-09-04 00:02:47+00:00,2026-09-04 01:21:19+00:00,26,MT MUMBAI EXPRESS_99,IMO1898516,Cargo
sentinel_455,439670711,2026-09-04 02:21:55+00:00,2026-09-04 04:59:35+00:00,51,MV MUMBAI EXPRESS_14,IMO3341057,Tanker
sentinel_455,490612805,2026-09-03 23:14:03+00:00,2026-09-04 00:04:48+00:00,17,SY ARABIAN KNIGHT_48,IMO4773549,Tanker
sentinel_455,499317479,2026-09-03 23:00:00+00:00,2026-09-03 23:16:12+00:00,7,MV COASTAL PEARL_63,IMO4547081,Cargo
sentinel_455,569749767,2026-09-03 23:01:24+00:00,2026-09-03 23:33:21+00:00,11,MT MALABAR QUEEN_99,IMO7679508,Container Ship
sentinel_455,663550988,2026-09-04 03:56:55+00:00,2026-09-04 10:56:21+00:00,144,FV MUMBAI EXPRESS_65,IMO7614724,Fishing
sentinel_455,697169479,2026-09-03 23:45:24+00:00,2026-09-04 03:16:00+00:00,71,MT MUMBAI EXPRESS_41,IMO1966769,Fishing
sentinel_455,730915077,2026-09-03 23:04:52+00:00,2026-09-04 00:31:51+00:00,31,SY KONKAN TRADER_11,IMO2293159,Cargo
sentinel_455,790077090,2026-09-04 00:34:53+00:00,2026-09-04 02:59:19+00:00,45,SY COASTAL PEARL_51,IMO8387790,Tanker
sentinel_460,209053121,2026-09-03 23:00:00+00:00,2026-09-03 23:23:32+00:00,9,FV WESTERN STAR_38,IMO3093190,Passenger
sentinel_460,218087708,2026-09-03 23:00:00+00:00,2026-09-04 00:04:45+00:00,24,MT ARABIAN KNIGHT_62,IMO8890587,Tanker
sentinel_460,250916077,2026-09-03 23:28:15+00:00,2026-09-04 00:11:19+00:00,15,MT MUMBAI EXPRESS_67,IMO5553736,Passenger
sentinel_460,274992570,2026-09-04 01:17:37+00:00,2026-09-04 04:41:41+00:00,67,FV MUMBAI EXPRESS_19,IMO1115482,Fishing
sentinel_460,285514406,2026-09-03 23:00:00+00:00,2026-09-03 23:17:58+00:00,6,MT SEA HORIZON_25,IMO1258768,Passenger
sentinel_460,368688902,2026-09-04 00:02:47+00:00,2026-09-04 01:21:19+00:00,26,MT MUMBAI EXPRESS_99,IMO1898516,Cargo
sentinel_460,439670711,2026-09-04 02:21:55+00:00,2026-09-04 04:59:35+00:00,51,MV MUMBAI EXPRESS_14,IMO3341057,Tanker
sentinel_460,490612805,2026-09-03 23:14:03+00:00,2026-09-04 00:04:48+00:00,17,SY ARABIAN KNIGHT_48,IMO4773549,Tanker
sentinel_460,499317479,2026-09-03 23:00:00+00:00,2026-09-03 23:17:25+00:00,8,MV COASTAL PEARL_63,IMO4547081,Cargo
sentinel_460,569749767,2026-09-03 23:01:24+00:00,2026-09-03 23:33:21+00:00,11,MT MALABAR QUEEN_99,IMO7679508,Container Ship
sentinel_460,663550988,2026-09-04 03:56:55+00:00,2026-09-04 10:56:21+00:00,144,FV MUMBAI EXPRESS_65,IMO7614724,Fishing
sentinel_460,697169479,2026-09-03 23:45:24+00:00,2026-09-04 03:16:00+00:00,71,MT MUMBAI EXPRESS_41,IMO1966769,Fishing
sentinel_460,730915077,2026-09-03 23:04:52+00:00,2026-09-04 00:31:51+00:00,31,SY KONKAN TRADER_11,IMO2293159,Cargo
sentinel_460,790077090,2026-09-04 00:34:53+00:00,2026-09-04 02:59:19+00:00,45,SY COASTAL PEARL_51,IMO8387790,Tanker
sentinel_462,209053121,2026-09-03 23:00:00+00:00,2026-09-03 23:23:32+00:00,9,FV WESTERN STAR_38,IMO3093190,Passenger
sentinel_462,218087708,2026-09-03 23:00:00+00:00,2026-09-04 00:04:45+00:00,24,MT ARABIAN KNIGHT_62,IMO8890587,Tanker
sentinel_462,250916077,2026-09-03 23:28:15+00:00,2026-09-04 00:11:19+00:00,15,MT MUMBAI EXPRESS_67,IMO5553736,Passenger
sentinel_462,274992570,2026-09-04 01:17:37+00:00,2026-09-04 04:41:41+00:00,67,FV MUMBAI EXPRESS_19,IMO1115482,Fishing
sentinel_462,285514406,2026-09-03 23:00:00+00:00,2026-09-03 23:17:58+00:00,6,MT SEA HORIZON_25,IMO1258768,Passenger
sentinel_462,368688902,2026-09-04 00:02:47+00:00,2026-09-04 01:21:19+00:00,26,MT MUMBAI EXPRESS_99,IMO1898516,Cargo
sentinel_462,439670711,2026-09-04 02:21:55+00:00,2026-09-04 04:59:35+00:00,51,MV MUMBAI EXPRESS_14,IMO3341057,Tanker
sentinel_462,490612805,2026-09-03 23:14:03+00:00,2026-09-04 00:04:48+00:00,17,SY ARABIAN KNIGHT_48,IMO4773549,Tanker
sentinel_462,499317479,2026-09-03 23:00:00+00:00,2026-09-03 23:16:12+00:00,7,MV COASTAL PEARL_63,IMO4547081,Cargo
sentinel_462,569749767,2026-09-03 23:01:24+00:00,2026-09-03 23:33:21+00:00,11,MT MALABAR QUEEN_99,IMO7679508,Container Ship
sentinel_462,663550988,2026-09-04 03:56:55+00:00,2026-09-04 10:56:21+00:00,144,FV MUMBAI EXPRESS_65,IMO7614724,Fishing
sentinel_462,697169479,2026-09-03 23:45:24+00:00,2026-09-04 03:16:00+00:00,71,MT MUMBAI EXPRESS_41,IMO1966769,Fishing
sentinel_462,730915077,2026-09-03 23:04:52+00:00,2026-09-04 00:31:51+00:00,31,SY KONKAN TRADER_11,IMO2293159,Cargo
sentinel_462,790077090,2026-09-04 00:34:53+00:00,2026-09-04 02:59:19+00:00,45,SY COASTAL PEARL_51,IMO8387790,Tanker
sentinel_464,209053121,2026-09-03 23:00:00+00:00,2026-09-03 23:23:32+00:00,9,FV WESTERN STAR_38,IMO3093190,Passenger
sentinel_464,218087708,2026-09-03 23:00:00+00:00,2026-09-04 00:04:45+00:00,24,MT ARABIAN KNIGHT_62,IMO8890587,Tanker
sentinel_464,250916077,2026-09-03 23:28:15+00:00,2026-09-04 00:11:19+00:00,15,MT MUMBAI EXPRESS_67,IMO5553736,Passenger
sentinel_464,274992570,2026-09-04 01:17:37+00:00,2026-09-04 04:41:41+00:00,67,FV MUMBAI EXPRESS_19,IMO1115482,Fishing
sentinel_464,285514406,2026-09-03 23:00:00+00:00,2026-09-03 23:17:58+00:00,6,MT SEA HORIZON_25,IMO1258768,Passenger
sentinel_464,368688902,2026-09-04 00:02:47+00:00,2026-09-04 01:21:19+00:00,26,MT MUMBAI EXPRESS_99,IMO1898516,Cargo
sentinel_464,439670711,2026-09-04 02:21:55+00:00,2026-09-04 04:59:35+00:00,51,MV MUMBAI EXPRESS_14,IMO3341057,Tanker
sentinel_464,490612805,2026-09-03 23:14:03+00:00,2026-09-04 00:04:48+00:00,17,SY ARABIAN KNIGHT_48,IMO4773549,Tanker
sentinel_464,499317479,2026-09-03 23:00:00+00:00,2026-09-03 23:16:12+00:00,7,MV COASTAL PEARL_63,IMO4547081,Cargo
sentinel_464,569749767,2026-09-03 23:01:24+00:00,2026-09-03 23:33:21+00:00,11,MT MALABAR QUEEN_99,IMO7679508,Container Ship
sentinel_464,663550988,2026-09-04 03:56:55+00:00,2026-09-04 10:56:21+00:00,144,FV MUMBAI EXPRESS_65,IMO7614724,Fishing
sentinel_464,697169479,2026-09-03 23:45:24+00:00,2026-09-04 03:16:00+00:00,71,MT MUMBAI EXPRESS_41,IMO1966769,Fishing
sentinel_464,730915077,2026-09-03 23:04:52+00:00,2026-09-04 00:31:51+00:00,31,SY KONKAN TRADER_11,IMO2293159,Cargo
sentinel_464,790077090,2026-09-04 00:34:53+00:00,2026-09-04 02:59:19+00:00,45,SY COASTAL PEARL_51,IMO8387790,Tanker
sentinel_465,209053121,2026-09-03 23:00:00+00:00,2026-09-03 23:23:32+00:00,9,FV WESTERN STAR_38,IMO3093190,Passenger
sentinel_465,218087708,2026-09-03 23:00:00+00:00,2026-09-04 00:04:45+00:00,24,MT ARABIAN KNIGHT_62,IMO8890587,Tanker
sentinel_465,250916077,2026-09-03 23:28:15+00:00,2026-09-04 00:11:19+00:00,15,MT MUMBAI EXPRESS_67,IMO5553736,Passenger
sentinel_465,274992570,2026-09-04 01:17:37+00:00,2026-09-04 04:41:41+00:00,67,FV MUMBAI EXPRESS_19,IMO1115482,Fishing
sentinel_465,285514406,2026-09-03 23:00:00+00:00,2026-09-03 23:17:58+00:00,6,MT SEA HORIZON_25,IMO1258768,Passenger
sentinel_465,368688902,2026-09-04 00:02:47+00:00,2026-09-04 01:21:19+00:00,26,MT MUMBAI EXPRESS_99,IMO1898516,Cargo
sentinel_465,439670711,2026-09-04 02:21:55+00:00,2026-09-04 04:59:35+00:00,51,MV MUMBAI EXPRESS_14,IMO3341057,Tanker
sentinel_465,490612805,2026-09-03 23:14:03+00:00,2026-09-04 00:04:48+00:00,17,SY ARABIAN KNIGHT_48,IMO4773549,Tanker
sentinel_465,499317479,2026-09-03 23:00:00+00:00,2026-09-03 23:16:12+00:00,7,MV COASTAL PEARL_63,IMO4547081,Cargo
sentinel_465,569749767,2026-09-03 23:01:24+00:00,2026-09-03 23:33:21+00:00,11,MT MALABAR QUEEN_99,IMO7679508,Container Ship
sentinel_465,663550988,2026-09-04 03:56:55+00:00,2026-09-04 10:56:21+00:00,144,FV MUMBAI EXPRESS_65,IMO7614724,Fishing
sentinel_465,697169479,2026-09-03 23:45:24+00:00,2026-09-04 03:16:00+00:00,71,MT MUMBAI EXPRESS_41,IMO1966769,Fishing
sentinel_465,730915077,2026-09-03 23:04:52+00:00,2026-09-04 00:31:51+00:00,31,SY KONKAN TRADER_11,IMO2293159,Cargo
sentinel_465,790077090,2026-09-04 00:34:53+00:00,2026-09-04 02:59:19+00:00,45,SY COASTAL PEARL_51,IMO8387790,Tanker
sentinel_466,209053121,2026-09-03 23:00:00+00:00,2026-09-03 23:27:15+00:00,10,FV WESTERN STAR_38,IMO3093190,Passenger
sentinel_466,218087708,2026-09-03 23:00:00+00:00,2026-09-04 00:04:45+00:00,24,MT ARABIAN KNIGHT_62,IMO8890587,Tanker
sentinel_466,250916077,2026-09-03 23:32:37+00:00,2026-09-04 00:18:19+00:00,16,MT MUMBAI EXPRESS_67,IMO5553736,Passenger
sentinel_466,274992570,2026-09-04 01:20:41+00:00,2026-09-04 04:44:33+00:00,67,FV MUMBAI EXPRESS_19,IMO1115482,Fishing
sentinel_466,285514406,2026-09-03 23:00:00+00:00,2026-09-03 23:13:08+00:00,5,MT SEA HORIZON_25,IMO1258768,Passenger
sentinel_466,368688902,2026-09-03 23:54:19+00:00,2026-09-04 01:21:19+00:00,30,MT MUMBAI EXPRESS_99,IMO1898516,Cargo
sentinel_466,439670711,2026-09-04 02:13:46+00:00,2026-09-04 04:57:01+00:00,52,MV MUMBAI EXPRESS_14,IMO3341057,Tanker
sentinel_466,490612805,2026-09-03 23:14:03+00:00,2026-09-04 00:02:19+00:00,16,SY ARABIAN KNIGHT_48,IMO4773549,Tanker
sentinel_466,499317479,2026-09-03 23:00:00+00:00,2026-09-03 23:20:11+00:00,9,MV COASTAL PEARL_63,IMO4547081,Cargo
sentinel_466,569749767,2026-09-03 23:00:00+00:00,2026-09-03 23:34:25+00:00,13,MT MALABAR QUEEN_99,IMO7679508,Container Ship
sentinel_466,663550988,2026-09-04 03:44:33+00:00,2026-09-04 10:56:21+00:00,148,FV MUMBAI EXPRESS_65,IMO7614724,Fishing
sentinel_466,697169479,2026-09-03 23:36:31+00:00,2026-09-04 03:14:13+00:00,73,MT MUMBAI EXPRESS_41,IMO1966769,Fishing
sentinel_466,730915077,2026-09-03 23:00:00+00:00,2026-09-04 00:31:51+00:00,33,SY KONKAN TRADER_11,IMO2293159,Cargo
sentinel_466,790077090,2026-09-04 00:34:53+00:00,2026-09-04 03:09:00+00:00,48,SY COASTAL PEARL_51,IMO8387790,Tanker
sentinel_470,209053121,2026-09-03 23:00:00+00:00,2026-09-03 23:23:32+00:00,9,FV WESTERN STAR_38,IMO3093190,Passenger
sentinel_470,218087708,2026-09-03 23:00:00+00:00,2026-09-04 00:04:45+00:00,24,MT ARABIAN KNIGHT_62,IMO8890587,Tanker
sentinel_470,250916077,2026-09-03 23:28:15+00:00,2026-09-04 00:11:19+00:00,15,MT MUMBAI EXPRESS_67,IMO5553736,Passenger
sentinel_470,274992570,2026-09-04 01:17:37+00:00,2026-09-04 04:41:41+00:00,67,FV MUMBAI EXPRESS_19,IMO1115482,Fishing
sentinel_470,285514406,2026-09-03 23:00:00+00:00,2026-09-03 23:17:58+00:00,6,MT SEA HORIZON_25,IMO1258768,Passenger
sentinel_470,368688902,2026-09-04 00:02:47+00:00,2026-09-04 01:21:19+00:00,26,MT MUMBAI EXPRESS_99,IMO1898516,Cargo
sentinel_470,439670711,2026-09-04 02:21:55+00:00,2026-09-04 04:59:35+00:00,51,MV MUMBAI EXPRESS_14,IMO3341057,Tanker
sentinel_470,490612805,2026-09-03 23:14:03+00:00,2026-09-04 00:04:48+00:00,17,SY ARABIAN KNIGHT_48,IMO4773549,Tanker
sentinel_470,499317479,2026-09-03 23:00:00+00:00,2026-09-03 23:17:25+00:00,8,MV COASTAL PEARL_63,IMO4547081,Cargo
sentinel_470,569749767,2026-09-03 23:01:24+00:00,2026-09-03 23:33:21+00:00,11,MT MALABAR QUEEN_99,IMO7679508,Container Ship
sentinel_470,663550988,2026-09-04 03:56:55+00:00,2026-09-04 10:56:21+00:00,144,FV MUMBAI EXPRESS_65,IMO7614724,Fishing
sentinel_470,697169479,2026-09-03 23:45:24+00:00,2026-09-04 03:16:00+00:00,71,MT MUMBAI EXPRESS_41,IMO1966769,Fishing
sentinel_470,730915077,2026-09-03 23:04:52+00:00,2026-09-04 00:31:51+00:00,31,SY KONKAN TRADER_11,IMO2293159,Cargo
sentinel_470,790077090,2026-09-04 00:34:53+00:00,2026-09-04 02:59:19+00:00,45,SY COASTAL PEARL_51,IMO8387790,Tanker
sentinel_474,209053121,2026-09-03 23:00:00+00:00,2026-09-03 23:27:15+00:00,10,FV WESTERN STAR_38,IMO3093190,Passenger
sentinel_474,218087708,2026-09-03 23:00:00+00:00,2026-09-04 00:04:45+00:00,24,MT ARABIAN KNIGHT_62,IMO8890587,Tanker
sentinel_474,250916077,2026-09-03 23:32:37+00:00,2026-09-04 00:18:19+00:00,16,MT MUMBAI EXPRESS_67,IMO5553736,Passenger
sentinel_474,274992570,2026-09-04 01:20:41+00:00,2026-09-04 04:41:41+00:00,66,FV MUMBAI EXPRESS_19,IMO1115482,Fishing
sentinel_474,285514406,2026-09-03 23:00:00+00:00,2026-09-03 23:17:58+00:00,6,MT SEA HORIZON_25,IMO1258768,Passenger
sentinel_474,368688902,2026-09-03 23:54:19+00:00,2026-09-04 01:21:19+00:00,30,MT MUMBAI EXPRESS_99,IMO1898516,Cargo
sentinel_474,439670711,2026-09-04 02:13:46+00:00,2026-09-04 04:59:35+00:00,53,MV MUMBAI EXPRESS_14,IMO3341057,Tanker
sentinel_474,490612805,2026-09-03 23:14:03+00:00,2026-09-04 00:02:19+00:00,16,SY ARABIAN KNIGHT_48,IMO4773549,Tanker
sentinel_474,499317479,2026-09-03 23:00:00+00:00,2026-09-03 23:20:11+00:00,9,MV COASTAL PEARL_63,IMO4547081,Cargo
sentinel_474,569749767,2026-09-03 23:00:00+00:00,2026-09-03 23:34:25+00:00,13,MT MALABAR QUEEN_99,IMO7679508,Container Ship
sentinel_474,663550988,2026-09-04 03:44:33+00:00,2026-09-04 10:56:21+00:00,148,FV MUMBAI EXPRESS_65,IMO7614724,Fishing
sentinel_474,697169479,2026-09-03 23:36:31+00:00,2026-09-04 03:14:13+00:00,73,MT MUMBAI EXPRESS_41,IMO1966769,Fishing
sentinel_474,730915077,2026-09-03 23:02:27+00:00,2026-09-04 00:31:51+00:00,32,SY KONKAN TRADER_11,IMO2293159,Cargo
sentinel_474,790077090,2026-09-04 00:34:53+00:00,2026-09-04 03:09:00+00:00,48,SY COASTAL PEARL_51,IMO8387790,Tanker
sentinel_476,209053121,2026-09-03 23:00:00+00:00,2026-09-03 23:23:32+00:00,9,FV WESTERN STAR_38,IMO3093190,Passenger
sentinel_476,218087708,2026-09-03 23:00:00+00:00,2026-09-04 00:04:45+00:00,24,MT ARABIAN KNIGHT_62,IMO8890587,Tanker
sentinel_476,250916077,2026-09-03 23:28:15+00:00,2026-09-04 00:11:19+00:00,15,MT MUMBAI EXPRESS_67,IMO5553736,Passenger
sentinel_476,274992570,2026-09-04 01:17:37+00:00,2026-09-04 04:41:41+00:00,67,FV MUMBAI EXPRESS_19,IMO1115482,Fishing
sentinel_476,285514406,2026-09-03 23:00:00+00:00,2026-09-03 23:17:58+00:00,6,MT SEA HORIZON_25,IMO1258768,Passenger
sentinel_476,368688902,2026-09-04 00:02:47+00:00,2026-09-04 01:21:19+00:00,26,MT MUMBAI EXPRESS_99,IMO1898516,Cargo
sentinel_476,439670711,2026-09-04 02:21:55+00:00,2026-09-04 04:59:35+00:00,51,MV MUMBAI EXPRESS_14,IMO3341057,Tanker
sentinel_476,490612805,2026-09-03 23:14:03+00:00,2026-09-04 00:04:48+00:00,17,SY ARABIAN KNIGHT_48,IMO4773549,Tanker
sentinel_476,499317479,2026-09-03 23:00:00+00:00,2026-09-03 23:16:12+00:00,7,MV COASTAL PEARL_63,IMO4547081,Cargo
sentinel_476,569749767,2026-09-03 23:01:24+00:00,2026-09-03 23:33:21+00:00,11,MT MALABAR QUEEN_99,IMO7679508,Container Ship
sentinel_476,663550988,2026-09-04 03:56:55+00:00,2026-09-04 10:56:21+00:00,144,FV MUMBAI EXPRESS_65,IMO7614724,Fishing
sentinel_476,697169479,2026-09-03 23:45:24+00:00,2026-09-04 03:16:00+00:00,71,MT MUMBAI EXPRESS_41,IMO1966769,Fishing
sentinel_476,730915077,2026-09-03 23:04:52+00:00,2026-09-04 00:31:51+00:00,31,SY KONKAN TRADER_11,IMO2293159,Cargo
sentinel_476,790077090,2026-09-04 00:34:53+00:00,2026-09-04 02:59:19+00:00,45,SY COASTAL PEARL_51,IMO8387790,Tanker
sentinel_479,209053121,2026-09-03 23:00:00+00:00,2026-09-03 23:23:32+00:00,9,FV WESTERN STAR_38,IMO3093190,Passenger
sentinel_479,218087708,2026-09-03 23:00:00+00:00,2026-09-04 00:04:45+00:00,24,MT ARABIAN KNIGHT_62,IMO8890587,Tanker
sentinel_479,250916077,2026-09-03 23:32:37+00:00,2026-09-04 00:15:56+00:00,15,MT MUMBAI EXPRESS_67,IMO5553736,Passenger
sentinel_479,274992570,2026-09-04 01:24:36+00:00,2026-09-04 04:41:41+00:00,65,FV MUMBAI EXPRESS_19,IMO1115482,Fishing
sentinel_479,285514406,2026-09-03 23:00:00+00:00,2026-09-03 23:13:08+00:00,5,MT SEA HORIZON_25,IMO1258768,Passenger
sentinel_479,368688902,2026-09-04 00:01:11+00:00,2026-09-04 01:21:19+00:00,27,MT MUMBAI EXPRESS_99,IMO1898516,Cargo
sentinel_479,439670711,2026-09-04 02:18:42+00:00,2026-09-04 04:57:01+00:00,51,MV MUMBAI EXPRESS_14,IMO3341057,Tanker
sentinel_479,490612805,2026-09-03 23:09:11+00:00,2026-09-04 00:02:19+00:00,17,SY ARABIAN KNIGHT_48,IMO4773549,Tanker
sentinel_479,499317479,2026-09-03 23:00:00+00:00,2026-09-03 23:17:25+00:00,8,MV COASTAL PEARL_63,IMO4547081,Cargo
sentinel_479,569749767,2026-09-03 23:00:00+00:00,2026-09-03 23:33:21+00:00,12,MT MALABAR QUEEN_99,IMO7679508,Container Ship
sentinel_479,663550988,2026-09-04 03:52:26+00:00,2026-09-04 10:56:21+00:00,145,FV MUMBAI EXPRESS_65,IMO7614724,Fishing
sentinel_479,697169479,2026-09-03 23:41:07+00:00,2026-09-04 03:17:49+00:00,73,MT MUMBAI EXPRESS_41,IMO1966769,Fishing
sentinel_479,730915077,2026-09-03 23:02:27+00:00,2026-09-04 00:31:51+00:00,32,SY KONKAN TRADER_11,IMO2293159,Cargo
sentinel_479,790077090,2026-09-04 00:33:27+00:00,2026-09-04 03:04:32+00:00,48,SY COASTAL PEARL_51,IMO8387790,Tanker
sentinel_480,209053121,2026-09-03 23:00:00+00:00,2026-09-03 23:23:32+00:00,9,FV WESTERN STAR_38,IMO3093190,Passenger
sentinel_480,218087708,2026-09-03 23:00:00+00:00,2026-09-04 00:04:45+00:00,24,MT ARABIAN KNIGHT_62,IMO8890587,Tanker
sentinel_480,250916077,2026-09-03 23:28:15+00:00,2026-09-04 00:11:19+00:00,15,MT MUMBAI EXPRESS_67,IMO5553736,Passenger
sentinel_480,274992570,2026-09-04 01:17:37+00:00,2026-09-04 04:41:41+00:00,67,FV MUMBAI EXPRESS_19,IMO1115482,Fishing
sentinel_480,285514406,2026-09-03 23:00:00+00:00,2026-09-03 23:17:58+00:00,6,MT SEA HORIZON_25,IMO1258768,Passenger
sentinel_480,368688902,2026-09-04 00:02:47+00:00,2026-09-04 01:21:19+00:00,26,MT MUMBAI EXPRESS_99,IMO1898516,Cargo
sentinel_480,439670711,2026-09-04 02:21:55+00:00,2026-09-04 04:59:35+00:00,51,MV MUMBAI EXPRESS_14,IMO3341057,Tanker
sentinel_480,490612805,2026-09-03 23:14:03+00:00,2026-09-04 00:04:48+00:00,17,SY ARABIAN KNIGHT_48,IMO4773549,Tanker
sentinel_480,499317479,2026-09-03 23:00:00+00:00,2026-09-03 23:16:12+00:00,7,MV COASTAL PEARL_63,IMO4547081,Cargo
sentinel_480,569749767,2026-09-03 23:01:24+00:00,2026-09-03 23:33:21+00:00,11,MT MALABAR QUEEN_99,IMO7679508,Container Ship
sentinel_480,663550988,2026-09-04 03:56:55+00:00,2026-09-04 10:56:21+00:00,144,FV MUMBAI EXPRESS_65,IMO7614724,Fishing
sentinel_480,697169479,2026-09-03 23:45:24+00:00,2026-09-04 03:16:00+00:00,71,MT MUMBAI EXPRESS_41,IMO1966769,Fishing
sentinel_480,730915077,2026-09-03 23:04:52+00:00,2026-09-04 00:31:51+00:00,31,SY KONKAN TRADER_11,IMO2293159,Cargo
sentinel_480,790077090,2026-09-04 00:34:53+00:00,2026-09-04 02:59:19+00:00,45,SY COASTAL PEARL_51,IMO8387790,Tanker
sentinel_481,209053121,2026-09-03 23:00:00+00:00,2026-09-03 23:23:32+00:00,9,FV WESTERN STAR_38,IMO3093190,Passenger
sentinel_481,218087708,2026-09-03 23:00:00+00:00,2026-09-04 00:04:45+00:00,24,MT ARABIAN KNIGHT_62,IMO8890587,Tanker
sentinel_481,250916077,2026-09-03 23:32:37+00:00,2026-09-04 00:15:56+00:00,15,MT MUMBAI EXPRESS_67,IMO5553736,Passenger
sentinel_481,274992570,2026-09-04 01:28:56+00:00,2026-09-04 04:44:33+00:00,65,FV MUMBAI EXPRESS_19,IMO1115482,Fishing
sentinel_481,285514406,2026-09-03 23:00:00+00:00,2026-09-03 23:13:08+00:00,5,MT SEA HORIZON_25,IMO1258768,Passenger
sentinel_481,368688902,2026-09-03 23:57:42+00:00,2026-09-04 01:18:48+00:00,27,MT MUMBAI EXPRESS_99,IMO1898516,Cargo
sentinel_481,439670711,2026-09-04 02:18:42+00:00,2026-09-04 04:52:10+00:00,49,MV MUMBAI EXPRESS_14,IMO3341057,Tanker
sentinel_481,490612805,2026-09-03 23:14:03+00:00,2026-09-03 23:58:38+00:00,15,SY ARABIAN KNIGHT_48,IMO4773549,Tanker
sentinel_481,499317479,2026-09-03 23:00:00+00:00,2026-09-03 23:17:25+00:00,8,MV COASTAL PEARL_63,IMO4547081,Cargo
sentinel_481,569749767,2026-09-03 23:00:00+00:00,2026-09-03 23:34:25+00:00,13,MT MALABAR QUEEN_99,IMO7679508,Container Ship
sentinel_481,663550988,2026-09-04 03:48:19+00:00,2026-09-04 10:56:21+00:00,146,FV MUMBAI EXPRESS_65,IMO7614724,Fishing
sentinel_481,697169479,2026-09-03 23:41:07+00:00,2026-09-04 03:16:00+00:00,72,MT MUMBAI EXPRESS_41,IMO1966769,Fishing
sentinel_481,730915077,2026-09-03 23:02:27+00:00,2026-09-04 00:31:51+00:00,32,SY KONKAN TRADER_11,IMO2293159,Cargo
sentinel_481,790077090,2026-09-04 00:34:53+00:00,2026-09-04 03:04:32+00:00,47,SY COASTAL PEARL_51,IMO8387790,Tanker
sentinel_503,209053121,2026-09-03 23:00:00+00:00,2026-09-03 23:27:15+00:00,10,FV WESTERN STAR_38,IMO3093190,Passenger
sentinel_503,218087708,2026-09-03 23:01:57+00:00,2026-09-04 00:04:45+00:00,23,MT ARABIAN KNIGHT_62,IMO8890587,Tanker
sentinel_503,250916077,2026-09-03 23:32:37+00:00,2026-09-04 00:15:56+00:00,15,MT MUMBAI EXPRESS_67,IMO5553736,Passenger
sentinel_503,274992570,2026-09-04 01:20:41+00:00,2026-09-04 04:41:41+00:00,66,FV MUMBAI EXPRESS_19,IMO1115482,Fishing
sentinel_503,285514406,2026-09-03 23:00:00+00:00,2026-09-03 23:17:58+00:00,6,MT SEA HORIZON_25,IMO1258768,Passenger
sentinel_503,368688902,2026-09-03 23:55:36+00:00,2026-09-04 01:21:19+00:00,29,MT MUMBAI EXPRESS_99,IMO1898516,Cargo
sentinel_503,439670711,2026-09-04 02:18:42+00:00,2026-09-04 04:59:35+00:00,52,MV MUMBAI EXPRESS_14,IMO3341057,Tanker
sentinel_503,490612805,2026-09-03 23:14:03+00:00,2026-09-04 00:02:19+00:00,16,SY ARABIAN KNIGHT_48,IMO4773549,Tanker
sentinel_503,499317479,2026-09-03 23:00:00+00:00,2026-09-03 23:20:11+00:00,9,MV COASTAL PEARL_63,IMO4547081,Cargo
sentinel_503,569749767,2026-09-03 23:00:00+00:00,2026-09-03 23:33:21+00:00,12,MT MALABAR QUEEN_99,IMO7679508,Container Ship
sentinel_503,663550988,2026-09-04 03:46:01+00:00,2026-09-04 10:56:21+00:00,147,FV MUMBAI EXPRESS_65,IMO7614724,Fishing
sentinel_503,697169479,2026-09-03 23:38:07+00:00,2026-09-04 03:05:49+00:00,70,MT MUMBAI EXPRESS_41,IMO1966769,Fishing
sentinel_503,730915077,2026-09-03 23:02:27+00:00,2026-09-04 00:26:07+00:00,30,SY KONKAN TRADER_11,IMO2293159,Cargo
sentinel_503,790077090,2026-09-04 00:42:24+00:00,2026-09-04 03:04:32+00:00,45,SY COASTAL PEARL_51,IMO8387790,Tanker
sentinel_504,209053121,2026-09-03 23:00:00+00:00,2026-09-03 23:23:32+00:00,9,FV WESTERN STAR_38,IMO3093190,Passenger
sentinel_504,218087708,2026-09-03 23:00:00+00:00,2026-09-04 00:04:45+00:00,24,MT ARABIAN KNIGHT_62,IMO8890587,Tanker
sentinel_504,250916077,2026-09-03 23:28:15+00:00,2026-09-04 00:11:19+00:00,15,MT MUMBAI EXPRESS_67,IMO5553736,Passenger
sentinel_504,274992570,2026-09-04 01:17:37+00:00,2026-09-04 04:41:41+00:00,67,FV MUMBAI EXPRESS_19,IMO1115482,Fishing
sentinel_504,285514406,2026-09-03 23:00:00+00:00,2026-09-03 23:17:58+00:00,6,MT SEA HORIZON_25,IMO1258768,Passenger
sentinel_504,368688902,2026-09-04 00:02:47+00:00,2026-09-04 01:21:19+00:00,26,MT MUMBAI EXPRESS_99,IMO1898516,Cargo
sentinel_504,439670711,2026-09-04 02:21:55+00:00,2026-09-04 04:59:35+00:00,51,MV MUMBAI EXPRESS_14,IMO3341057,Tanker
sentinel_504,490612805,2026-09-03 23:14:03+00:00,2026-09-04 00:04:48+00:00,17,SY ARABIAN KNIGHT_48,IMO4773549,Tanker
sentinel_504,499317479,2026-09-03 23:00:00+00:00,2026-09-03 23:16:12+00:00,7,MV COASTAL PEARL_63,IMO4547081,Cargo
sentinel_504,569749767,2026-09-03 23:01:24+00:00,2026-09-03 23:33:21+00:00,11,MT MALABAR QUEEN_99,IMO7679508,Container Ship
sentinel_504,663550988,2026-09-04 03:56:55+00:00,2026-09-04 10:56:21+00:00,144,FV MUMBAI EXPRESS_65,IMO7614724,Fishing
sentinel_504,697169479,2026-09-03 23:45:24+00:00,2026-09-04 03:14:13+00:00,70,MT MUMBAI EXPRESS_41,IMO1966769,Fishing
sentinel_504,730915077,2026-09-03 23:04:52+00:00,2026-09-04 00:31:51+00:00,31,SY KONKAN TRADER_11,IMO2293159,Cargo
sentinel_504,790077090,2026-09-04 00:37:52+00:00,2026-09-04 02:59:19+00:00,44,SY COASTAL PEARL_51,IMO8387790,Tanker
sentinel_517,209053121,2026-09-03 23:00:00+00:00,2026-09-03 23:23:32+00:00,9,FV WESTERN STAR_38,IMO3093190,Passenger
sentinel_517,218087708,2026-09-03 23:00:00+00:00,2026-09-04 00:04:45+00:00,24,MT ARABIAN KNIGHT_62,IMO8890587,Tanker
sentinel_517,250916077,2026-09-03 23:28:15+00:00,2026-09-04 00:11:19+00:00,15,MT MUMBAI EXPRESS_67,IMO5553736,Passenger
sentinel_517,274992570,2026-09-04 01:17:37+00:00,2026-09-04 04:41:41+00:00,67,FV MUMBAI EXPRESS_19,IMO1115482,Fishing
sentinel_517,285514406,2026-09-03 23:00:00+00:00,2026-09-03 23:17:58+00:00,6,MT SEA HORIZON_25,IMO1258768,Passenger
sentinel_517,368688902,2026-09-04 00:02:47+00:00,2026-09-04 01:21:19+00:00,26,MT MUMBAI EXPRESS_99,IMO1898516,Cargo
sentinel_517,439670711,2026-09-04 02:21:55+00:00,2026-09-04 04:59:35+00:00,51,MV MUMBAI EXPRESS_14,IMO3341057,Tanker
sentinel_517,490612805,2026-09-03 23:14:03+00:00,2026-09-04 00:04:48+00:00,17,SY ARABIAN KNIGHT_48,IMO4773549,Tanker
sentinel_517,499317479,2026-09-03 23:00:00+00:00,2026-09-03 23:16:12+00:00,7,MV COASTAL PEARL_63,IMO4547081,Cargo
sentinel_517,569749767,2026-09-03 23:01:24+00:00,2026-09-03 23:33:21+00:00,11,MT MALABAR QUEEN_99,IMO7679508,Container Ship
sentinel_517,663550988,2026-09-04 03:56:55+00:00,2026-09-04 10:56:21+00:00,144,FV MUMBAI EXPRESS_65,IMO7614724,Fishing
sentinel_517,697169479,2026-09-03 23:45:24+00:00,2026-09-04 03:16:00+00:00,71,MT MUMBAI EXPRESS_41,IMO1966769,Fishing
sentinel_517,730915077,2026-09-03 23:04:52+00:00,2026-09-04 00:31:51+00:00,31,SY KONKAN TRADER_11,IMO2293159,Cargo
sentinel_517,790077090,2026-09-04 00:34:53+00:00,2026-09-04 02:59:19+00:00,45,SY COASTAL PEARL_51,IMO8387790,Tanker
sentinel_525,209053121,2026-09-03 23:00:00+00:00,2026-09-03 23:23:32+00:00,9,FV WESTERN STAR_38,IMO3093190,Passenger
sentinel_525,218087708,2026-09-03 23:00:00+00:00,2026-09-04 00:04:45+00:00,24,MT ARABIAN KNIGHT_62,IMO8890587,Tanker
sentinel_525,250916077,2026-09-03 23:28:15+00:00,2026-09-04 00:11:19+00:00,15,MT MUMBAI EXPRESS_67,IMO5553736,Passenger
sentinel_525,274992570,2026-09-04 01:17:37+00:00,2026-09-04 04:41:41+00:00,67,FV MUMBAI EXPRESS_19,IMO1115482,Fishing
sentinel_525,285514406,2026-09-03 23:00:00+00:00,2026-09-03 23:17:58+00:00,6,MT SEA HORIZON_25,IMO1258768,Passenger
sentinel_525,368688902,2026-09-04 00:02:47+00:00,2026-09-04 01:21:19+00:00,26,MT MUMBAI EXPRESS_99,IMO1898516,Cargo
sentinel_525,439670711,2026-09-04 02:21:55+00:00,2026-09-04 04:59:35+00:00,51,MV MUMBAI EXPRESS_14,IMO3341057,Tanker
sentinel_525,490612805,2026-09-03 23:14:03+00:00,2026-09-04 00:04:48+00:00,17,SY ARABIAN KNIGHT_48,IMO4773549,Tanker
sentinel_525,499317479,2026-09-03 23:00:00+00:00,2026-09-03 23:16:12+00:00,7,MV COASTAL PEARL_63,IMO4547081,Cargo
sentinel_525,569749767,2026-09-03 23:01:24+00:00,2026-09-03 23:33:21+00:00,11,MT MALABAR QUEEN_99,IMO7679508,Container Ship
sentinel_525,663550988,2026-09-04 03:56:55+00:00,2026-09-04 10:56:21+00:00,144,FV MUMBAI EXPRESS_65,IMO7614724,Fishing
sentinel_525,697169479,2026-09-03 23:45:24+00:00,2026-09-04 03:16:00+00:00,71,MT MUMBAI EXPRESS_41,IMO1966769,Fishing
sentinel_525,730915077,2026-09-03 23:04:52+00:00,2026-09-04 00:31:51+00:00,31,SY KONKAN TRADER_11,IMO2293159,Cargo
sentinel_525,790077090,2026-09-04 00:34:53+00:00,2026-09-04 02:59:19+00:00,45,SY COASTAL PEARL_51,IMO8387790,Tanker
sentinel_533,209053121,2026-09-03 23:00:00+00:00,2026-09-03 23:23:32+00:00,9,FV WESTERN STAR_38,IMO3093190,Passenger
sentinel_533,218087708,2026-09-03 23:00:00+00:00,2026-09-04 00:04:45+00:00,24,MT ARABIAN KNIGHT_62,IMO8890587,Tanker
sentinel_533,250916077,2026-09-03 23:34:35+00:00,2026-09-04 00:15:56+00:00,14,MT MUMBAI EXPRESS_67,IMO5553736,Passenger
sentinel_533,274992570,2026-09-04 01:28:56+00:00,2026-09-04 04:39:17+00:00,63,FV MUMBAI EXPRESS_19,IMO1115482,Fishing
sentinel_533,285514406,2026-09-03 23:00:00+00:00,2026-09-03 23:13:08+00:00,5,MT SEA HORIZON_25,IMO1258768,Passenger
sentinel_533,368688902,2026-09-03 23:57:42+00:00,2026-09-04 01:16:35+00:00,26,MT MUMBAI EXPRESS_99,IMO1898516,Cargo
sentinel_533,439670711,2026-09-04 02:18:42+00:00,2026-09-04 04:52:10+00:00,49,MV MUMBAI EXPRESS_14,IMO3341057,Tanker
sentinel_533,490612805,2026-09-03 23:09:11+00:00,2026-09-03 23:54:05+00:00,15,SY ARABIAN KNIGHT_48,IMO4773549,Tanker
sentinel_533,499317479,2026-09-03 23:00:00+00:00,2026-09-03 23:17:25+00:00,8,MV COASTAL PEARL_63,IMO4547081,Cargo
sentinel_533,569749767,2026-09-03 23:00:00+00:00,2026-09-03 23:30:46+00:00,11,MT MALABAR QUEEN_99,IMO7679508,Container Ship
sentinel_533,663550988,2026-09-04 03:48:19+00:00,2026-09-04 10:56:21+00:00,146,FV MUMBAI EXPRESS_65,IMO7614724,Fishing
sentinel_533,697169479,2026-09-03 23:41:07+00:00,2026-09-04 03:17:49+00:00,73,MT MUMBAI EXPRESS_41,IMO1966769,Fishing
sentinel_533,730915077,2026-09-03 23:04:52+00:00,2026-09-04 00:31:51+00:00,31,SY KONKAN TRADER_11,IMO2293159,Cargo
sentinel_533,790077090,2026-09-04 00:33:27+00:00,2026-09-04 03:04:32+00:00,48,SY COASTAL PEARL_51,IMO8387790,Tanker
sentinel_565,209053121,2026-09-03 23:00:00+00:00,2026-09-03 23:23:32+00:00,9,FV WESTERN STAR_38,IMO3093190,Passenger
sentinel_565,218087708,2026-09-03 23:00:00+00:00,2026-09-04 00:04:45+00:00,24,MT ARABIAN KNIGHT_62,IMO8890587,Tanker
sentinel_565,250916077,2026-09-03 23:28:15+00:00,2026-09-04 00:11:19+00:00,15,MT MUMBAI EXPRESS_67,IMO5553736,Passenger
sentinel_565,274992570,2026-09-04 01:17:37+00:00,2026-09-04 04:41:41+00:00,67,FV MUMBAI EXPRESS_19,IMO1115482,Fishing
sentinel_565,285514406,2026-09-03 23:00:00+00:00,2026-09-03 23:17:58+00:00,6,MT SEA HORIZON_25,IMO1258768,Passenger
sentinel_565,368688902,2026-09-04 00:02:47+00:00,2026-09-04 01:21:19+00:00,26,MT MUMBAI EXPRESS_99,IMO1898516,Cargo
sentinel_565,439670711,2026-09-04 02:21:55+00:00,2026-09-04 04:59:35+00:00,51,MV MUMBAI EXPRESS_14,IMO3341057,Tanker
sentinel_565,490612805,2026-09-03 23:14:03+00:00,2026-09-04 00:04:48+00:00,17,SY ARABIAN KNIGHT_48,IMO4773549,Tanker
sentinel_565,499317479,2026-09-03 23:00:00+00:00,2026-09-03 23:16:12+00:00,7,MV COASTAL PEARL_63,IMO4547081,Cargo
sentinel_565,569749767,2026-09-03 23:01:24+00:00,2026-09-03 23:33:21+00:00,11,MT MALABAR QUEEN_99,IMO7679508,Container Ship
sentinel_565,663550988,2026-09-04 03:56:55+00:00,2026-09-04 10:56:21+00:00,144,FV MUMBAI EXPRESS_65,IMO7614724,Fishing
sentinel_565,697169479,2026-09-03 23:45:24+00:00,2026-09-04 03:16:00+00:00,71,MT MUMBAI EXPRESS_41,IMO1966769,Fishing
sentinel_565,730915077,2026-09-03 23:04:52+00:00,2026-09-04 00:31:51+00:00,31,SY KONKAN TRADER_11,IMO2293159,Cargo
sentinel_565,790077090,2026-09-04 00:34:53+00:00,2026-09-04 02:59:19+00:00,45,SY COASTAL PEARL_51,IMO8387790,Tanker
sentinel_576,209053121,2026-09-03 23:00:00+00:00,2026-09-03 23:23:32+00:00,9,FV WESTERN STAR_38,IMO3093190,Passenger
sentinel_576,218087708,2026-09-03 23:00:00+00:00,2026-09-04 00:04:45+00:00,24,MT ARABIAN KNIGHT_62,IMO8890587,Tanker
sentinel_576,250916077,2026-09-03 23:28:15+00:00,2026-09-04 00:11:19+00:00,15,MT MUMBAI EXPRESS_67,IMO5553736,Passenger
sentinel_576,274992570,2026-09-04 01:17:37+00:00,2026-09-04 04:41:41+00:00,67,FV MUMBAI EXPRESS_19,IMO1115482,Fishing
sentinel_576,285514406,2026-09-03 23:00:00+00:00,2026-09-03 23:17:58+00:00,6,MT SEA HORIZON_25,IMO1258768,Passenger
sentinel_576,368688902,2026-09-04 00:02:47+00:00,2026-09-04 01:21:19+00:00,26,MT MUMBAI EXPRESS_99,IMO1898516,Cargo
sentinel_576,439670711,2026-09-04 02:21:55+00:00,2026-09-04 04:59:35+00:00,51,MV MUMBAI EXPRESS_14,IMO3341057,Tanker
sentinel_576,490612805,2026-09-03 23:14:03+00:00,2026-09-04 00:04:48+00:00,17,SY ARABIAN KNIGHT_48,IMO4773549,Tanker
sentinel_576,499317479,2026-09-03 23:00:00+00:00,2026-09-03 23:16:12+00:00,7,MV COASTAL PEARL_63,IMO4547081,Cargo
sentinel_576,569749767,2026-09-03 23:01:24+00:00,2026-09-03 23:33:21+00:00,11,MT MALABAR QUEEN_99,IMO7679508,Container Ship
sentinel_576,663550988,2026-09-04 03:56:55+00:00,2026-09-04 10:56:21+00:00,144,FV MUMBAI EXPRESS_65,IMO7614724,Fishing
sentinel_576,697169479,2026-09-03 23:45:24+00:00,2026-09-04 03:16:00+00:00,71,MT MUMBAI EXPRESS_41,IMO1966769,Fishing
sentinel_576,730915077,2026-09-03 23:04:52+00:00,2026-09-04 00:31:51+00:00,31,SY KONKAN TRADER_11,IMO2293159,Cargo
sentinel_576,790077090,2026-09-04 00:34:53+00:00,2026-09-04 02:59:19+00:00,45,SY COASTAL PEARL_51,IMO8387790,Tanker
sentinel_58,209053121,2026-09-03 23:00:00+00:00,2026-09-03 23:23:32+00:00,9,FV WESTERN STAR_38,IMO3093190,Passenger
sentinel_58,218087708,2026-09-03 23:00:00+00:00,2026-09-03 23:59:57+00:00,23,MT ARABIAN KNIGHT_62,IMO8890587,Tanker
sentinel_58,250916077,2026-09-03 23:32:37+00:00,2026-09-04 00:11:19+00:00,14,MT MUMBAI EXPRESS_67,IMO5553736,Passenger
sentinel_58,274992570,2026-09-04 01:24:36+00:00,2026-09-04 04:35:14+00:00,63,FV MUMBAI EXPRESS_19,IMO1115482,Fishing
sentinel_58,285514406,2026-09-03 23:00:00+00:00,2026-09-03 23:13:08+00:00,5,MT SEA HORIZON_25,IMO1258768,Passenger
sentinel_58,368688902,2026-09-04 00:02:47+00:00,2026-09-04 01:18:48+00:00,25,MT MUMBAI EXPRESS_99,IMO1898516,Cargo
sentinel_58,439670711,2026-09-04 02:21:55+00:00,2026-09-04 04:57:01+00:00,50,MV MUMBAI EXPRESS_14,IMO3341057,Tanker
sentinel_58,490612805,2026-09-03 23:08:04+00:00,2026-09-03 23:58:38+00:00,17,SY ARABIAN KNIGHT_48,IMO4773549,Tanker
sentinel_58,499317479,2026-09-03 23:00:00+00:00,2026-09-03 23:16:12+00:00,7,MV COASTAL PEARL_63,IMO4547081,Cargo
sentinel_58,569749767,2026-09-03 23:01:24+00:00,2026-09-03 23:30:46+00:00,10,MT MALABAR QUEEN_99,IMO7679508,Container Ship
sentinel_58,663550988,2026-09-04 03:56:55+00:00,2026-09-04 10:56:21+00:00,144,FV MUMBAI EXPRESS_65,IMO7614724,Fishing
sentinel_58,697169479,2026-09-03 23:45:24+00:00,2026-09-04 03:22:19+00:00,73,MT MUMBAI EXPRESS_41,IMO1966769,Fishing
sentinel_58,730915077,2026-09-03 23:09:48+00:00,2026-09-04 00:31:51+00:00,30,SY KONKAN TRADER_11,IMO2293159,Cargo
sentinel_58,790077090,2026-09-04 00:33:27+00:00,2026-09-04 02:59:19+00:00,46,SY COASTAL PEARL_51,IMO8387790,Tanker
sentinel_59,209053121,2026-09-03 23:00:00+00:00,2026-09-03 23:23:32+00:00,9,FV WESTERN STAR_38,IMO3093190,Passenger
sentinel_59,218087708,2026-09-03 23:00:00+00:00,2026-09-04 00:04:45+00:00,24,MT ARABIAN KNIGHT_62,IMO8890587,Tanker
sentinel_59,250916077,2026-09-03 23:28:15+00:00,2026-09-04 00:11:19+00:00,15,MT MUMBAI EXPRESS_67,IMO5553736,Passenger
sentinel_59,274992570,2026-09-04 01:17:37+00:00,2026-09-04 04:44:33+00:00,68,FV MUMBAI EXPRESS_19,IMO1115482,Fishing
sentinel_59,285514406,2026-09-03 23:00:00+00:00,2026-09-03 23:17:58+00:00,6,MT SEA HORIZON_25,IMO1258768,Passenger
sentinel_59,368688902,2026-09-04 00:02:47+00:00,2026-09-04 01:21:19+00:00,26,MT MUMBAI EXPRESS_99,IMO1898516,Cargo
sentinel_59,439670711,2026-09-04 02:21:55+00:00,2026-09-04 05:02:53+00:00,52,MV MUMBAI EXPRESS_14,IMO3341057,Tanker
sentinel_59,490612805,2026-09-03 23:14:03+00:00,2026-09-04 00:04:48+00:00,17,SY ARABIAN KNIGHT_48,IMO4773549,Tanker
sentinel_59,499317479,2026-09-03 23:00:00+00:00,2026-09-03 23:16:12+00:00,7,MV COASTAL PEARL_63,IMO4547081,Cargo
sentinel_59,569749767,2026-09-03 23:01:24+00:00,2026-09-03 23:34:25+00:00,12,MT MALABAR QUEEN_99,IMO7679508,Container Ship
sentinel_59,663550988,2026-09-04 03:59:51+00:00,2026-09-04 10:56:21+00:00,143,FV MUMBAI EXPRESS_65,IMO7614724,Fishing
sentinel_59,697169479,2026-09-03 23:45:24+00:00,2026-09-04 03:14:13+00:00,70,MT MUMBAI EXPRESS_41,IMO1966769,Fishing
sentinel_59,730915077,2026-09-03 23:04:52+00:00,2026-09-04 00:31:51+00:00,31,SY KONKAN TRADER_11,IMO2293159,Cargo
sentinel_59,790077090,2026-09-04 00:34:53+00:00,2026-09-04 02:59:19+00:00,45,SY COASTAL PEARL_51,IMO8387790,Tanker
sentinel_591,209053121,2026-09-03 23:00:00+00:00,2026-09-03 23:23:32+00:00,9,FV WESTERN STAR_38,IMO3093190,Passenger
sentinel_591,218087708,2026-09-03 23:00:00+00:00,2026-09-04 00:04:45+00:00,24,MT ARABIAN KNIGHT_62,IMO8890587,Tanker
sentinel_591,250916077,2026-09-03 23:28:15+00:00,2026-09-04 00:11:19+00:00,15,MT MUMBAI EXPRESS_67,IMO5553736,Passenger
sentinel_591,274992570,2026-09-04 01:17:37+00:00,2026-09-04 04:41:41+00:00,67,FV MUMBAI EXPRESS_19,IMO1115482,Fishing
sentinel_591,285514406,2026-09-03 23:00:00+00:00,2026-09-03 23:17:58+00:00,6,MT SEA HORIZON_25,IMO1258768,Passenger
sentinel_591,368688902,2026-09-04 00:02:47+00:00,2026-09-04 01:21:19+00:00,26,MT MUMBAI EXPRESS_99,IMO1898516,Cargo
sentinel_591,439670711,2026-09-04 02:21:55+00:00,2026-09-04 04:59:35+00:00,51,MV MUMBAI EXPRESS_14,IMO3341057,Tanker
sentinel_591,490612805,2026-09-03 23:14:03+00:00,2026-09-04 00:04:48+00:00,17,SY ARABIAN KNIGHT_48,IMO4773549,Tanker
sentinel_591,499317479,2026-09-03 23:00:00+00:00,2026-09-03 23:16:12+00:00,7,MV COASTAL PEARL_63,IMO4547081,Cargo
sentinel_591,569749767,2026-09-03 23:01:24+00:00,2026-09-03 23:33:21+00:00,11,MT MALABAR QUEEN_99,IMO7679508,Container Ship
sentinel_591,663550988,2026-09-04 03:56:55+00:00,2026-09-04 10:56:21+00:00,144,FV MUMBAI EXPRESS_65,IMO7614724,Fishing
sentinel_591,697169479,2026-09-03 23:45:24+00:00,2026-09-04 03:16:00+00:00,71,MT MUMBAI EXPRESS_41,IMO1966769,Fishing
sentinel_591,730915077,2026-09-03 23:04:52+00:00,2026-09-04 00:31:51+00:00,31,SY KONKAN TRADER_11,IMO2293159,Cargo
sentinel_591,790077090,2026-09-04 00:34:53+00:00,2026-09-04 02:59:19+00:00,45,SY COASTAL PEARL_51,IMO8387790,Tanker
sentinel_592,209053121,2026-09-03 23:00:00+00:00,2026-09-03 23:23:32+00:00,9,FV WESTERN STAR_38,IMO3093190,Passenger
sentinel_592,218087708,2026-09-03 23:00:00+00:00,2026-09-04 00:04:45+00:00,24,MT ARABIAN KNIGHT_62,IMO8890587,Tanker
sentinel_592,250916077,2026-09-03 23:28:15+00:00,2026-09-04 00:11:19+00:00,15,MT MUMBAI EXPRESS_67,IMO5553736,Passenger
sentinel_592,274992570,2026-09-04 01:17:37+00:00,2026-09-04 04:41:41+00:00,67,FV MUMBAI EXPRESS_19,IMO1115482,Fishing
sentinel_592,285514406,2026-09-03 23:00:00+00:00,2026-09-03 23:17:58+00:00,6,MT SEA HORIZON_25,IMO1258768,Passenger
sentinel_592,368688902,2026-09-04 00:02:47+00:00,2026-09-04 01:21:19+00:00,26,MT MUMBAI EXPRESS_99,IMO1898516,Cargo
sentinel_592,439670711,2026-09-04 02:21:55+00:00,2026-09-04 04:59:35+00:00,51,MV MUMBAI EXPRESS_14,IMO3341057,Tanker
sentinel_592,490612805,2026-09-03 23:14:03+00:00,2026-09-04 00:04:48+00:00,17,SY ARABIAN KNIGHT_48,IMO4773549,Tanker
sentinel_592,499317479,2026-09-03 23:00:00+00:00,2026-09-03 23:16:12+00:00,7,MV COASTAL PEARL_63,IMO4547081,Cargo
sentinel_592,569749767,2026-09-03 23:01:24+00:00,2026-09-03 23:33:21+00:00,11,MT MALABAR QUEEN_99,IMO7679508,Container Ship
sentinel_592,663550988,2026-09-04 03:56:55+00:00,2026-09-04 10:56:21+00:00,144,FV MUMBAI EXPRESS_65,IMO7614724,Fishing
sentinel_592,697169479,2026-09-03 23:45:24+00:00,2026-09-04 03:16:00+00:00,71,MT MUMBAI EXPRESS_41,IMO1966769,Fishing
sentinel_592,730915077,2026-09-03 23:04:52+00:00,2026-09-04 00:31:51+00:00,31,SY KONKAN TRADER_11,IMO2293159,Cargo
sentinel_592,790077090,2026-09-04 00:34:53+00:00,2026-09-04 02:59:19+00:00,45,SY COASTAL PEARL_51,IMO8387790,Tanker
sentinel_595,209053121,2026-09-03 23:00:00+00:00,2026-09-03 23:23:32+00:00,9,FV WESTERN STAR_38,IMO3093190,Passenger
sentinel_595,218087708,2026-09-03 23:00:00+00:00,2026-09-04 00:04:45+00:00,24,MT ARABIAN KNIGHT_62,IMO8890587,Tanker
sentinel_595,250916077,2026-09-03 23:28:15+00:00,2026-09-04 00:11:19+00:00,15,MT MUMBAI EXPRESS_67,IMO5553736,Passenger
sentinel_595,274992570,2026-09-04 01:17:37+00:00,2026-09-04 04:41:41+00:00,67,FV MUMBAI EXPRESS_19,IMO1115482,Fishing
sentinel_595,285514406,2026-09-03 23:00:00+00:00,2026-09-03 23:17:58+00:00,6,MT SEA HORIZON_25,IMO1258768,Passenger
sentinel_595,368688902,2026-09-04 00:02:47+00:00,2026-09-04 01:21:19+00:00,26,MT MUMBAI EXPRESS_99,IMO1898516,Cargo
sentinel_595,439670711,2026-09-04 02:21:55+00:00,2026-09-04 04:59:35+00:00,51,MV MUMBAI EXPRESS_14,IMO3341057,Tanker
sentinel_595,490612805,2026-09-03 23:14:03+00:00,2026-09-04 00:04:48+00:00,17,SY ARABIAN KNIGHT_48,IMO4773549,Tanker
sentinel_595,499317479,2026-09-03 23:00:00+00:00,2026-09-03 23:16:12+00:00,7,MV COASTAL PEARL_63,IMO4547081,Cargo
sentinel_595,569749767,2026-09-03 23:01:24+00:00,2026-09-03 23:33:21+00:00,11,MT MALABAR QUEEN_99,IMO7679508,Container Ship
sentinel_595,663550988,2026-09-04 03:56:55+00:00,2026-09-04 10:56:21+00:00,144,FV MUMBAI EXPRESS_65,IMO7614724,Fishing
sentinel_595,697169479,2026-09-03 23:45:24+00:00,2026-09-04 03:16:00+00:00,71,MT MUMBAI EXPRESS_41,IMO1966769,Fishing
sentinel_595,730915077,2026-09-03 23:04:52+00:00,2026-09-04 00:31:51+00:00,31,SY KONKAN TRADER_11,IMO2293159,Cargo
sentinel_595,790077090,2026-09-04 00:34:53+00:00,2026-09-04 02:59:19+00:00,45,SY COASTAL PEARL_51,IMO8387790,Tanker
sentinel_599,209053121,2026-09-03 23:00:00+00:00,2026-09-03 23:23:32+00:00,9,FV WESTERN STAR_38,IMO3093190,Passenger
sentinel_599,218087708,2026-09-03 23:00:00+00:00,2026-09-04 00:04:45+00:00,24,MT ARABIAN KNIGHT_62,IMO8890587,Tanker
sentinel_599,250916077,2026-09-03 23:28:15+00:00,2026-09-04 00:11:19+00:00,15,MT MUMBAI EXPRESS_67,IMO5553736,Passenger
sentinel_599,274992570,2026-09-04 01:17:37+00:00,2026-09-04 04:41:41+00:00,67,FV MUMBAI EXPRESS_19,IMO1115482,Fishing
sentinel_599,285514406,2026-09-03 23:00:00+00:00,2026-09-03 23:17:58+00:00,6,MT SEA HORIZON_25,IMO1258768,Passenger
sentinel_599,368688902,2026-09-04 00:02:47+00:00,2026-09-04 01:21:19+00:00,26,MT MUMBAI EXPRESS_99,IMO1898516,Cargo
sentinel_599,439670711,2026-09-04 02:21:55+00:00,2026-09-04 04:59:35+00:00,51,MV MUMBAI EXPRESS_14,IMO3341057,Tanker
sentinel_599,490612805,2026-09-03 23:14:03+00:00,2026-09-04 00:04:48+00:00,17,SY ARABIAN KNIGHT_48,IMO4773549,Tanker
sentinel_599,499317479,2026-09-03 23:00:00+00:00,2026-09-03 23:16:12+00:00,7,MV COASTAL PEARL_63,IMO4547081,Cargo
sentinel_599,569749767,2026-09-03 23:01:24+00:00,2026-09-03 23:33:21+00:00,11,MT MALABAR QUEEN_99,IMO7679508,Container Ship
sentinel_599,663550988,2026-09-04 03:56:55+00:00,2026-09-04 10:56:21+00:00,144,FV MUMBAI EXPRESS_65,IMO7614724,Fishing
sentinel_599,697169479,2026-09-03 23:45:24+00:00,2026-09-04 03:16:00+00:00,71,MT MUMBAI EXPRESS_41,IMO1966769,Fishing
sentinel_599,730915077,2026-09-03 23:04:52+00:00,2026-09-04 00:31:51+00:00,31,SY KONKAN TRADER_11,IMO2293159,Cargo
sentinel_599,790077090,2026-09-04 00:34:53+00:00,2026-09-04 02:59:19+00:00,45,SY COASTAL PEARL_51,IMO8387790,Tanker
sentinel_60,209053121,2026-09-03 23:00:00+00:00,2026-09-03 23:27:15+00:00,10,FV WESTERN STAR_38,IMO3093190,Passenger
sentinel_60,218087708,2026-09-03 23:06:15+00:00,2026-09-04 00:04:45+00:00,22,MT ARABIAN KNIGHT_62,IMO8890587,Tanker
sentinel_60,250916077,2026-09-03 23:32:37+00:00,2026-09-04 00:18:19+00:00,16,MT MUMBAI EXPRESS_67,IMO5553736,Passenger
sentinel_60,274992570,2026-09-04 01:28:56+00:00,2026-09-04 04:41:41+00:00,64,FV MUMBAI EXPRESS_19,IMO1115482,Fishing
sentinel_60,285514406,2026-09-03 23:00:00+00:00,2026-09-03 23:13:08+00:00,5,MT SEA HORIZON_25,IMO1258768,Passenger
sentinel_60,368688902,2026-09-03 23:54:19+00:00,2026-09-04 01:18:48+00:00,29,MT MUMBAI EXPRESS_99,IMO1898516,Cargo
sentinel_60,439670711,2026-09-04 02:13:46+00:00,2026-09-04 04:54:42+00:00,51,MV MUMBAI EXPRESS_14,IMO3341057,Tanker
sentinel_60,490612805,2026-09-03 23:14:03+00:00,2026-09-03 23:58:38+00:00,15,SY ARABIAN KNIGHT_48,IMO4773549,Tanker
sentinel_60,499317479,2026-09-03 23:00:00+00:00,2026-09-03 23:20:11+00:00,9,MV COASTAL PEARL_63,IMO4547081,Cargo
sentinel_60,569749767,2026-09-03 23:00:00+00:00,2026-09-03 23:33:21+00:00,12,MT MALABAR QUEEN_99,IMO7679508,Container Ship
sentinel_60,663550988,2026-09-04 03:44:33+00:00,2026-09-04 10:56:21+00:00,148,FV MUMBAI EXPRESS_65,IMO7614724,Fishing
sentinel_60,697169479,2026-09-03 23:36:31+00:00,2026-09-04 03:03:50+00:00,70,MT MUMBAI EXPRESS_41,IMO1966769,Fishing
sentinel_60,730915077,2026-09-03 23:02:27+00:00,2026-09-04 00:26:07+00:00,30,SY KONKAN TRADER_11,IMO2293159,Cargo
sentinel_60,790077090,2026-09-04 00:42:24+00:00,2026-09-04 03:09:00+00:00,46,SY COASTAL PEARL_51,IMO8387790,Tanker
sentinel_610,209053121,2026-09-03 23:00:00+00:00,2026-09-03 23:23:32+00:00,9,FV WESTERN STAR_38,IMO3093190,Passenger
sentinel_610,218087708,2026-09-03 23:00:00+00:00,2026-09-04 00:04:45+00:00,24,MT ARABIAN KNIGHT_62,IMO8890587,Tanker
sentinel_610,250916077,2026-09-03 23:28:15+00:00,2026-09-04 00:11:19+00:00,15,MT MUMBAI EXPRESS_67,IMO5553736,Passenger
sentinel_610,274992570,2026-09-04 01:17:37+00:00,2026-09-04 04:41:41+00:00,67,FV MUMBAI EXPRESS_19,IMO1115482,Fishing
sentinel_610,285514406,2026-09-03 23:00:00+00:00,2026-09-03 23:17:58+00:00,6,MT SEA HORIZON_25,IMO1258768,Passenger
sentinel_610,368688902,2026-09-04 00:02:47+00:00,2026-09-04 01:21:19+00:00,26,MT MUMBAI EXPRESS_99,IMO1898516,Cargo
sentinel_610,439670711,2026-09-04 02:21:55+00:00,2026-09-04 04:59:35+00:00,51,MV MUMBAI EXPRESS_14,IMO3341057,Tanker
sentinel_610,490612805,2026-09-03 23:14:03+00:00,2026-09-04 00:04:48+00:00,17,SY ARABIAN KNIGHT_48,IMO4773549,Tanker
sentinel_610,499317479,2026-09-03 23:00:00+00:00,2026-09-03 23:16:12+00:00,7,MV COASTAL PEARL_63,IMO4547081,Cargo
sentinel_610,569749767,2026-09-03 23:01:24+00:00,2026-09-03 23:33:21+00:00,11,MT MALABAR QUEEN_99,IMO7679508,Container Ship
sentinel_610,663550988,2026-09-04 03:56:55+00:00,2026-09-04 10:56:21+00:00,144,FV MUMBAI EXPRESS_65,IMO7614724,Fishing
sentinel_610,697169479,2026-09-03 23:45:24+00:00,2026-09-04 03:16:00+00:00,71,MT MUMBAI EXPRESS_41,IMO1966769,Fishing
sentinel_610,730915077,2026-09-03 23:04:52+00:00,2026-09-04 00:31:51+00:00,31,SY KONKAN TRADER_11,IMO2293159,Cargo
sentinel_610,790077090,2026-09-04 00:34:53+00:00,2026-09-04 02:59:19+00:00,45,SY COASTAL PEARL_51,IMO8387790,Tanker
sentinel_630,209053121,2026-09-03 23:00:00+00:00,2026-09-03 23:23:32+00:00,9,FV WESTERN STAR_38,IMO3093190,Passenger
sentinel_630,218087708,2026-09-03 23:00:00+00:00,2026-09-04 00:04:45+00:00,24,MT ARABIAN KNIGHT_62,IMO8890587,Tanker
sentinel_630,250916077,2026-09-03 23:28:15+00:00,2026-09-04 00:11:19+00:00,15,MT MUMBAI EXPRESS_67,IMO5553736,Passenger
sentinel_630,274992570,2026-09-04 01:17:37+00:00,2026-09-04 04:41:41+00:00,67,FV MUMBAI EXPRESS_19,IMO1115482,Fishing
sentinel_630,285514406,2026-09-03 23:00:00+00:00,2026-09-03 23:17:58+00:00,6,MT SEA HORIZON_25,IMO1258768,Passenger
sentinel_630,368688902,2026-09-04 00:02:47+00:00,2026-09-04 01:21:19+00:00,26,MT MUMBAI EXPRESS_99,IMO1898516,Cargo
sentinel_630,439670711,2026-09-04 02:21:55+00:00,2026-09-04 04:59:35+00:00,51,MV MUMBAI EXPRESS_14,IMO3341057,Tanker
sentinel_630,490612805,2026-09-03 23:14:03+00:00,2026-09-04 00:04:48+00:00,17,SY ARABIAN KNIGHT_48,IMO4773549,Tanker
sentinel_630,499317479,2026-09-03 23:00:00+00:00,2026-09-03 23:16:12+00:00,7,MV COASTAL PEARL_63,IMO4547081,Cargo
sentinel_630,569749767,2026-09-03 23:01:24+00:00,2026-09-03 23:33:21+00:00,11,MT MALABAR QUEEN_99,IMO7679508,Container Ship
sentinel_630,663550988,2026-09-04 03:56:55+00:00,2026-09-04 10:56:21+00:00,144,FV MUMBAI EXPRESS_65,IMO7614724,Fishing
sentinel_630,697169479,2026-09-03 23:45:24+00:00,2026-09-04 03:16:00+00:00,71,MT MUMBAI EXPRESS_41,IMO1966769,Fishing
sentinel_630,730915077,2026-09-03 23:04:52+00:00,2026-09-04 00:31:51+00:00,31,SY KONKAN TRADER_11,IMO2293159,Cargo
sentinel_630,790077090,2026-09-04 00:34:53+00:00,2026-09-04 02:59:19+00:00,45,SY COASTAL PEARL_51,IMO8387790,Tanker
sentinel_633,209053121,2026-09-03 23:00:00+00:00,2026-09-03 23:23:32+00:00,9,FV WESTERN STAR_38,IMO3093190,Passenger
sentinel_633,218087708,2026-09-03 23:00:00+00:00,2026-09-04 00:04:45+00:00,24,MT ARABIAN KNIGHT_62,IMO8890587,Tanker
sentinel_633,250916077,2026-09-03 23:32:37+00:00,2026-09-04 00:11:19+00:00,14,MT MUMBAI EXPRESS_67,IMO5553736,Passenger
sentinel_633,274992570,2026-09-04 01:24:36+00:00,2026-09-04 04:41:41+00:00,65,FV MUMBAI EXPRESS_19,IMO1115482,Fishing
sentinel_633,285514406,2026-09-03 23:00:00+00:00,2026-09-03 23:13:08+00:00,5,MT SEA HORIZON_25,IMO1258768,Passenger
sentinel_633,368688902,2026-09-04 00:01:11+00:00,2026-09-04 01:18:48+00:00,26,MT MUMBAI EXPRESS_99,IMO1898516,Cargo
sentinel_633,439670711,2026-09-04 02:21:55+00:00,2026-09-04 04:57:01+00:00,50,MV MUMBAI EXPRESS_14,IMO3341057,Tanker
sentinel_633,490612805,2026-09-03 23:14:03+00:00,2026-09-03 23:58:38+00:00,15,SY ARABIAN KNIGHT_48,IMO4773549,Tanker
sentinel_633,499317479,2026-09-03 23:00:00+00:00,2026-09-03 23:17:25+00:00,8,MV COASTAL PEARL_63,IMO4547081,Cargo
sentinel_633,569749767,2026-09-03 23:00:00+00:00,2026-09-03 23:30:46+00:00,11,MT MALABAR QUEEN_99,IMO7679508,Container Ship
sentinel_633,663550988,2026-09-04 03:56:55+00:00,2026-09-04 10:56:21+00:00,144,FV MUMBAI EXPRESS_65,IMO7614724,Fishing
sentinel_633,697169479,2026-09-03 23:45:24+00:00,2026-09-04 03:16:00+00:00,71,MT MUMBAI EXPRESS_41,IMO1966769,Fishing
sentinel_633,730915077,2026-09-03 23:02:27+00:00,2026-09-04 00:31:51+00:00,32,SY KONKAN TRADER_11,IMO2293159,Cargo
sentinel_633,790077090,2026-09-04 00:34:53+00:00,2026-09-04 03:02:54+00:00,46,SY COASTAL PEARL_51,IMO8387790,Tanker
sentinel_663,209053121,2026-09-03 23:00:00+00:00,2026-09-03 23:27:15+00:00,10,FV WESTERN STAR_38,IMO3093190,Passenger
sentinel_663,218087708,2026-09-03 23:01:57+00:00,2026-09-04 00:04:45+00:00,23,MT ARABIAN KNIGHT_62,IMO8890587,Tanker
sentinel_663,250916077,2026-09-03 23:32:37+00:00,2026-09-04 00:18:19+00:00,16,MT MUMBAI EXPRESS_67,IMO5553736,Passenger
sentinel_663,274992570,2026-09-04 01:28:56+00:00,2026-09-04 04:41:41+00:00,64,FV MUMBAI EXPRESS_19,IMO1115482,Fishing
sentinel_663,285514406,2026-09-03 23:00:00+00:00,2026-09-03 23:13:08+00:00,5,MT SEA HORIZON_25,IMO1258768,Passenger
sentinel_663,368688902,2026-09-03 23:54:19+00:00,2026-09-04 01:18:48+00:00,29,MT MUMBAI EXPRESS_99,IMO1898516,Cargo
sentinel_663,439670711,2026-09-04 02:13:46+00:00,2026-09-04 04:54:42+00:00,51,MV MUMBAI EXPRESS_14,IMO3341057,Tanker
sentinel_663,490612805,2026-09-03 23:14:03+00:00,2026-09-03 23:58:38+00:00,15,SY ARABIAN KNIGHT_48,IMO4773549,Tanker
sentinel_663,499317479,2026-09-03 23:00:00+00:00,2026-09-03 23:20:11+00:00,9,MV COASTAL PEARL_63,IMO4547081,Cargo
sentinel_663,569749767,2026-09-03 23:00:00+00:00,2026-09-03 23:33:21+00:00,12,MT MALABAR QUEEN_99,IMO7679508,Container Ship
sentinel_663,663550988,2026-09-04 03:44:33+00:00,2026-09-04 10:56:21+00:00,148,FV MUMBAI EXPRESS_65,IMO7614724,Fishing
sentinel_663,697169479,2026-09-03 23:36:31+00:00,2026-09-04 03:03:50+00:00,70,MT MUMBAI EXPRESS_41,IMO1966769,Fishing
sentinel_663,730915077,2026-09-03 23:02:27+00:00,2026-09-04 00:26:07+00:00,30,SY KONKAN TRADER_11,IMO2293159,Cargo
sentinel_663,790077090,2026-09-04 00:42:24+00:00,2026-09-04 03:09:00+00:00,46,SY COASTAL PEARL_51,IMO8387790,Tanker
sentinel_678,209053121,2026-09-03 23:00:00+00:00,2026-09-03 23:23:32+00:00,9,FV WESTERN STAR_38,IMO3093190,Passenger
sentinel_678,218087708,2026-09-03 23:00:00+00:00,2026-09-04 00:04:45+00:00,24,MT ARABIAN KNIGHT_62,IMO8890587,Tanker
sentinel_678,250916077,2026-09-03 23:28:15+00:00,2026-09-04 00:11:19+00:00,15,MT MUMBAI EXPRESS_67,IMO5553736,Passenger
sentinel_678,274992570,2026-09-04 01:17:37+00:00,2026-09-04 04:41:41+00:00,67,FV MUMBAI EXPRESS_19,IMO1115482,Fishing
sentinel_678,285514406,2026-09-03 23:00:00+00:00,2026-09-03 23:17:58+00:00,6,MT SEA HORIZON_25,IMO1258768,Passenger
sentinel_678,368688902,2026-09-04 00:02:47+00:00,2026-09-04 01:21:19+00:00,26,MT MUMBAI EXPRESS_99,IMO1898516,Cargo
sentinel_678,439670711,2026-09-04 02:21:55+00:00,2026-09-04 04:59:35+00:00,51,MV MUMBAI EXPRESS_14,IMO3341057,Tanker
sentinel_678,490612805,2026-09-03 23:14:03+00:00,2026-09-04 00:04:48+00:00,17,SY ARABIAN KNIGHT_48,IMO4773549,Tanker
sentinel_678,499317479,2026-09-03 23:00:00+00:00,2026-09-03 23:16:12+00:00,7,MV COASTAL PEARL_63,IMO4547081,Cargo
sentinel_678,569749767,2026-09-03 23:01:24+00:00,2026-09-03 23:33:21+00:00,11,MT MALABAR QUEEN_99,IMO7679508,Container Ship
sentinel_678,663550988,2026-09-04 03:56:55+00:00,2026-09-04 10:56:21+00:00,144,FV MUMBAI EXPRESS_65,IMO7614724,Fishing
sentinel_678,697169479,2026-09-03 23:45:24+00:00,2026-09-04 03:16:00+00:00,71,MT MUMBAI EXPRESS_41,IMO1966769,Fishing
sentinel_678,730915077,2026-09-03 23:04:52+00:00,2026-09-04 00:31:51+00:00,31,SY KONKAN TRADER_11,IMO2293159,Cargo
sentinel_678,790077090,2026-09-04 00:34:53+00:00,2026-09-04 02:59:19+00:00,45,SY COASTAL PEARL_51,IMO8387790,Tanker
sentinel_679,209053121,2026-09-03 23:00:00+00:00,2026-09-03 23:23:32+00:00,9,FV WESTERN STAR_38,IMO3093190,Passenger
sentinel_679,218087708,2026-09-03 23:00:00+00:00,2026-09-04 00:04:45+00:00,24,MT ARABIAN KNIGHT_62,IMO8890587,Tanker
sentinel_679,250916077,2026-09-03 23:28:15+00:00,2026-09-04 00:11:19+00:00,15,MT MUMBAI EXPRESS_67,IMO5553736,Passenger
sentinel_679,274992570,2026-09-04 01:17:37+00:00,2026-09-04 04:41:41+00:00,67,FV MUMBAI EXPRESS_19,IMO1115482,Fishing
sentinel_679,285514406,2026-09-03 23:00:00+00:00,2026-09-03 23:17:58+00:00,6,MT SEA HORIZON_25,IMO1258768,Passenger
sentinel_679,368688902,2026-09-04 00:02:47+00:00,2026-09-04 01:21:19+00:00,26,MT MUMBAI EXPRESS_99,IMO1898516,Cargo
sentinel_679,439670711,2026-09-04 02:21:55+00:00,2026-09-04 04:59:35+00:00,51,MV MUMBAI EXPRESS_14,IMO3341057,Tanker
sentinel_679,490612805,2026-09-03 23:14:03+00:00,2026-09-04 00:04:48+00:00,17,SY ARABIAN KNIGHT_48,IMO4773549,Tanker
sentinel_679,499317479,2026-09-03 23:00:00+00:00,2026-09-03 23:16:12+00:00,7,MV COASTAL PEARL_63,IMO4547081,Cargo
sentinel_679,569749767,2026-09-03 23:01:24+00:00,2026-09-03 23:33:21+00:00,11,MT MALABAR QUEEN_99,IMO7679508,Container Ship
sentinel_679,663550988,2026-09-04 03:56:55+00:00,2026-09-04 10:56:21+00:00,144,FV MUMBAI EXPRESS_65,IMO7614724,Fishing
sentinel_679,697169479,2026-09-03 23:45:24+00:00,2026-09-04 03:16:00+00:00,71,MT MUMBAI EXPRESS_41,IMO1966769,Fishing
sentinel_679,730915077,2026-09-03 23:04:52+00:00,2026-09-04 00:31:51+00:00,31,SY KONKAN TRADER_11,IMO2293159,Cargo
sentinel_679,790077090,2026-09-04 00:34:53+00:00,2026-09-04 02:59:19+00:00,45,SY COASTAL PEARL_51,IMO8387790,Tanker
sentinel_691,209053121,2026-09-03 23:00:00+00:00,2026-09-03 23:23:32+00:00,9,FV WESTERN STAR_38,IMO3093190,Passenger
sentinel_691,218087708,2026-09-03 23:00:00+00:00,2026-09-04 00:04:45+00:00,24,MT ARABIAN KNIGHT_62,IMO8890587,Tanker
sentinel_691,250916077,2026-09-03 23:28:15+00:00,2026-09-04 00:11:19+00:00,15,MT MUMBAI EXPRESS_67,IMO5553736,Passenger
sentinel_691,274992570,2026-09-04 01:17:37+00:00,2026-09-04 04:41:41+00:00,67,FV MUMBAI EXPRESS_19,IMO1115482,Fishing
sentinel_691,285514406,2026-09-03 23:00:00+00:00,2026-09-03 23:17:58+00:00,6,MT SEA HORIZON_25,IMO1258768,Passenger
sentinel_691,368688902,2026-09-04 00:02:47+00:00,2026-09-04 01:21:19+00:00,26,MT MUMBAI EXPRESS_99,IMO1898516,Cargo
sentinel_691,439670711,2026-09-04 02:21:55+00:00,2026-09-04 04:59:35+00:00,51,MV MUMBAI EXPRESS_14,IMO3341057,Tanker
sentinel_691,490612805,2026-09-03 23:14:03+00:00,2026-09-04 00:04:48+00:00,17,SY ARABIAN KNIGHT_48,IMO4773549,Tanker
sentinel_691,499317479,2026-09-03 23:00:00+00:00,2026-09-03 23:16:12+00:00,7,MV COASTAL PEARL_63,IMO4547081,Cargo
sentinel_691,569749767,2026-09-03 23:01:24+00:00,2026-09-03 23:33:21+00:00,11,MT MALABAR QUEEN_99,IMO7679508,Container Ship
sentinel_691,663550988,2026-09-04 03:56:55+00:00,2026-09-04 10:56:21+00:00,144,FV MUMBAI EXPRESS_65,IMO7614724,Fishing
sentinel_691,697169479,2026-09-03 23:45:24+00:00,2026-09-04 03:16:00+00:00,71,MT MUMBAI EXPRESS_41,IMO1966769,Fishing
sentinel_691,730915077,2026-09-03 23:04:52+00:00,2026-09-04 00:31:51+00:00,31,SY KONKAN TRADER_11,IMO2293159,Cargo
sentinel_691,790077090,2026-09-04 00:34:53+00:00,2026-09-04 02:59:19+00:00,45,SY COASTAL PEARL_51,IMO8387790,Tanker
sentinel_693,209053121,2026-09-03 23:00:00+00:00,2026-09-03 23:27:15+00:00,10,FV WESTERN STAR_38,IMO3093190,Passenger
sentinel_693,218087708,2026-09-03 23:00:00+00:00,2026-09-04 00:04:45+00:00,24,MT ARABIAN KNIGHT_62,IMO8890587,Tanker
sentinel_693,250916077,2026-09-03 23:32:37+00:00,2026-09-04 00:15:56+00:00,15,MT MUMBAI EXPRESS_67,IMO5553736,Passenger
sentinel_693,274992570,2026-09-04 01:28:56+00:00,2026-09-04 04:44:33+00:00,65,FV MUMBAI EXPRESS_19,IMO1115482,Fishing
sentinel_693,285514406,2026-09-03 23:00:00+00:00,2026-09-03 23:13:08+00:00,5,MT SEA HORIZON_25,IMO1258768,Passenger
sentinel_693,368688902,2026-09-03 23:55:36+00:00,2026-09-04 01:18:48+00:00,28,MT MUMBAI EXPRESS_99,IMO1898516,Cargo
sentinel_693,439670711,2026-09-04 02:18:42+00:00,2026-09-04 04:54:42+00:00,50,MV MUMBAI EXPRESS_14,IMO3341057,Tanker
sentinel_693,490612805,2026-09-03 23:09:11+00:00,2026-09-03 23:58:38+00:00,16,SY ARABIAN KNIGHT_48,IMO4773549,Tanker
sentinel_693,499317479,2026-09-03 23:00:00+00:00,2026-09-03 23:20:11+00:00,9,MV COASTAL PEARL_63,IMO4547081,Cargo
sentinel_693,569749767,2026-09-03 23:00:00+00:00,2026-09-03 23:34:25+00:00,13,MT MALABAR QUEEN_99,IMO7679508,Container Ship
sentinel_693,663550988,2026-09-04 03:46:01+00:00,2026-09-04 10:56:21+00:00,147,FV MUMBAI EXPRESS_65,IMO7614724,Fishing
sentinel_693,697169479,2026-09-03 23:38:07+00:00,2026-09-04 03:16:00+00:00,73,MT MUMBAI EXPRESS_41,IMO1966769,Fishing
sentinel_693,730915077,2026-09-03 23:02:27+00:00,2026-09-04 00:31:51+00:00,32,SY KONKAN TRADER_11,IMO2293159,Cargo
sentinel_693,790077090,2026-09-04 00:34:53+00:00,2026-09-04 03:04:32+00:00,47,SY COASTAL PEARL_51,IMO8387790,Tanker
sentinel_705,209053121,2026-09-03 23:00:00+00:00,2026-09-03 23:23:32+00:00,9,FV WESTERN STAR_38,IMO3093190,Passenger
sentinel_705,218087708,2026-09-03 23:00:00+00:00,2026-09-04 00:04:45+00:00,24,MT ARABIAN KNIGHT_62,IMO8890587,Tanker
sentinel_705,250916077,2026-09-03 23:28:15+00:00,2026-09-04 00:11:19+00:00,15,MT MUMBAI EXPRESS_67,IMO5553736,Passenger
sentinel_705,274992570,2026-09-04 01:17:37+00:00,2026-09-04 04:41:41+00:00,67,FV MUMBAI EXPRESS_19,IMO1115482,Fishing
sentinel_705,285514406,2026-09-03 23:00:00+00:00,2026-09-03 23:17:58+00:00,6,MT SEA HORIZON_25,IMO1258768,Passenger
sentinel_705,368688902,2026-09-04 00:02:47+00:00,2026-09-04 01:21:19+00:00,26,MT MUMBAI EXPRESS_99,IMO1898516,Cargo
sentinel_705,439670711,2026-09-04 02:21:55+00:00,2026-09-04 04:59:35+00:00,51,MV MUMBAI EXPRESS_14,IMO3341057,Tanker
sentinel_705,490612805,2026-09-03 23:14:03+00:00,2026-09-04 00:04:48+00:00,17,SY ARABIAN KNIGHT_48,IMO4773549,Tanker
sentinel_705,499317479,2026-09-03 23:00:00+00:00,2026-09-03 23:17:25+00:00,8,MV COASTAL PEARL_63,IMO4547081,Cargo
sentinel_705,569749767,2026-09-03 23:01:24+00:00,2026-09-03 23:33:21+00:00,11,MT MALABAR QUEEN_99,IMO7679508,Container Ship
sentinel_705,663550988,2026-09-04 03:56:55+00:00,2026-09-04 10:56:21+00:00,144,FV MUMBAI EXPRESS_65,IMO7614724,Fishing
sentinel_705,697169479,2026-09-03 23:45:24+00:00,2026-09-04 03:16:00+00:00,71,MT MUMBAI EXPRESS_41,IMO1966769,Fishing
sentinel_705,730915077,2026-09-03 23:04:52+00:00,2026-09-04 00:31:51+00:00,31,SY KONKAN TRADER_11,IMO2293159,Cargo
sentinel_705,790077090,2026-09-04 00:34:53+00:00,2026-09-04 02:59:19+00:00,45,SY COASTAL PEARL_51,IMO8387790,Tanker
sentinel_718,209053121,2026-09-03 23:00:00+00:00,2026-09-03 23:27:15+00:00,10,FV WESTERN STAR_38,IMO3093190,Passenger
sentinel_718,218087708,2026-09-03 23:00:00+00:00,2026-09-04 00:04:45+00:00,24,MT ARABIAN KNIGHT_62,IMO8890587,Tanker
sentinel_718,250916077,2026-09-03 23:32:37+00:00,2026-09-04 00:18:19+00:00,16,MT MUMBAI EXPRESS_67,IMO5553736,Passenger
sentinel_718,274992570,2026-09-04 01:20:41+00:00,2026-09-04 04:44:33+00:00,67,FV MUMBAI EXPRESS_19,IMO1115482,Fishing
sentinel_718,285514406,2026-09-03 23:00:00+00:00,2026-09-03 23:13:08+00:00,5,MT SEA HORIZON_25,IMO1258768,Passenger
sentinel_718,368688902,2026-09-03 23:54:19+00:00,2026-09-04 01:21:19+00:00,30,MT MUMBAI EXPRESS_99,IMO1898516,Cargo
sentinel_718,439670711,2026-09-04 02:13:46+00:00,2026-09-04 04:57:01+00:00,52,MV MUMBAI EXPRESS_14,IMO3341057,Tanker
sentinel_718,490612805,2026-09-03 23:14:03+00:00,2026-09-04 00:02:19+00:00,16,SY ARABIAN KNIGHT_48,IMO4773549,Tanker
sentinel_718,499317479,2026-09-03 23:00:00+00:00,2026-09-03 23:20:11+00:00,9,MV COASTAL PEARL_63,IMO4547081,Cargo
sentinel_718,569749767,2026-09-03 23:00:00+00:00,2026-09-03 23:34:25+00:00,13,MT MALABAR QUEEN_99,IMO7679508,Container Ship
sentinel_718,663550988,2026-09-04 03:44:33+00:00,2026-09-04 10:56:21+00:00,148,FV MUMBAI EXPRESS_65,IMO7614724,Fishing
sentinel_718,697169479,2026-09-03 23:36:31+00:00,2026-09-04 03:16:00+00:00,74,MT MUMBAI EXPRESS_41,IMO1966769,Fishing
sentinel_718,730915077,2026-09-03 23:00:00+00:00,2026-09-04 00:31:51+00:00,33,SY KONKAN TRADER_11,IMO2293159,Cargo
sentinel_718,790077090,2026-09-04 00:34:53+00:00,2026-09-04 03:09:00+00:00,48,SY COASTAL PEARL_51,IMO8387790,Tanker
sentinel_719,209053121,2026-09-03 23:00:00+00:00,2026-09-03 23:23:32+00:00,9,FV WESTERN STAR_38,IMO3093190,Passenger
sentinel_719,218087708,2026-09-03 23:00:00+00:00,2026-09-04 00:04:45+00:00,24,MT ARABIAN KNIGHT_62,IMO8890587,Tanker
sentinel_719,250916077,2026-09-03 23:28:15+00:00,2026-09-04 00:11:19+00:00,15,MT MUMBAI EXPRESS_67,IMO5553736,Passenger
sentinel_719,274992570,2026-09-04 01:17:37+00:00,2026-09-04 04:41:41+00:00,67,FV MUMBAI EXPRESS_19,IMO1115482,Fishing
sentinel_719,285514406,2026-09-03 23:00:00+00:00,2026-09-03 23:17:58+00:00,6,MT SEA HORIZON_25,IMO1258768,Passenger
sentinel_719,368688902,2026-09-04 00:02:47+00:00,2026-09-04 01:21:19+00:00,26,MT MUMBAI EXPRESS_99,IMO1898516,Cargo
sentinel_719,439670711,2026-09-04 02:21:55+00:00,2026-09-04 04:59:35+00:00,51,MV MUMBAI EXPRESS_14,IMO3341057,Tanker
sentinel_719,490612805,2026-09-03 23:14:03+00:00,2026-09-04 00:04:48+00:00,17,SY ARABIAN KNIGHT_48,IMO4773549,Tanker
sentinel_719,499317479,2026-09-03 23:00:00+00:00,2026-09-03 23:16:12+00:00,7,MV COASTAL PEARL_63,IMO4547081,Cargo
sentinel_719,569749767,2026-09-03 23:01:24+00:00,2026-09-03 23:33:21+00:00,11,MT MALABAR QUEEN_99,IMO7679508,Container Ship
sentinel_719,663550988,2026-09-04 03:56:55+00:00,2026-09-04 10:56:21+00:00,144,FV MUMBAI EXPRESS_65,IMO7614724,Fishing
sentinel_719,697169479,2026-09-03 23:45:24+00:00,2026-09-04 03:16:00+00:00,71,MT MUMBAI EXPRESS_41,IMO1966769,Fishing
sentinel_719,730915077,2026-09-03 23:04:52+00:00,2026-09-04 00:31:51+00:00,31,SY KONKAN TRADER_11,IMO2293159,Cargo
sentinel_719,790077090,2026-09-04 00:34:53+00:00,2026-09-04 02:59:19+00:00,45,SY COASTAL PEARL_51,IMO8387790,Tanker
sentinel_722,209053121,2026-09-03 23:00:00+00:00,2026-09-03 23:23:32+00:00,9,FV WESTERN STAR_38,IMO3093190,Passenger
sentinel_722,218087708,2026-09-03 23:00:00+00:00,2026-09-04 00:04:45+00:00,24,MT ARABIAN KNIGHT_62,IMO8890587,Tanker
sentinel_722,250916077,2026-09-03 23:28:15+00:00,2026-09-04 00:11:19+00:00,15,MT MUMBAI EXPRESS_67,IMO5553736,Passenger
sentinel_722,274992570,2026-09-04 01:17:37+00:00,2026-09-04 04:41:41+00:00,67,FV MUMBAI EXPRESS_19,IMO1115482,Fishing
sentinel_722,285514406,2026-09-03 23:00:00+00:00,2026-09-03 23:17:58+00:00,6,MT SEA HORIZON_25,IMO1258768,Passenger
sentinel_722,368688902,2026-09-04 00:02:47+00:00,2026-09-04 01:21:19+00:00,26,MT MUMBAI EXPRESS_99,IMO1898516,Cargo
sentinel_722,439670711,2026-09-04 02:21:55+00:00,2026-09-04 04:59:35+00:00,51,MV MUMBAI EXPRESS_14,IMO3341057,Tanker
sentinel_722,490612805,2026-09-03 23:14:03+00:00,2026-09-04 00:04:48+00:00,17,SY ARABIAN KNIGHT_48,IMO4773549,Tanker
sentinel_722,499317479,2026-09-03 23:00:00+00:00,2026-09-03 23:17:25+00:00,8,MV COASTAL PEARL_63,IMO4547081,Cargo
sentinel_722,569749767,2026-09-03 23:01:24+00:00,2026-09-03 23:33:21+00:00,11,MT MALABAR QUEEN_99,IMO7679508,Container Ship
sentinel_722,663550988,2026-09-04 03:56:55+00:00,2026-09-04 10:56:21+00:00,144,FV MUMBAI EXPRESS_65,IMO7614724,Fishing
sentinel_722,697169479,2026-09-03 23:45:24+00:00,2026-09-04 03:16:00+00:00,71,MT MUMBAI EXPRESS_41,IMO1966769,Fishing
sentinel_722,730915077,2026-09-03 23:04:52+00:00,2026-09-04 00:31:51+00:00,31,SY KONKAN TRADER_11,IMO2293159,Cargo
sentinel_722,790077090,2026-09-04 00:34:53+00:00,2026-09-04 02:59:19+00:00,45,SY COASTAL PEARL_51,IMO8387790,Tanker
sentinel_73,209053121,2026-09-03 23:00:00+00:00,2026-09-03 23:23:32+00:00,9,FV WESTERN STAR_38,IMO3093190,Passenger
sentinel_73,218087708,2026-09-03 23:00:00+00:00,2026-09-04 00:04:45+00:00,24,MT ARABIAN KNIGHT_62,IMO8890587,Tanker
sentinel_73,250916077,2026-09-03 23:28:15+00:00,2026-09-04 00:11:19+00:00,15,MT MUMBAI EXPRESS_67,IMO5553736,Passenger
sentinel_73,274992570,2026-09-04 01:17:37+00:00,2026-09-04 04:41:41+00:00,67,FV MUMBAI EXPRESS_19,IMO1115482,Fishing
sentinel_73,285514406,2026-09-03 23:00:00+00:00,2026-09-03 23:17:58+00:00,6,MT SEA HORIZON_25,IMO1258768,Passenger
sentinel_73,368688902,2026-09-04 00:02:47+00:00,2026-09-04 01:21:19+00:00,26,MT MUMBAI EXPRESS_99,IMO1898516,Cargo
sentinel_73,439670711,2026-09-04 02:21:55+00:00,2026-09-04 04:59:35+00:00,51,MV MUMBAI EXPRESS_14,IMO3341057,Tanker
sentinel_73,490612805,2026-09-03 23:14:03+00:00,2026-09-04 00:04:48+00:00,17,SY ARABIAN KNIGHT_48,IMO4773549,Tanker
sentinel_73,499317479,2026-09-03 23:00:00+00:00,2026-09-03 23:17:25+00:00,8,MV COASTAL PEARL_63,IMO4547081,Cargo
sentinel_73,569749767,2026-09-03 23:01:24+00:00,2026-09-03 23:33:21+00:00,11,MT MALABAR QUEEN_99,IMO7679508,Container Ship
sentinel_73,663550988,2026-09-04 03:56:55+00:00,2026-09-04 10:56:21+00:00,144,FV MUMBAI EXPRESS_65,IMO7614724,Fishing
sentinel_73,697169479,2026-09-03 23:45:24+00:00,2026-09-04 03:16:00+00:00,71,MT MUMBAI EXPRESS_41,IMO1966769,Fishing
sentinel_73,730915077,2026-09-03 23:04:52+00:00,2026-09-04 00:31:51+00:00,31,SY KONKAN TRADER_11,IMO2293159,Cargo
sentinel_73,790077090,2026-09-04 00:34:53+00:00,2026-09-04 02:59:19+00:00,45,SY COASTAL PEARL_51,IMO8387790,Tanker
sentinel_733,209053121,2026-09-03 23:00:00+00:00,2026-09-03 23:23:32+00:00,9,FV WESTERN STAR_38,IMO3093190,Passenger
sentinel_733,218087708,2026-09-03 23:00:00+00:00,2026-09-04 00:04:45+00:00,24,MT ARABIAN KNIGHT_62,IMO8890587,Tanker
sentinel_733,250916077,2026-09-03 23:28:15+00:00,2026-09-04 00:11:19+00:00,15,MT MUMBAI EXPRESS_67,IMO5553736,Passenger
sentinel_733,274992570,2026-09-04 01:17:37+00:00,2026-09-04 04:41:41+00:00,67,FV MUMBAI EXPRESS_19,IMO1115482,Fishing
sentinel_733,285514406,2026-09-03 23:00:00+00:00,2026-09-03 23:17:58+00:00,6,MT SEA HORIZON_25,IMO1258768,Passenger
sentinel_733,368688902,2026-09-04 00:02:47+00:00,2026-09-04 01:21:19+00:00,26,MT MUMBAI EXPRESS_99,IMO1898516,Cargo
sentinel_733,439670711,2026-09-04 02:21:55+00:00,2026-09-04 04:59:35+00:00,51,MV MUMBAI EXPRESS_14,IMO3341057,Tanker
sentinel_733,490612805,2026-09-03 23:14:03+00:00,2026-09-04 00:04:48+00:00,17,SY ARABIAN KNIGHT_48,IMO4773549,Tanker
sentinel_733,499317479,2026-09-03 23:00:00+00:00,2026-09-03 23:16:12+00:00,7,MV COASTAL PEARL_63,IMO4547081,Cargo
sentinel_733,569749767,2026-09-03 23:01:24+00:00,2026-09-03 23:33:21+00:00,11,MT MALABAR QUEEN_99,IMO7679508,Container Ship
sentinel_733,663550988,2026-09-04 03:56:55+00:00,2026-09-04 10:56:21+00:00,144,FV MUMBAI EXPRESS_65,IMO7614724,Fishing
sentinel_733,697169479,2026-09-03 23:45:24+00:00,2026-09-04 03:16:00+00:00,71,MT MUMBAI EXPRESS_41,IMO1966769,Fishing
sentinel_733,730915077,2026-09-03 23:04:52+00:00,2026-09-04 00:31:51+00:00,31,SY KONKAN TRADER_11,IMO2293159,Cargo
sentinel_733,790077090,2026-09-04 00:34:53+00:00,2026-09-04 02:59:19+00:00,45,SY COASTAL PEARL_51,IMO8387790,Tanker
sentinel_735,209053121,2026-09-03 23:00:00+00:00,2026-09-03 23:23:32+00:00,9,FV WESTERN STAR_38,IMO3093190,Passenger
sentinel_735,218087708,2026-09-03 23:00:00+00:00,2026-09-04 00:04:45+00:00,24,MT ARABIAN KNIGHT_62,IMO8890587,Tanker
sentinel_735,250916077,2026-09-03 23:28:15+00:00,2026-09-04 00:11:19+00:00,15,MT MUMBAI EXPRESS_67,IMO5553736,Passenger
sentinel_735,274992570,2026-09-04 01:17:37+00:00,2026-09-04 04:41:41+00:00,67,FV MUMBAI EXPRESS_19,IMO1115482,Fishing
sentinel_735,285514406,2026-09-03 23:00:00+00:00,2026-09-03 23:17:58+00:00,6,MT SEA HORIZON_25,IMO1258768,Passenger
sentinel_735,368688902,2026-09-04 00:02:47+00:00,2026-09-04 01:21:19+00:00,26,MT MUMBAI EXPRESS_99,IMO1898516,Cargo
sentinel_735,439670711,2026-09-04 02:21:55+00:00,2026-09-04 04:59:35+00:00,51,MV MUMBAI EXPRESS_14,IMO3341057,Tanker
sentinel_735,490612805,2026-09-03 23:14:03+00:00,2026-09-04 00:04:48+00:00,17,SY ARABIAN KNIGHT_48,IMO4773549,Tanker
sentinel_735,499317479,2026-09-03 23:00:00+00:00,2026-09-03 23:16:12+00:00,7,MV COASTAL PEARL_63,IMO4547081,Cargo
sentinel_735,569749767,2026-09-03 23:01:24+00:00,2026-09-03 23:33:21+00:00,11,MT MALABAR QUEEN_99,IMO7679508,Container Ship
sentinel_735,663550988,2026-09-04 03:56:55+00:00,2026-09-04 10:56:21+00:00,144,FV MUMBAI EXPRESS_65,IMO7614724,Fishing
sentinel_735,697169479,2026-09-03 23:45:24+00:00,2026-09-04 03:16:00+00:00,71,MT MUMBAI EXPRESS_41,IMO1966769,Fishing
sentinel_735,730915077,2026-09-03 23:04:52+00:00,2026-09-04 00:31:51+00:00,31,SY KONKAN TRADER_11,IMO2293159,Cargo
sentinel_735,790077090,2026-09-04 00:34:53+00:00,2026-09-04 02:59:19+00:00,45,SY COASTAL PEARL_51,IMO8387790,Tanker
sentinel_740,209053121,2026-09-03 23:00:00+00:00,2026-09-03 23:28:15+00:00,11,FV WESTERN STAR_38,IMO3093190,Passenger
sentinel_740,218087708,2026-09-03 23:00:00+00:00,2026-09-04 00:04:45+00:00,24,MT ARABIAN KNIGHT_62,IMO8890587,Tanker
sentinel_740,250916077,2026-09-03 23:32:37+00:00,2026-09-04 00:23:20+00:00,18,MT MUMBAI EXPRESS_67,IMO5553736,Passenger
sentinel_740,274992570,2026-09-04 01:20:41+00:00,2026-09-04 04:39:17+00:00,65,FV MUMBAI EXPRESS_19,IMO1115482,Fishing
sentinel_740,285514406,2026-09-03 23:00:00+00:00,2026-09-03 23:17:58+00:00,6,MT SEA HORIZON_25,IMO1258768,Passenger
sentinel_740,368688902,2026-09-03 23:45:02+00:00,2026-09-04 01:21:19+00:00,32,MT MUMBAI EXPRESS_99,IMO1898516,Cargo
sentinel_740,439670711,2026-09-04 02:04:01+00:00,2026-09-04 04:59:35+00:00,57,MV MUMBAI EXPRESS_14,IMO3341057,Tanker
sentinel_740,490612805,2026-09-03 23:14:03+00:00,2026-09-04 00:02:19+00:00,16,SY ARABIAN KNIGHT_48,IMO4773549,Tanker
sentinel_740,499317479,2026-09-03 23:00:00+00:00,2026-09-03 23:27:14+00:00,11,MV COASTAL PEARL_63,IMO4547081,Cargo
sentinel_740,569749767,2026-09-03 23:00:00+00:00,2026-09-03 23:30:46+00:00,11,MT MALABAR QUEEN_99,IMO7679508,Container Ship
sentinel_740,663550988,2026-09-04 03:20:41+00:00,2026-09-04 10:56:21+00:00,156,FV MUMBAI EXPRESS_65,IMO7614724,Fishing
sentinel_740,697169479,2026-09-03 23:26:53+00:00,2026-09-04 03:10:39+00:00,76,MT MUMBAI EXPRESS_41,IMO1966769,Fishing
sentinel_740,730915077,2026-09-03 23:04:52+00:00,2026-09-04 00:31:51+00:00,31,SY KONKAN TRADER_11,IMO2293159,Cargo
sentinel_740,790077090,2026-09-04 00:37:52+00:00,2026-09-04 03:22:41+00:00,52,SY COASTAL PEARL_51,IMO8387790,Tanker
sentinel_743,209053121,2026-09-03 23:00:00+00:00,2026-09-03 23:23:32+00:00,9,FV WESTERN STAR_38,IMO3093190,Passenger
sentinel_743,218087708,2026-09-03 23:00:00+00:00,2026-09-04 00:04:45+00:00,24,MT ARABIAN KNIGHT_62,IMO8890587,Tanker
sentinel_743,250916077,2026-09-03 23:28:15+00:00,2026-09-04 00:11:19+00:00,15,MT MUMBAI EXPRESS_67,IMO5553736,Passenger
sentinel_743,274992570,2026-09-04 01:17:37+00:00,2026-09-04 04:41:41+00:00,67,FV MUMBAI EXPRESS_19,IMO1115482,Fishing
sentinel_743,285514406,2026-09-03 23:00:00+00:00,2026-09-03 23:17:58+00:00,6,MT SEA HORIZON_25,IMO1258768,Passenger
sentinel_743,368688902,2026-09-04 00:02:47+00:00,2026-09-04 01:21:19+00:00,26,MT MUMBAI EXPRESS_99,IMO1898516,Cargo
sentinel_743,439670711,2026-09-04 02:21:55+00:00,2026-09-04 04:59:35+00:00,51,MV MUMBAI EXPRESS_14,IMO3341057,Tanker
sentinel_743,490612805,2026-09-03 23:14:03+00:00,2026-09-04 00:04:48+00:00,17,SY ARABIAN KNIGHT_48,IMO4773549,Tanker
sentinel_743,499317479,2026-09-03 23:00:00+00:00,2026-09-03 23:16:12+00:00,7,MV COASTAL PEARL_63,IMO4547081,Cargo
sentinel_743,569749767,2026-09-03 23:01:24+00:00,2026-09-03 23:33:21+00:00,11,MT MALABAR QUEEN_99,IMO7679508,Container Ship
sentinel_743,663550988,2026-09-04 03:56:55+00:00,2026-09-04 10:56:21+00:00,144,FV MUMBAI EXPRESS_65,IMO7614724,Fishing
sentinel_743,697169479,2026-09-03 23:45:24+00:00,2026-09-04 03:16:00+00:00,71,MT MUMBAI EXPRESS_41,IMO1966769,Fishing
sentinel_743,730915077,2026-09-03 23:04:52+00:00,2026-09-04 00:31:51+00:00,31,SY KONKAN TRADER_11,IMO2293159,Cargo
sentinel_743,790077090,2026-09-04 00:34:53+00:00,2026-09-04 02:59:19+00:00,45,SY COASTAL PEARL_51,IMO8387790,Tanker
sentinel_750,209053121,2026-09-03 23:00:00+00:00,2026-09-03 23:23:32+00:00,9,FV WESTERN STAR_38,IMO3093190,Passenger
sentinel_750,218087708,2026-09-03 23:00:00+00:00,2026-09-04 00:04:45+00:00,24,MT ARABIAN KNIGHT_62,IMO8890587,Tanker
sentinel_750,250916077,2026-09-03 23:28:15+00:00,2026-09-04 00:11:19+00:00,15,MT MUMBAI EXPRESS_67,IMO5553736,Passenger
sentinel_750,274992570,2026-09-04 01:17:37+00:00,2026-09-04 04:41:41+00:00,67,FV MUMBAI EXPRESS_19,IMO1115482,Fishing
sentinel_750,285514406,2026-09-03 23:00:00+00:00,2026-09-03 23:17:58+00:00,6,MT SEA HORIZON_25,IMO1258768,Passenger
sentinel_750,368688902,2026-09-04 00:02:47+00:00,2026-09-04 01:21:19+00:00,26,MT MUMBAI EXPRESS_99,IMO1898516,Cargo
sentinel_750,439670711,2026-09-04 02:21:55+00:00,2026-09-04 04:59:35+00:00,51,MV MUMBAI EXPRESS_14,IMO3341057,Tanker
sentinel_750,490612805,2026-09-03 23:14:03+00:00,2026-09-04 00:04:48+00:00,17,SY ARABIAN KNIGHT_48,IMO4773549,Tanker
sentinel_750,499317479,2026-09-03 23:00:00+00:00,2026-09-03 23:16:12+00:00,7,MV COASTAL PEARL_63,IMO4547081,Cargo
sentinel_750,569749767,2026-09-03 23:01:24+00:00,2026-09-03 23:33:21+00:00,11,MT MALABAR QUEEN_99,IMO7679508,Container Ship
sentinel_750,663550988,2026-09-04 03:56:55+00:00,2026-09-04 10:56:21+00:00,144,FV MUMBAI EXPRESS_65,IMO7614724,Fishing
sentinel_750,697169479,2026-09-03 23:45:24+00:00,2026-09-04 03:16:00+00:00,71,MT MUMBAI EXPRESS_41,IMO1966769,Fishing
sentinel_750,730915077,2026-09-03 23:04:52+00:00,2026-09-04 00:31:51+00:00,31,SY KONKAN TRADER_11,IMO2293159,Cargo
sentinel_750,790077090,2026-09-04 00:34:53+00:00,2026-09-04 02:59:19+00:00,45,SY COASTAL PEARL_51,IMO8387790,Tanker
sentinel_765,209053121,2026-09-03 23:00:00+00:00,2026-09-03 23:23:32+00:00,9,FV WESTERN STAR_38,IMO3093190,Passenger
sentinel_765,218087708,2026-09-03 23:00:00+00:00,2026-09-04 00:04:45+00:00,24,MT ARABIAN KNIGHT_62,IMO8890587,Tanker
sentinel_765,250916077,2026-09-03 23:28:15+00:00,2026-09-04 00:11:19+00:00,15,MT MUMBAI EXPRESS_67,IMO5553736,Passenger
sentinel_765,274992570,2026-09-04 01:17:37+00:00,2026-09-04 04:41:41+00:00,67,FV MUMBAI EXPRESS_19,IMO1115482,Fishing
sentinel_765,285514406,2026-09-03 23:00:00+00:00,2026-09-03 23:17:58+00:00,6,MT SEA HORIZON_25,IMO1258768,Passenger
sentinel_765,368688902,2026-09-04 00:02:47+00:00,2026-09-04 01:21:19+00:00,26,MT MUMBAI EXPRESS_99,IMO1898516,Cargo
sentinel_765,439670711,2026-09-04 02:21:55+00:00,2026-09-04 04:59:35+00:00,51,MV MUMBAI EXPRESS_14,IMO3341057,Tanker
sentinel_765,490612805,2026-09-03 23:14:03+00:00,2026-09-04 00:04:48+00:00,17,SY ARABIAN KNIGHT_48,IMO4773549,Tanker
sentinel_765,499317479,2026-09-03 23:00:00+00:00,2026-09-03 23:16:12+00:00,7,MV COASTAL PEARL_63,IMO4547081,Cargo
sentinel_765,569749767,2026-09-03 23:01:24+00:00,2026-09-03 23:33:21+00:00,11,MT MALABAR QUEEN_99,IMO7679508,Container Ship
sentinel_765,663550988,2026-09-04 03:56:55+00:00,2026-09-04 10:56:21+00:00,144,FV MUMBAI EXPRESS_65,IMO7614724,Fishing
sentinel_765,697169479,2026-09-03 23:45:24+00:00,2026-09-04 03:16:00+00:00,71,MT MUMBAI EXPRESS_41,IMO1966769,Fishing
sentinel_765,730915077,2026-09-03 23:04:52+00:00,2026-09-04 00:31:51+00:00,31,SY KONKAN TRADER_11,IMO2293159,Cargo
sentinel_765,790077090,2026-09-04 00:34:53+00:00,2026-09-04 02:59:19+00:00,45,SY COASTAL PEARL_51,IMO8387790,Tanker
sentinel_766,209053121,2026-09-03 23:00:00+00:00,2026-09-03 23:23:32+00:00,9,FV WESTERN STAR_38,IMO3093190,Passenger
sentinel_766,218087708,2026-09-03 23:00:00+00:00,2026-09-04 00:04:45+00:00,24,MT ARABIAN KNIGHT_62,IMO8890587,Tanker
sentinel_766,250916077,2026-09-03 23:28:15+00:00,2026-09-04 00:11:19+00:00,15,MT MUMBAI EXPRESS_67,IMO5553736,Passenger
sentinel_766,274992570,2026-09-04 01:17:37+00:00,2026-09-04 04:41:41+00:00,67,FV MUMBAI EXPRESS_19,IMO1115482,Fishing
sentinel_766,285514406,2026-09-03 23:00:00+00:00,2026-09-03 23:17:58+00:00,6,MT SEA HORIZON_25,IMO1258768,Passenger
sentinel_766,368688902,2026-09-04 00:02:47+00:00,2026-09-04 01:21:19+00:00,26,MT MUMBAI EXPRESS_99,IMO1898516,Cargo
sentinel_766,439670711,2026-09-04 02:21:55+00:00,2026-09-04 04:59:35+00:00,51,MV MUMBAI EXPRESS_14,IMO3341057,Tanker
sentinel_766,490612805,2026-09-03 23:14:03+00:00,2026-09-04 00:04:48+00:00,17,SY ARABIAN KNIGHT_48,IMO4773549,Tanker
sentinel_766,499317479,2026-09-03 23:00:00+00:00,2026-09-03 23:16:12+00:00,7,MV COASTAL PEARL_63,IMO4547081,Cargo
sentinel_766,569749767,2026-09-03 23:01:24+00:00,2026-09-03 23:33:21+00:00,11,MT MALABAR QUEEN_99,IMO7679508,Container Ship
sentinel_766,663550988,2026-09-04 03:56:55+00:00,2026-09-04 10:56:21+00:00,144,FV MUMBAI EXPRESS_65,IMO7614724,Fishing
sentinel_766,697169479,2026-09-03 23:45:24+00:00,2026-09-04 03:16:00+00:00,71,MT MUMBAI EXPRESS_41,IMO1966769,Fishing
sentinel_766,730915077,2026-09-03 23:04:52+00:00,2026-09-04 00:31:51+00:00,31,SY KONKAN TRADER_11,IMO2293159,Cargo
sentinel_766,790077090,2026-09-04 00:34:53+00:00,2026-09-04 02:59:19+00:00,45,SY COASTAL PEARL_51,IMO8387790,Tanker
sentinel_769,209053121,2026-09-03 23:00:00+00:00,2026-09-03 23:23:32+00:00,9,FV WESTERN STAR_38,IMO3093190,Passenger
sentinel_769,218087708,2026-09-03 23:00:00+00:00,2026-09-04 00:04:45+00:00,24,MT ARABIAN KNIGHT_62,IMO8890587,Tanker
sentinel_769,250916077,2026-09-03 23:32:37+00:00,2026-09-04 00:15:56+00:00,15,MT MUMBAI EXPRESS_67,IMO5553736,Passenger
sentinel_769,274992570,2026-09-04 01:28:56+00:00,2026-09-04 04:41:41+00:00,64,FV MUMBAI EXPRESS_19,IMO1115482,Fishing
sentinel_769,285514406,2026-09-03 23:00:00+00:00,2026-09-03 23:13:08+00:00,5,MT SEA HORIZON_25,IMO1258768,Passenger
sentinel_769,368688902,2026-09-04 00:01:11+00:00,2026-09-04 01:18:48+00:00,26,MT MUMBAI EXPRESS_99,IMO1898516,Cargo
sentinel_769,439670711,2026-09-04 02:18:42+00:00,2026-09-04 04:52:10+00:00,49,MV MUMBAI EXPRESS_14,IMO3341057,Tanker
sentinel_769,490612805,2026-09-03 23:14:03+00:00,2026-09-03 23:58:38+00:00,15,SY ARABIAN KNIGHT_48,IMO4773549,Tanker
sentinel_769,499317479,2026-09-03 23:00:00+00:00,2026-09-03 23:17:25+00:00,8,MV COASTAL PEARL_63,IMO4547081,Cargo
sentinel_769,569749767,2026-09-03 23:00:00+00:00,2026-09-03 23:30:46+00:00,11,MT MALABAR QUEEN_99,IMO7679508,Container Ship
sentinel_769,663550988,2026-09-04 03:52:26+00:00,2026-09-04 10:56:21+00:00,145,FV MUMBAI EXPRESS_65,IMO7614724,Fishing
sentinel_769,697169479,2026-09-03 23:41:07+00:00,2026-09-04 03:16:00+00:00,72,MT MUMBAI EXPRESS_41,IMO1966769,Fishing
sentinel_769,730915077,2026-09-03 23:02:27+00:00,2026-09-04 00:31:51+00:00,32,SY KONKAN TRADER_11,IMO2293159,Cargo
sentinel_769,790077090,2026-09-04 00:34:53+00:00,2026-09-04 03:04:32+00:00,47,SY COASTAL PEARL_51,IMO8387790,Tanker
sentinel_798,209053121,2026-09-03 23:00:00+00:00,2026-09-03 23:23:32+00:00,9,FV WESTERN STAR_38,IMO3093190,Passenger
sentinel_798,218087708,2026-09-03 23:00:00+00:00,2026-09-04 00:04:45+00:00,24,MT ARABIAN KNIGHT_62,IMO8890587,Tanker
sentinel_798,250916077,2026-09-03 23:28:15+00:00,2026-09-04 00:11:19+00:00,15,MT MUMBAI EXPRESS_67,IMO5553736,Passenger
sentinel_798,274992570,2026-09-04 01:17:37+00:00,2026-09-04 04:41:41+00:00,67,FV MUMBAI EXPRESS_19,IMO1115482,Fishing
sentinel_798,285514406,2026-09-03 23:00:00+00:00,2026-09-03 23:17:58+00:00,6,MT SEA HORIZON_25,IMO1258768,Passenger
sentinel_798,368688902,2026-09-04 00:02:47+00:00,2026-09-04 01:21:19+00:00,26,MT MUMBAI EXPRESS_99,IMO1898516,Cargo
sentinel_798,439670711,2026-09-04 02:21:55+00:00,2026-09-04 04:59:35+00:00,51,MV MUMBAI EXPRESS_14,IMO3341057,Tanker
sentinel_798,490612805,2026-09-03 23:14:03+00:00,2026-09-04 00:04:48+00:00,17,SY ARABIAN KNIGHT_48,IMO4773549,Tanker
sentinel_798,499317479,2026-09-03 23:00:00+00:00,2026-09-03 23:16:12+00:00,7,MV COASTAL PEARL_63,IMO4547081,Cargo
sentinel_798,569749767,2026-09-03 23:01:24+00:00,2026-09-03 23:33:21+00:00,11,MT MALABAR QUEEN_99,IMO7679508,Container Ship
sentinel_798,663550988,2026-09-04 03:56:55+00:00,2026-09-04 10:56:21+00:00,144,FV MUMBAI EXPRESS_65,IMO7614724,Fishing
sentinel_798,697169479,2026-09-03 23:45:24+00:00,2026-09-04 03:16:00+00:00,71,MT MUMBAI EXPRESS_41,IMO1966769,Fishing
sentinel_798,730915077,2026-09-03 23:04:52+00:00,2026-09-04 00:31:51+00:00,31,SY KONKAN TRADER_11,IMO2293159,Cargo
sentinel_798,790077090,2026-09-04 00:34:53+00:00,2026-09-04 02:59:19+00:00,45,SY COASTAL PEARL_51,IMO8387790,Tanker
sentinel_806,209053121,2026-09-03 23:00:00+00:00,2026-09-03 23:23:32+00:00,9,FV WESTERN STAR_38,IMO3093190,Passenger
sentinel_806,218087708,2026-09-03 23:00:00+00:00,2026-09-04 00:04:45+00:00,24,MT ARABIAN KNIGHT_62,IMO8890587,Tanker
sentinel_806,250916077,2026-09-03 23:28:15+00:00,2026-09-04 00:15:56+00:00,16,MT MUMBAI EXPRESS_67,IMO5553736,Passenger
sentinel_806,274992570,2026-09-04 01:15:56+00:00,2026-09-04 04:44:33+00:00,69,FV MUMBAI EXPRESS_19,IMO1115482,Fishing
sentinel_806,285514406,2026-09-03 23:00:00+00:00,2026-09-03 23:17:58+00:00,6,MT SEA HORIZON_25,IMO1258768,Passenger
sentinel_806,368688902,2026-09-04 00:01:11+00:00,2026-09-04 01:25:01+00:00,28,MT MUMBAI EXPRESS_99,IMO1898516,Cargo
sentinel_806,439670711,2026-09-04 02:18:42+00:00,2026-09-04 05:02:53+00:00,53,MV MUMBAI EXPRESS_14,IMO3341057,Tanker
sentinel_806,490612805,2026-09-03 23:14:03+00:00,2026-09-04 00:04:48+00:00,17,SY ARABIAN KNIGHT_48,IMO4773549,Tanker
sentinel_806,499317479,2026-09-03 23:00:00+00:00,2026-09-03 23:17:25+00:00,8,MV COASTAL PEARL_63,IMO4547081,Cargo
sentinel_806,569749767,2026-09-03 23:00:00+00:00,2026-09-03 23:34:25+00:00,13,MT MALABAR QUEEN_99,IMO7679508,Container Ship
sentinel_806,663550988,2026-09-04 03:52:26+00:00,2026-09-04 10:56:21+00:00,145,FV MUMBAI EXPRESS_65,IMO7614724,Fishing
sentinel_806,697169479,2026-09-03 23:41:07+00:00,2026-09-04 03:10:39+00:00,70,MT MUMBAI EXPRESS_41,IMO1966769,Fishing
sentinel_806,730915077,2026-09-03 23:02:27+00:00,2026-09-04 00:29:53+00:00,31,SY KONKAN TRADER_11,IMO2293159,Cargo
sentinel_806,790077090,2026-09-04 00:37:52+00:00,2026-09-04 03:04:32+00:00,46,SY COASTAL PEARL_51,IMO8387790,Tanker
sentinel_81,209053121,2026-09-03 23:00:00+00:00,2026-09-03 23:23:32+00:00,9,FV WESTERN STAR_38,IMO3093190,Passenger
sentinel_81,218087708,2026-09-03 23:00:00+00:00,2026-09-04 00:04:45+00:00,24,MT ARABIAN KNIGHT_62,IMO8890587,Tanker
sentinel_81,250916077,2026-09-03 23:28:15+00:00,2026-09-04 00:11:19+00:00,15,MT MUMBAI EXPRESS_67,IMO5553736,Passenger
sentinel_81,274992570,2026-09-04 01:17:37+00:00,2026-09-04 04:41:41+00:00,67,FV MUMBAI EXPRESS_19,IMO1115482,Fishing
sentinel_81,285514406,2026-09-03 23:00:00+00:00,2026-09-03 23:17:58+00:00,6,MT SEA HORIZON_25,IMO1258768,Passenger
sentinel_81,368688902,2026-09-04 00:02:47+00:00,2026-09-04 01:21:19+00:00,26,MT MUMBAI EXPRESS_99,IMO1898516,Cargo
sentinel_81,439670711,2026-09-04 02:21:55+00:00,2026-09-04 04:59:35+00:00,51,MV MUMBAI EXPRESS_14,IMO3341057,Tanker
sentinel_81,490612805,2026-09-03 23:14:03+00:00,2026-09-04 00:04:48+00:00,17,SY ARABIAN KNIGHT_48,IMO4773549,Tanker
sentinel_81,499317479,2026-09-03 23:00:00+00:00,2026-09-03 23:16:12+00:00,7,MV COASTAL PEARL_63,IMO4547081,Cargo
sentinel_81,569749767,2026-09-03 23:01:24+00:00,2026-09-03 23:33:21+00:00,11,MT MALABAR QUEEN_99,IMO7679508,Container Ship
sentinel_81,663550988,2026-09-04 03:56:55+00:00,2026-09-04 10:56:21+00:00,144,FV MUMBAI EXPRESS_65,IMO7614724,Fishing
sentinel_81,697169479,2026-09-03 23:45:24+00:00,2026-09-04 03:16:00+00:00,71,MT MUMBAI EXPRESS_41,IMO1966769,Fishing
sentinel_81,730915077,2026-09-03 23:04:52+00:00,2026-09-04 00:31:51+00:00,31,SY KONKAN TRADER_11,IMO2293159,Cargo
sentinel_81,790077090,2026-09-04 00:34:53+00:00,2026-09-04 02:59:19+00:00,45,SY COASTAL PEARL_51,IMO8387790,Tanker
sentinel_811,209053121,2026-09-03 23:00:00+00:00,2026-09-03 23:23:32+00:00,9,FV WESTERN STAR_38,IMO3093190,Passenger
sentinel_811,218087708,2026-09-03 23:00:00+00:00,2026-09-04 00:04:45+00:00,24,MT ARABIAN KNIGHT_62,IMO8890587,Tanker
sentinel_811,250916077,2026-09-03 23:28:15+00:00,2026-09-04 00:11:19+00:00,15,MT MUMBAI EXPRESS_67,IMO5553736,Passenger
sentinel_811,274992570,2026-09-04 01:17:37+00:00,2026-09-04 04:41:41+00:00,67,FV MUMBAI EXPRESS_19,IMO1115482,Fishing
sentinel_811,285514406,2026-09-03 23:00:00+00:00,2026-09-03 23:17:58+00:00,6,MT SEA HORIZON_25,IMO1258768,Passenger
sentinel_811,368688902,2026-09-04 00:02:47+00:00,2026-09-04 01:21:19+00:00,26,MT MUMBAI EXPRESS_99,IMO1898516,Cargo
sentinel_811,439670711,2026-09-04 02:21:55+00:00,2026-09-04 04:59:35+00:00,51,MV MUMBAI EXPRESS_14,IMO3341057,Tanker
sentinel_811,490612805,2026-09-03 23:14:03+00:00,2026-09-04 00:04:48+00:00,17,SY ARABIAN KNIGHT_48,IMO4773549,Tanker
sentinel_811,499317479,2026-09-03 23:00:00+00:00,2026-09-03 23:16:12+00:00,7,MV COASTAL PEARL_63,IMO4547081,Cargo
sentinel_811,569749767,2026-09-03 23:01:24+00:00,2026-09-03 23:33:21+00:00,11,MT MALABAR QUEEN_99,IMO7679508,Container Ship
sentinel_811,663550988,2026-09-04 03:56:55+00:00,2026-09-04 10:56:21+00:00,144,FV MUMBAI EXPRESS_65,IMO7614724,Fishing
sentinel_811,697169479,2026-09-03 23:45:24+00:00,2026-09-04 03:16:00+00:00,71,MT MUMBAI EXPRESS_41,IMO1966769,Fishing
sentinel_811,730915077,2026-09-03 23:04:52+00:00,2026-09-04 00:31:51+00:00,31,SY KONKAN TRADER_11,IMO2293159,Cargo
sentinel_811,790077090,2026-09-04 00:34:53+00:00,2026-09-04 02:59:19+00:00,45,SY COASTAL PEARL_51,IMO8387790,Tanker
sentinel_818,209053121,2026-09-03 23:00:00+00:00,2026-09-03 23:23:32+00:00,9,FV WESTERN STAR_38,IMO3093190,Passenger
sentinel_818,218087708,2026-09-03 23:00:00+00:00,2026-09-04 00:04:45+00:00,24,MT ARABIAN KNIGHT_62,IMO8890587,Tanker
sentinel_818,250916077,2026-09-03 23:28:15+00:00,2026-09-04 00:11:19+00:00,15,MT MUMBAI EXPRESS_67,IMO5553736,Passenger
sentinel_818,274992570,2026-09-04 01:17:37+00:00,2026-09-04 04:41:41+00:00,67,FV MUMBAI EXPRESS_19,IMO1115482,Fishing
sentinel_818,285514406,2026-09-03 23:00:00+00:00,2026-09-03 23:17:58+00:00,6,MT SEA HORIZON_25,IMO1258768,Passenger
sentinel_818,368688902,2026-09-04 00:02:47+00:00,2026-09-04 01:21:19+00:00,26,MT MUMBAI EXPRESS_99,IMO1898516,Cargo
sentinel_818,439670711,2026-09-04 02:21:55+00:00,2026-09-04 04:59:35+00:00,51,MV MUMBAI EXPRESS_14,IMO3341057,Tanker
sentinel_818,490612805,2026-09-03 23:14:03+00:00,2026-09-04 00:04:48+00:00,17,SY ARABIAN KNIGHT_48,IMO4773549,Tanker
sentinel_818,499317479,2026-09-03 23:00:00+00:00,2026-09-03 23:16:12+00:00,7,MV COASTAL PEARL_63,IMO4547081,Cargo
sentinel_818,569749767,2026-09-03 23:01:24+00:00,2026-09-03 23:33:21+00:00,11,MT MALABAR QUEEN_99,IMO7679508,Container Ship
sentinel_818,663550988,2026-09-04 03:56:55+00:00,2026-09-04 10:56:21+00:00,144,FV MUMBAI EXPRESS_65,IMO7614724,Fishing
sentinel_818,697169479,2026-09-03 23:45:24+00:00,2026-09-04 03:16:00+00:00,71,MT MUMBAI EXPRESS_41,IMO1966769,Fishing
sentinel_818,730915077,2026-09-03 23:04:52+00:00,2026-09-04 00:31:51+00:00,31,SY KONKAN TRADER_11,IMO2293159,Cargo
sentinel_818,790077090,2026-09-04 00:34:53+00:00,2026-09-04 02:59:19+00:00,45,SY COASTAL PEARL_51,IMO8387790,Tanker
sentinel_89,209053121,2026-09-03 23:00:00+00:00,2026-09-03 23:23:32+00:00,9,FV WESTERN STAR_38,IMO3093190,Passenger
sentinel_89,218087708,2026-09-03 23:00:00+00:00,2026-09-04 00:04:45+00:00,24,MT ARABIAN KNIGHT_62,IMO8890587,Tanker
sentinel_89,250916077,2026-09-03 23:28:15+00:00,2026-09-04 00:11:19+00:00,15,MT MUMBAI EXPRESS_67,IMO5553736,Passenger
sentinel_89,274992570,2026-09-04 01:17:37+00:00,2026-09-04 04:41:41+00:00,67,FV MUMBAI EXPRESS_19,IMO1115482,Fishing
sentinel_89,285514406,2026-09-03 23:00:00+00:00,2026-09-03 23:17:58+00:00,6,MT SEA HORIZON_25,IMO1258768,Passenger
sentinel_89,368688902,2026-09-04 00:02:47+00:00,2026-09-04 01:21:19+00:00,26,MT MUMBAI EXPRESS_99,IMO1898516,Cargo
sentinel_89,439670711,2026-09-04 02:21:55+00:00,2026-09-04 04:59:35+00:00,51,MV MUMBAI EXPRESS_14,IMO3341057,Tanker
sentinel_89,490612805,2026-09-03 23:14:03+00:00,2026-09-04 00:04:48+00:00,17,SY ARABIAN KNIGHT_48,IMO4773549,Tanker
sentinel_89,499317479,2026-09-03 23:00:00+00:00,2026-09-03 23:16:12+00:00,7,MV COASTAL PEARL_63,IMO4547081,Cargo
sentinel_89,569749767,2026-09-03 23:01:24+00:00,2026-09-03 23:33:21+00:00,11,MT MALABAR QUEEN_99,IMO7679508,Container Ship
sentinel_89,663550988,2026-09-04 03:56:55+00:00,2026-09-04 10:56:21+00:00,144,FV MUMBAI EXPRESS_65,IMO7614724,Fishing
sentinel_89,697169479,2026-09-03 23:45:24+00:00,2026-09-04 03:16:00+00:00,71,MT MUMBAI EXPRESS_41,IMO1966769,Fishing
sentinel_89,730915077,2026-09-03 23:04:52+00:00,2026-09-04 00:31:51+00:00,31,SY KONKAN TRADER_11,IMO2293159,Cargo
sentinel_89,790077090,2026-09-04 00:34:53+00:00,2026-09-04 02:59:19+00:00,45,SY COASTAL PEARL_51,IMO8387790,Tanker
