slick_id,mmsi,observations,first_seen,last_seen,min_sog,max_sog,mean_sog,mean_cog,mean_lat,mean_lon,ais_gap_count,max_gap_minutes,stopped_observations,vessel_name,vessel_type,imo,length,width,draft,stopped_ratio
sentinel_10,209053121,9,2026-09-03 23:00:00+00:00,2026-09-03 23:23:32+00:00,19.8,21.1,20.344444444444445,244.42222222222225,19.084829,72.57050366666667,0,4.866666666666666,0,FV WESTERN STAR_38,Passenger,IMO3093190,110.1,26.5,8.2,0.0
sentinel_10,218087708,24,2026-09-03 23:00:00+00:00,2026-09-04 00:04:45+00:00,12.0,13.1,12.470833333333333,205.63333333333333,18.917163125,72.75744304166666,0,4.866666666666666,0,MT ARABIAN KNIGHT_62,Tanker,IMO8890587,204.3,33.4,13.8,0.0
sentinel_10,250916077,15,2026-09-03 23:28:15+00:00,2026-09-04 00:11:19+00:00,17.0,19.0,18.026666666666664,221.16666666666666,19.110048533333334,72.58008126666667,0,4.833333333333333,0,MT MUMBAI EXPRESS_67,Passenger,IMO5553736,93.3,17.7,6.0,0.0
sentinel_10,274992570,67,2026-09-04 01:17:37+00:00,2026-09-04 04:41:41+00:00,5.7,8.4,7.08955223880597,196.0402985074627,19.003052970149255,72.69489473134328,0,4.866666666666666,0,FV MUMBAI EXPRESS_19,Fishing,IMO1115482,36.8,9.5,1.7,0.0
sentinel_10,285514406,6,2026-09-03 23:00:00+00:00,2026-09-03 23:17:58+00:00,16.9,18.1,17.616666666666667,308.93333333333334,19.165767666666667,72.56125283333334,0,4.833333333333333,0,MT SEA HORIZON_25,Passenger,IMO1258768,221.2,19.2,8.5,0.0
sentinel_10,368688902,26,2026-09-04 00:02:47+00:00,2026-09-04 01:21:19+00:00,11.2,13.0,12.13846153846154,31.196153846153848,19.073575961538463,72.576891,0,4.7,0,MT MUMBAI EXPRESS_99,Cargo,IMO1898516,213.1,17.8,11.2,0.0
sentinel_10,439670711,51,2026-09-04 02:21:55+00:00,2026-09-04 04:59:35+00:00,7.6,10.0,9.041176470588235,41.33137254901961,19.046102215686275,72.63898733333333,0,4.933333333333334,0,MV MUMBAI EXPRESS_14,Tanker,IMO3341057,203.1,18.7,8.5,0.0
sentinel_10,490612805,17,2026-09-03 23:14:03+00:00,2026-09-04 00:04:48+00:00,15.0,16.0,15.53529411764706,303.0764705882353,19.137831764705883,72.70706211764707,0,4.55,0,SY ARABIAN KNIGHT_48,Tanker,IMO4773549,247.2,22.2,9.9,0.0
sentinel_10,499317479,7,2026-09-03 23:00:00+00:00,2026-09-03 23:16:12+00:00,12.4,13.7,13.1,251.82857142857142,18.857319285714286,72.53762314285714,0,4.033333333333333,0,MV COASTAL PEARL_63,Cargo,IMO4547081,130.2,19.7,8.4,0.0
sentinel_10,569749767,11,2026-09-03 23:01:24+00:00,2026-09-03 23:33:21+00:00,17.8,18.8,18.263636363636365,120.5090909090909,18.85400927272727,72.58299218181818,0,4.733333333333333,0,MT MALABAR QUEEN_99,Container Ship,IMO7679508,249.9,27.1,9.8,0.0
sentinel_10,663550988,144,2026-09-04 03:56:55+00:00,2026-09-04 10:56:21+00:00,0.5,3.5,1.1590277777777778,70.22222222222223,19.14334527777778,72.58012919444444,0,4.916666666666667,34,FV MUMBAI EXPRESS_65,Fishing,IMO7614724,17.7,5.7,1.1,0.2361111111111111
sentinel_10,697169479,71,2026-09-03 23:45:24+00:00,2026-09-04 03:16:00+00:00,3.0,7.0,5.095774647887324,92.3,18.900984267605633,72.67297447887324,0,4.966666666666667,0,MT MUMBAI EXPRESS_41,Fishing,IMO1966769,36.2,5.8,3.1,0.0
sentinel_10,730915077,31,2026-09-03 23:04:52+00:00,2026-09-04 00:31:51+00:00,13.6,15.6,14.80967741935484,55.119354838709675,18.91756919354839,72.65614848387096,0,4.933333333333334,0,SY KONKAN TRADER_11,Cargo,IMO2293159,110.9,29.9,5.9,0.0
sentinel_10,790077090,45,2026-09-04 00:34:53+00:00,2026-09-04 02:59:19+00:00,6.2,9.0,7.751111111111111,288.53555555555556,18.971165822222222,72.67203915555555,0,4.966666666666667,0,SY COASTAL PEARL_51,Tanker,IMO8387790,210.9,33.7,12.3,0.0
sentinel_101,209053121,9,2026-09-03 23:00:00+00:00,2026-09-03 23:23:32+00:00,19.8,21.1,20.344444444444445,244.42222222222225,19.084829,72.57050366666667,0,4.866666666666666,0,FV WESTERN STAR_38,Passenger,IMO3093190,110.1,26.5,8.2,0.0
sentinel_101,218087708,24,2026-09-03 23:00:00+00:00,2026-09-04 00:04:45+00:00,12.0,13.1,12.470833333333333,205.63333333333333,18.917163125,72.75744304166666,0,4.866666666666666,0,MT ARABIAN KNIGHT_62,Tanker,IMO8890587,204.3,33.4,13.8,0.0
sentinel_101,250916077,15,2026-09-03 23:28:15+00:00,2026-09-04 00:11:19+00:00,17.0,19.0,18.026666666666664,221.16666666666666,19.110048533333334,72.58008126666667,0,4.833333333333333,0,MT MUMBAI EXPRESS_67,Passenger,IMO5553736,93.3,17.7,6.0,0.0
sentinel_101,274992570,67,2026-09-04 01:17:37+00:00,2026-09-04 04:41:41+00:00,5.7,8.4,7.08955223880597,196.0402985074627,19.003052970149255,72.69489473134328,0,4.866666666666666,0,FV MUMBAI EXPRESS_19,Fishing,IMO1115482,36.8,9.5,1.7,0.0
sentinel_101,285514406,6,2026-09-03 23:00:00+00:00,2026-09-03 23:17:58+00:00,16.9,18.1,17.616666666666667,308.93333333333334,19.165767666666667,72.56125283333334,0,4.833333333333333,0,MT SEA HORIZON_25,Passenger,IMO1258768,221.2,19.2,8.5,0.0
sentinel_101,368688902,26,2026-09-04 00:02:47+00:00,2026-09-04 01:21:19+00:00,11.2,13.0,12.13846153846154,31.196153846153848,19.073575961538463,72.576891,0,4.7,0,MT MUMBAI EXPRESS_99,Cargo,IMO1898516,213.1,17.8,11.2,0.0
sentinel_101,439670711,51,2026-09-04 02:21:55+00:00,2026-09-04 04:59:35+00:00,7.6,10.0,9.041176470588235,41.33137254901961,19.046102215686275,72.63898733333333,0,4.933333333333334,0,MV MUMBAI EXPRESS_14,Tanker,IMO3341057,203.1,18.7,8.5,0.0
sentinel_101,490612805,17,2026-09-03 23:14:03+00:00,2026-09-04 00:04:48+00:00,15.0,16.0,15.53529411764706,303.0764705882353,19.137831764705883,72.70706211764707,0,4.55,0,SY ARABIAN KNIGHT_48,Tanker,IMO4773549,247.2,22.2,9.9,0.0
sentinel_101,499317479,7,2026-09-03 23:00:00+00:00,2026-09-03 23:16:12+00:00,12.4,13.7,13.1,251.82857142857142,18.857319285714286,72.53762314285714,0,4.033333333333333,0,MV COASTAL PEARL_63,Cargo,IMO4547081,130.2,19.7,8.4,0.0
sentinel_101,569749767,11,2026-09-03 23:01:24+00:00,2026-09-03 23:33:21+00:00,17.8,18.8,18.263636363636365,120.5090909090909,18.85400927272727,72.58299218181818,0,4.733333333333333,0,MT MALABAR QUEEN_99,Container Ship,IMO7679508,249.9,27.1,9.8,0.0
sentinel_101,663550988,144,2026-09-04 03:56:55+00:00,2026-09-04 10:56:21+00:00,0.5,3.5,1.1590277777777778,70.22222222222223,19.14334527777778,72.58012919444444,0,4.916666666666667,34,FV MUMBAI EXPRESS_65,Fishing,IMO7614724,17.7,5.7,1.1,0.2361111111111111
sentinel_101,697169479,71,2026-09-03 23:45:24+00:00,2026-09-04 03:16:00+00:00,3.0,7.0,5.095774647887324,92.3,18.900984267605633,72.67297447887324,0,4.966666666666667,0,MT MUMBAI EXPRESS_41,Fishing,IMO1966769,36.2,5.8,3.1,0.0
sentinel_101,730915077,31,2026-09-03 23:04:52+00:00,2026-09-04 00:31:51+00:00,13.6,15.6,14.80967741935484,55.119354838709675,18.91756919354839,72.65614848387096,0,4.933333333333334,0,SY KONKAN TRADER_11,Cargo,IMO2293159,110.9,29.9,5.9,0.0
sentinel_101,790077090,45,2026-09-04 00:34:53+00:00,2026-09-04 02:59:19+00:00,6.2,9.0,7.751111111111111,288.53555555555556,18.971165822222222,72.67203915555555,0,4.966666666666667,0,SY COASTAL PEARL_51,Tanker,IMO8387790,210.9,33.7,12.3,0.0
sentinel_11,209053121,9,2026-09-03 23:00:00+00:00,2026-09-03 23:23:32+00:00,19.8,21.1,20.344444444444445,244.42222222222225,19.084829,72.57050366666667,0,4.866666666666666,0,FV WESTERN STAR_38,Passenger,IMO3093190,110.1,26.5,8.2,0.0
sentinel_11,218087708,24,2026-09-03 23:00:00+00:00,2026-09-04 00:04:45+00:00,12.0,13.1,12.470833333333333,205.63333333333333,18.917163125,72.75744304166666,0,4.866666666666666,0,MT ARABIAN KNIGHT_62,Tanker,IMO8890587,204.3,33.4,13.8,0.0
sentinel_11,250916077,15,2026-09-03 23:28:15+00:00,2026-09-04 00:11:19+00:00,17.0,19.0,18.026666666666664,221.16666666666666,19.110048533333334,72.58008126666667,0,4.833333333333333,0,MT MUMBAI EXPRESS_67,Passenger,IMO5553736,93.3,17.7,6.0,0.0
sentinel_11,274992570,67,2026-09-04 01:17:37+00:00,2026-09-04 04:41:41+00:00,5.7,8.4,7.08955223880597,196.0402985074627,19.003052970149255,72.69489473134328,0,4.866666666666666,0,FV MUMBAI EXPRESS_19,Fishing,IMO1115482,36.8,9.5,1.7,0.0
sentinel_11,285514406,6,2026-09-03 23:00:00+00:00,2026-09-03 23:17:58+00:00,16.9,18.1,17.616666666666667,308.93333333333334,19.165767666666667,72.56125283333334,0,4.833333333333333,0,MT SEA HORIZON_25,Passenger,IMO1258768,221.2,19.2,8.5,0.0
sentinel_11,368688902,26,2026-09-04 00:02:47+00:00,2026-09-04 01:21:19+00:00,11.2,13.0,12.13846153846154,31.196153846153848,19.073575961538463,72.576891,0,4.7,0,MT MUMBAI EXPRESS_99,Cargo,IMO1898516,213.1,17.8,11.2,0.0
sentinel_11,439670711,51,2026-09-04 02:21:55+00:00,2026-09-04 04:59:35+00:00,7.6,10.0,9.041176470588235,41.33137254901961,19.046102215686275,72.63898733333333,0,4.933333333333334,0,MV MUMBAI EXPRESS_14,Tanker,IMO3341057,203.1,18.7,8.5,0.0
sentinel_11,490612805,17,2026-09-03 23:14:03+00:00,2026-09-04 00:04:48+00:00,15.0,16.0,15.53529411764706,303.0764705882353,19.137831764705883,72.70706211764707,0,4.55,0,SY ARABIAN KNIGHT_48,Tanker,IMO4773549,247.2,22.2,9.9,0.0
sentinel_11,499317479,7,2026-09-03 23:00:00+00:00,2026-09-03 23:16:12+00:00,12.4,13.7,13.1,251.82857142857142,18.857319285714286,72.53762314285714,0,4.033333333333333,0,MV COASTAL PEARL_63,Cargo,IMO4547081,130.2,19.7,8.4,0.0
sentinel_11,569749767,11,2026-09-03 23:01:24+00:00,2026-09-03 23:33:21+00:00,17.8,18.8,18.263636363636365,120.5090909090909,18.85400927272727,72.58299218181818,0,4.733333333333333,0,MT MALABAR QUEEN_99,Container Ship,IMO7679508,249.9,27.1,9.8,0.0
sentinel_11,663550988,144,2026-09-04 03:56:55+00:00,2026-09-04 10:56:21+00:00,0.5,3.5,1.1590277777777778,70.22222222222223,19.14334527777778,72.58012919444444,0,4.916666666666667,34,FV MUMBAI EXPRESS_65,Fishing,IMO7614724,17.7,5.7,1.1,0.2361111111111111
sentinel_11,697169479,71,2026-09-03 23:45:24+00:00,2026-09-04 03:16:00+00:00,3.0,7.0,5.095774647887324,92.3,18.900984267605633,72.67297447887324,0,4.966666666666667,0,MT MUMBAI EXPRESS_41,Fishing,IMO1966769,36.2,5.8,3.1,0.0
sentinel_11,730915077,31,2026-09-03 23:04:52+00:00,2026-09-04 00:31:51+00:00,13.6,15.6,14.80967741935484,55.119354838709675,18.91756919354839,72.65614848387096,0,4.933333333333334,0,SY KONKAN TRADER_11,Cargo,IMO2293159,110.9,29.9,5.9,0.0
sentinel_11,790077090,45,2026-09-04 00:34:53+00:00,2026-09-04 02:59:19+00:00,6.2,9.0,7.751111111111111,288.53555555555556,18.971165822222222,72.67203915555555,0,4.966666666666667,0,SY COASTAL PEARL_51,Tanker,IMO8387790,210.9,33.7,12.3,0.0
sentinel_121,209053121,9,2026-09-03 23:00:00+00:00,2026-09-03 23:23:32+00:00,19.8,21.1,20.344444444444445,244.42222222222225,19.084829,72.57050366666667,0,4.866666666666666,0,FV WESTERN STAR_38,Passenger,IMO3093190,110.1,26.5,8.2,0.0
sentinel_121,218087708,24,2026-09-03 23:00:00+00:00,2026-09-04 00:04:45+00:00,12.0,13.1,12.470833333333333,205.63333333333333,18.917163125,72.75744304166666,0,4.866666666666666,0,MT ARABIAN KNIGHT_62,Tanker,IMO8890587,204.3,33.4,13.8,0.0
sentinel_121,250916077,15,2026-09-03 23:28:15+00:00,2026-09-04 00:11:19+00:00,17.0,19.0,18.026666666666664,221.16666666666666,19.110048533333334,72.58008126666667,0,4.833333333333333,0,MT MUMBAI EXPRESS_67,Passenger,IMO5553736,93.3,17.7,6.0,0.0
sentinel_121,274992570,67,2026-09-04 01:17:37+00:00,2026-09-04 04:41:41+00:00,5.7,8.4,7.08955223880597,196.0402985074627,19.003052970149255,72.69489473134328,0,4.866666666666666,0,FV MUMBAI EXPRESS_19,Fishing,IMO1115482,36.8,9.5,1.7,0.0
sentinel_121,285514406,6,2026-09-03 23:00:00+00:00,2026-09-03 23:17:58+00:00,16.9,18.1,17.616666666666667,308.93333333333334,19.165767666666667,72.56125283333334,0,4.833333333333333,0,MT SEA HORIZON_25,Passenger,IMO1258768,221.2,19.2,8.5,0.0
sentinel_121,368688902,26,2026-09-04 00:02:47+00:00,2026-09-04 01:21:19+00:00,11.2,13.0,12.13846153846154,31.196153846153848,19.073575961538463,72.576891,0,4.7,0,MT MUMBAI EXPRESS_99,Cargo,IMO1898516,213.1,17.8,11.2,0.0
sentinel_121,439670711,51,2026-09-04 02:21:55+00:00,2026-09-04 04:59:35+00:00,7.6,10.0,9.041176470588235,41.33137254901961,19.046102215686275,72.63898733333333,0,4.933333333333334,0,MV MUMBAI EXPRESS_14,Tanker,IMO3341057,203.1,18.7,8.5,0.0
sentinel_121,490612805,17,2026-09-03 23:14:03+00:00,2026-09-04 00:04:48+00:00,15.0,16.0,15.53529411764706,303.0764705882353,19.137831764705883,72.70706211764707,0,4.55,0,SY ARABIAN KNIGHT_48,Tanker,IMO4773549,247.2,22.2,9.9,0.0
sentinel_121,499317479,7,2026-09-03 23:00:00+00:00,2026-09-03 23:16:12+00:00,12.4,13.7,13.1,251.82857142857142,18.857319285714286,72.53762314285714,0,4.033333333333333,0,MV COASTAL PEARL_63,Cargo,IMO4547081,130.2,19.7,8.4,0.0
sentinel_121,569749767,11,2026-09-03 23:01:24+00:00,2026-09-03 23:33:21+00:00,17.8,18.8,18.263636363636365,120.5090909090909,18.85400927272727,72.58299218181818,0,4.733333333333333,0,MT MALABAR QUEEN_99,Container Ship,IMO7679508,249.9,27.1,9.8,0.0
sentinel_121,663550988,144,2026-09-04 03:56:55+00:00,2026-09-04 10:56:21+00:00,0.5,3.5,1.1590277777777778,70.22222222222223,19.14334527777778,72.58012919444444,0,4.916666666666667,34,FV MUMBAI EXPRESS_65,Fishing,IMO7614724,17.7,5.7,1.1,0.2361111111111111
sentinel_121,697169479,71,2026-09-03 23:45:24+00:00,2026-09-04 03:16:00+00:00,3.0,7.0,5.095774647887324,92.3,18.900984267605633,72.67297447887324,0,4.966666666666667,0,MT MUMBAI EXPRESS_41,Fishing,IMO1966769,36.2,5.8,3.1,0.0
sentinel_121,730915077,31,2026-09-03 23:04:52+00:00,2026-09-04 00:31:51+00:00,13.6,15.6,14.80967741935484,55.119354838709675,18.91756919354839,72.65614848387096,0,4.933333333333334,0,SY KONKAN TRADER_11,Cargo,IMO2293159,110.9,29.9,5.9,0.0
sentinel_121,790077090,45,2026-09-04 00:34:53+00:00,2026-09-04 02:59:19+00:00,6.2,9.0,7.751111111111111,288.53555555555556,18.971165822222222,72.67203915555555,0,4.966666666666667,0,SY COASTAL PEARL_51,Tanker,IMO8387790,210.9,33.7,12.3,0.0
sentinel_147,209053121,11,2026-09-03 23:00:00+00:00,2026-09-03 23:28:15+00:00,19.8,21.1,20.436363636363637,244.6090909090909,19.078108363636364,72.55556954545455,0,4.866666666666666,0,FV WESTERN STAR_38,Passenger,IMO3093190,110.1,26.5,8.2,0.0
sentinel_147,218087708,24,2026-09-03 23:00:00+00:00,2026-09-04 00:04:45+00:00,12.0,13.1,12.470833333333333,205.63333333333333,18.917163125,72.75744304166666,0,4.866666666666666,0,MT ARABIAN KNIGHT_62,Tanker,IMO8890587,204.3,33.4,13.8,0.0
sentinel_147,250916077,16,2026-09-03 23:32:37+00:00,2026-09-04 00:18:19+00:00,17.3,19.0,18.125,221.04375,19.0926428125,72.5639943125,0,4.833333333333333,0,MT MUMBAI EXPRESS_67,Passenger,IMO5553736,93.3,17.7,6.0,0.0
sentinel_147,274992570,64,2026-09-04 01:28:56+00:00,2026-09-04 04:41:41+00:00,5.7,8.4,7.13125,195.96875,18.994165625,72.692305640625,0,4.866666666666666,0,FV MUMBAI EXPRESS_19,Fishing,IMO1115482,36.8,9.5,1.7,0.0
sentinel_147,285514406,5,2026-09-03 23:00:00+00:00,2026-09-03 23:13:08+00:00,16.9,18.1,17.580000000000002,308.88,19.159926,72.5688712,0,4.233333333333333,0,MT SEA HORIZON_25,Passenger,IMO1258768,221.2,19.2,8.5,0.0
sentinel_147,368688902,29,2026-09-03 23:54:19+00:00,2026-09-04 01:18:48+00:00,11.2,13.0,12.075862068965517,31.482758620689655,19.052431931034484,72.562993,0,4.7,0,MT MUMBAI EXPRESS_99,Cargo,IMO1898516,213.1,17.8,11.2,0.0
sentinel_147,439670711,52,2026-09-04 02:11:38+00:00,2026-09-04 04:54:42+00:00,7.6,10.1,9.103846153846153,41.08653846153846,19.031015423076923,72.62512857692307,0,4.933333333333334,0,MV MUMBAI EXPRESS_14,Tanker,IMO3341057,203.1,18.7,8.5,0.0
sentinel_147,490612805,15,2026-09-03 23:14:03+00:00,2026-09-03 23:58:38+00:00,15.0,16.0,15.506666666666666,303.42,19.130302066666665,72.71935006666666,0,4.55,0,SY ARABIAN KNIGHT_48,Tanker,IMO4773549,247.2,22.2,9.9,0.0
sentinel_147,499317479,9,2026-09-03 23:00:00+00:00,2026-09-03 23:20:11+00:00,12.4,13.7,13.044444444444444,251.7888888888889,18.85449733333333,72.52863355555556,0,4.033333333333333,0,MV COASTAL PEARL_63,Cargo,IMO4547081,130.2,19.7,8.4,0.0
sentinel_147,569749767,11,2026-09-03 23:00:00+00:00,2026-09-03 23:30:46+00:00,17.8,18.8,18.21818181818182,120.39090909090909,18.861759727272727,72.5690351818182,0,4.733333333333333,0,MT MALABAR QUEEN_99,Container Ship,IMO7679508,249.9,27.1,9.8,0.0
sentinel_147,663550988,149,2026-09-04 03:39:51+00:00,2026-09-04 10:56:21+00:00,0.5,4.1,1.2476510067114095,70.00402684563758,19.14221733557047,72.57715680536913,0,4.916666666666667,34,FV MUMBAI EXPRESS_65,Fishing,IMO7614724,17.7,5.7,1.1,0.22818791946308725
sentinel_147,697169479,72,2026-09-03 23:34:28+00:00,2026-09-04 03:05:49+00:00,3.0,7.0,5.245833333333334,92.34166666666667,18.901627944444446,72.65677081944445,0,4.966666666666667,0,MT MUMBAI EXPRESS_41,Fishing,IMO1966769,36.2,5.8,3.1,0.0
sentinel_147,730915077,31,2026-09-03 23:02:27+00:00,2026-09-04 00:29:53+00:00,13.6,15.6,14.780645161290321,55.15161290322581,18.91079506451613,72.645873,0,4.933333333333334,0,SY KONKAN TRADER_11,Cargo,IMO2293159,110.9,29.9,5.9,0.0
sentinel_147,790077090,47,2026-09-04 00:42:24+00:00,2026-09-04 03:10:51+00:00,6.2,9.0,7.71063829787234,288.9340425531915,18.978203,72.65061168085106,0,4.966666666666667,0,SY COASTAL PEARL_51,Tanker,IMO8387790,210.9,33.7,12.3,0.0
sentinel_148,209053121,9,2026-09-03 23:00:00+00:00,2026-09-03 23:23:32+00:00,19.8,21.1,20.344444444444445,244.42222222222225,19.084829,72.57050366666667,0,4.866666666666666,0,FV WESTERN STAR_38,Passenger,IMO3093190,110.1,26.5,8.2,0.0
sentinel_148,218087708,24,2026-09-03 23:00:00+00:00,2026-09-04 00:04:45+00:00,12.0,13.1,12.470833333333333,205.63333333333333,18.917163125,72.75744304166666,0,4.866666666666666,0,MT ARABIAN KNIGHT_62,Tanker,IMO8890587,204.3,33.4,13.8,0.0
sentinel_148,250916077,15,2026-09-03 23:28:15+00:00,2026-09-04 00:11:19+00:00,17.0,19.0,18.026666666666664,221.16666666666666,19.110048533333334,72.58008126666667,0,4.833333333333333,0,MT MUMBAI EXPRESS_67,Passenger,IMO5553736,93.3,17.7,6.0,0.0
sentinel_148,274992570,67,2026-09-04 01:17:37+00:00,2026-09-04 04:41:41+00:00,5.7,8.4,7.08955223880597,196.0402985074627,19.003052970149255,72.69489473134328,0,4.866666666666666,0,FV MUMBAI EXPRESS_19,Fishing,IMO1115482,36.8,9.5,1.7,0.0
sentinel_148,285514406,6,2026-09-03 23:00:00+00:00,2026-09-03 23:17:58+00:00,16.9,18.1,17.616666666666667,308.93333333333334,19.165767666666667,72.56125283333334,0,4.833333333333333,0,MT SEA HORIZON_25,Passenger,IMO1258768,221.2,19.2,8.5,0.0
sentinel_148,368688902,26,2026-09-04 00:02:47+00:00,2026-09-04 01:21:19+00:00,11.2,13.0,12.13846153846154,31.196153846153848,19.073575961538463,72.576891,0,4.7,0,MT MUMBAI EXPRESS_99,Cargo,IMO1898516,213.1,17.8,11.2,0.0
sentinel_148,439670711,51,2026-09-04 02:21:55+00:00,2026-09-04 04:59:35+00:00,7.6,10.0,9.041176470588235,41.33137254901961,19.046102215686275,72.63898733333333,0,4.933333333333334,0,MV MUMBAI EXPRESS_14,Tanker,IMO3341057,203.1,18.7,8.5,0.0
sentinel_148,490612805,17,2026-09-03 23:14:03+00:00,2026-09-04 00:04:48+00:00,15.0,16.0,15.53529411764706,303.0764705882353,19.137831764705883,72.70706211764707,0,4.55,0,SY ARABIAN KNIGHT_48,Tanker,IMO4773549,247.2,22.2,9.9,0.0
sentinel_148,499317479,7,2026-09-03 23:00:00+00:00,2026-09-03 23:16:12+00:00,12.4,13.7,13.1,251.82857142857142,18.857319285714286,72.53762314285714,0,4.033333333333333,0,MV COASTAL PEARL_63,Cargo,IMO4547081,130.2,19.7,8.4,0.0
sentinel_148,569749767,11,2026-09-03 23:01:24+00:00,2026-09-03 23:33:21+00:00,17.8,18.8,18.263636363636365,120.5090909090909,18.85400927272727,72.58299218181818,0,4.733333333333333,0,MT MALABAR QUEEN_99,Container Ship,IMO7679508,249.9,27.1,9.8,0.0
sentinel_148,663550988,144,2026-09-04 03:56:55+00:00,2026-09-04 10:56:21+00:00,0.5,3.5,1.1590277777777778,70.22222222222223,19.14334527777778,72.58012919444444,0,4.916666666666667,34,FV MUMBAI EXPRESS_65,Fishing,IMO7614724,17.7,5.7,1.1,0.2361111111111111
sentinel_148,697169479,71,2026-09-03 23:45:24+00:00,2026-09-04 03:16:00+00:00,3.0,7.0,5.095774647887324,92.3,18.900984267605633,72.67297447887324,0,4.966666666666667,0,MT MUMBAI EXPRESS_41,Fishing,IMO1966769,36.2,5.8,3.1,0.0
sentinel_148,730915077,31,2026-09-03 23:04:52+00:00,2026-09-04 00:31:51+00:00,13.6,15.6,14.80967741935484,55.119354838709675,18.91756919354839,72.65614848387096,0,4.933333333333334,0,SY KONKAN TRADER_11,Cargo,IMO2293159,110.9,29.9,5.9,0.0
sentinel_148,790077090,45,2026-09-04 00:34:53+00:00,2026-09-04 02:59:19+00:00,6.2,9.0,7.751111111111111,288.53555555555556,18.971165822222222,72.67203915555555,0,4.966666666666667,0,SY COASTAL PEARL_51,Tanker,IMO8387790,210.9,33.7,12.3,0.0
sentinel_151,209053121,9,2026-09-03 23:00:00+00:00,2026-09-03 23:23:32+00:00,19.8,21.1,20.344444444444445,244.42222222222225,19.084829,72.57050366666667,0,4.866666666666666,0,FV WESTERN STAR_38,Passenger,IMO3093190,110.1,26.5,8.2,0.0
sentinel_151,218087708,24,2026-09-03 23:00:00+00:00,2026-09-04 00:04:45+00:00,12.0,13.1,12.470833333333333,205.63333333333333,18.917163125,72.75744304166666,0,4.866666666666666,0,MT ARABIAN KNIGHT_62,Tanker,IMO8890587,204.3,33.4,13.8,0.0
sentinel_151,250916077,15,2026-09-03 23:28:15+00:00,2026-09-04 00:11:19+00:00,17.0,19.0,18.026666666666664,221.16666666666666,19.110048533333334,72.58008126666667,0,4.833333333333333,0,MT MUMBAI EXPRESS_67,Passenger,IMO5553736,93.3,17.7,6.0,0.0
sentinel_151,274992570,67,2026-09-04 01:17:37+00:00,2026-09-04 04:41:41+00:00,5.7,8.4,7.08955223880597,196.0402985074627,19.003052970149255,72.69489473134328,0,4.866666666666666,0,FV MUMBAI EXPRESS_19,Fishing,IMO1115482,36.8,9.5,1.7,0.0
sentinel_151,285514406,6,2026-09-03 23:00:00+00:00,2026-09-03 23:17:58+00:00,16.9,18.1,17.616666666666667,308.93333333333334,19.165767666666667,72.56125283333334,0,4.833333333333333,0,MT SEA HORIZON_25,Passenger,IMO1258768,221.2,19.2,8.5,0.0
sentinel_151,368688902,26,2026-09-04 00:02:47+00:00,2026-09-04 01:21:19+00:00,11.2,13.0,12.13846153846154,31.196153846153848,19.073575961538463,72.576891,0,4.7,0,MT MUMBAI EXPRESS_99,Cargo,IMO1898516,213.1,17.8,11.2,0.0
sentinel_151,439670711,51,2026-09-04 02:21:55+00:00,2026-09-04 04:59:35+00:00,7.6,10.0,9.041176470588235,41.33137254901961,19.046102215686275,72.63898733333333,0,4.933333333333334,0,MV MUMBAI EXPRESS_14,Tanker,IMO3341057,203.1,18.7,8.5,0.0
sentinel_151,490612805,17,2026-09-03 23:14:03+00:00,2026-09-04 00:04:48+00:00,15.0,16.0,15.53529411764706,303.0764705882353,19.137831764705883,72.70706211764707,0,4.55,0,SY ARABIAN KNIGHT_48,Tanker,IMO4773549,247.2,22.2,9.9,0.0
sentinel_151,499317479,7,2026-09-03 23:00:00+00:00,2026-09-03 23:16:12+00:00,12.4,13.7,13.1,251.82857142857142,18.857319285714286,72.53762314285714,0,4.033333333333333,0,MV COASTAL PEARL_63,Cargo,IMO4547081,130.2,19.7,8.4,0.0
sentinel_151,569749767,11,2026-09-03 23:01:24+00:00,2026-09-03 23:33:21+00:00,17.8,18.8,18.263636363636365,120.5090909090909,18.85400927272727,72.58299218181818,0,4.733333333333333,0,MT MALABAR QUEEN_99,Container Ship,IMO7679508,249.9,27.1,9.8,0.0
sentinel_151,663550988,144,2026-09-04 03:56:55+00:00,2026-09-04 10:56:21+00:00,0.5,3.5,1.1590277777777778,70.22222222222223,19.14334527777778,72.58012919444444,0,4.916666666666667,34,FV MUMBAI EXPRESS_65,Fishing,IMO7614724,17.7,5.7,1.1,0.2361111111111111
sentinel_151,697169479,71,2026-09-03 23:45:24+00:00,2026-09-04 03:16:00+00:00,3.0,7.0,5.095774647887324,92.3,18.900984267605633,72.67297447887324,0,4.966666666666667,0,MT MUMBAI EXPRESS_41,Fishing,IMO1966769,36.2,5.8,3.1,0.0
sentinel_151,730915077,31,2026-09-03 23:04:52+00:00,2026-09-04 00:31:51+00:00,13.6,15.6,14.80967741935484,55.119354838709675,18.91756919354839,72.65614848387096,0,4.933333333333334,0,SY KONKAN TRADER_11,Cargo,IMO2293159,110.9,29.9,5.9,0.0
sentinel_151,790077090,45,2026-09-04 00:34:53+00:00,2026-09-04 02:59:19+00:00,6.2,9.0,7.751111111111111,288.53555555555556,18.971165822222222,72.67203915555555,0,4.966666666666667,0,SY COASTAL PEARL_51,Tanker,IMO8387790,210.9,33.7,12.3,0.0
sentinel_155,209053121,9,2026-09-03 23:00:00+00:00,2026-09-03 23:23:32+00:00,19.8,21.1,20.344444444444445,244.42222222222225,19.084829,72.57050366666667,0,4.866666666666666,0,FV WESTERN STAR_38,Passenger,IMO3093190,110.1,26.5,8.2,0.0
sentinel_155,218087708,24,2026-09-03 23:00:00+00:00,2026-09-04 00:04:45+00:00,12.0,13.1,12.470833333333333,205.63333333333333,18.917163125,72.75744304166666,0,4.866666666666666,0,MT ARABIAN KNIGHT_62,Tanker,IMO8890587,204.3,33.4,13.8,0.0
sentinel_155,250916077,15,2026-09-03 23:28:15+00:00,2026-09-04 00:11:19+00:00,17.0,19.0,18.026666666666664,221.16666666666666,19.110048533333334,72.58008126666667,0,4.833333333333333,0,MT MUMBAI EXPRESS_67,Passenger,IMO5553736,93.3,17.7,6.0,0.0
sentinel_155,274992570,67,2026-09-04 01:17:37+00:00,2026-09-04 04:41:41+00:00,5.7,8.4,7.08955223880597,196.0402985074627,19.003052970149255,72.69489473134328,0,4.866666666666666,0,FV MUMBAI EXPRESS_19,Fishing,IMO1115482,36.8,9.5,1.7,0.0
sentinel_155,285514406,6,2026-09-03 23:00:00+00:00,2026-09-03 23:17:58+00:00,16.9,18.1,17.616666666666667,308.93333333333334,19.165767666666667,72.56125283333334,0,4.833333333333333,0,MT SEA HORIZON_25,Passenger,IMO1258768,221.2,19.2,8.5,0.0
sentinel_155,368688902,26,2026-09-04 00:02:47+00:00,2026-09-04 01:21:19+00:00,11.2,13.0,12.13846153846154,31.196153846153848,19.073575961538463,72.576891,0,4.7,0,MT MUMBAI EXPRESS_99,Cargo,IMO1898516,213.1,17.8,11.2,0.0
sentinel_155,439670711,51,2026-09-04 02:21:55+00:00,2026-09-04 04:59:35+00:00,7.6,10.0,9.041176470588235,41.33137254901961,19.046102215686275,72.63898733333333,0,4.933333333333334,0,MV MUMBAI EXPRESS_14,Tanker,IMO3341057,203.1,18.7,8.5,0.0
sentinel_155,490612805,17,2026-09-03 23:14:03+00:00,2026-09-04 00:04:48+00:00,15.0,16.0,15.53529411764706,303.0764705882353,19.137831764705883,72.70706211764707,0,4.55,0,SY ARABIAN KNIGHT_48,Tanker,IMO4773549,247.2,22.2,9.9,0.0
sentinel_155,499317479,7,2026-09-03 23:00:00+00:00,2026-09-03 23:16:12+00:00,12.4,13.7,13.1,251.82857142857142,18.857319285714286,72.53762314285714,0,4.033333333333333,0,MV COASTAL PEARL_63,Cargo,IMO4547081,130.2,19.7,8.4,0.0
sentinel_155,569749767,11,2026-09-03 23:01:24+00:00,2026-09-03 23:33:21+00:00,17.8,18.8,18.263636363636365,120.5090909090909,18.85400927272727,72.58299218181818,0,4.733333333333333,0,MT MALABAR QUEEN_99,Container Ship,IMO7679508,249.9,27.1,9.8,0.0
sentinel_155,663550988,144,2026-09-04 03:56:55+00:00,2026-09-04 10:56:21+00:00,0.5,3.5,1.1590277777777778,70.22222222222223,19.14334527777778,72.58012919444444,0,4.916666666666667,34,FV MUMBAI EXPRESS_65,Fishing,IMO7614724,17.7,5.7,1.1,0.2361111111111111
sentinel_155,697169479,71,2026-09-03 23:45:24+00:00,2026-09-04 03:16:00+00:00,3.0,7.0,5.095774647887324,92.3,18.900984267605633,72.67297447887324,0,4.966666666666667,0,MT MUMBAI EXPRESS_41,Fishing,IMO1966769,36.2,5.8,3.1,0.0
sentinel_155,730915077,31,2026-09-03 23:04:52+00:00,2026-09-04 00:31:51+00:00,13.6,15.6,14.80967741935484,55.119354838709675,18.91756919354839,72.65614848387096,0,4.933333333333334,0,SY KONKAN TRADER_11,Cargo,IMO2293159,110.9,29.9,5.9,0.0
sentinel_155,790077090,45,2026-09-04 00:34:53+00:00,2026-09-04 02:59:19+00:00,6.2,9.0,7.751111111111111,288.53555555555556,18.971165822222222,72.67203915555555,0,4.966666666666667,0,SY COASTAL PEARL_51,Tanker,IMO8387790,210.9,33.7,12.3,0.0
sentinel_166,209053121,9,2026-09-03 23:00:00+00:00,2026-09-03 23:23:32+00:00,19.8,21.1,20.344444444444445,244.42222222222225,19.084829,72.57050366666667,0,4.866666666666666,0,FV WESTERN STAR_38,Passenger,IMO3093190,110.1,26.5,8.2,0.0
sentinel_166,218087708,24,2026-09-03 23:00:00+00:00,2026-09-04 00:04:45+00:00,12.0,13.1,12.470833333333333,205.63333333333333,18.917163125,72.75744304166666,0,4.866666666666666,0,MT ARABIAN KNIGHT_62,Tanker,IMO8890587,204.3,33.4,13.8,0.0
sentinel_166,250916077,15,2026-09-03 23:28:15+00:00,2026-09-04 00:11:19+00:00,17.0,19.0,18.026666666666664,221.16666666666666,19.110048533333334,72.58008126666667,0,4.833333333333333,0,MT MUMBAI EXPRESS_67,Passenger,IMO5553736,93.3,17.7,6.0,0.0
sentinel_166,274992570,67,2026-09-04 01:17:37+00:00,2026-09-04 04:41:41+00:00,5.7,8.4,7.08955223880597,196.0402985074627,19.003052970149255,72.69489473134328,0,4.866666666666666,0,FV MUMBAI EXPRESS_19,Fishing,IMO1115482,36.8,9.5,1.7,0.0
sentinel_166,285514406,6,2026-09-03 23:00:00+00:00,2026-09-03 23:17:58+00:00,16.9,18.1,17.616666666666667,308.93333333333334,19.165767666666667,72.56125283333334,0,4.833333333333333,0,MT SEA HORIZON_25,Passenger,IMO1258768,221.2,19.2,8.5,0.0
sentinel_166,368688902,26,2026-09-04 00:02:47+00:00,2026-09-04 01:21:19+00:00,11.2,13.0,12.13846153846154,31.196153846153848,19.073575961538463,72.576891,0,4.7,0,MT MUMBAI EXPRESS_99,Cargo,IMO1898516,213.1,17.8,11.2,0.0
sentinel_166,439670711,51,2026-09-04 02:21:55+00:00,2026-09-04 04:59:35+00:00,7.6,10.0,9.041176470588235,41.33137254901961,19.046102215686275,72.63898733333333,0,4.933333333333334,0,MV MUMBAI EXPRESS_14,Tanker,IMO3341057,203.1,18.7,8.5,0.0
sentinel_166,490612805,17,2026-09-03 23:14:03+00:00,2026-09-04 00:04:48+00:00,15.0,16.0,15.53529411764706,303.0764705882353,19.137831764705883,72.70706211764707,0,4.55,0,SY ARABIAN KNIGHT_48,Tanker,IMO4773549,247.2,22.2,9.9,0.0
sentinel_166,499317479,7,2026-09-03 23:00:00+00:00,2026-09-03 23:16:12+00:00,12.4,13.7,13.1,251.82857142857142,18.857319285714286,72.53762314285714,0,4.033333333333333,0,MV COASTAL PEARL_63,Cargo,IMO4547081,130.2,19.7,8.4,0.0
sentinel_166,569749767,11,2026-09-03 23:01:24+00:00,2026-09-03 23:33:21+00:00,17.8,18.8,18.263636363636365,120.5090909090909,18.85400927272727,72.58299218181818,0,4.733333333333333,0,MT MALABAR QUEEN_99,Container Ship,IMO7679508,249.9,27.1,9.8,0.0
sentinel_166,663550988,144,2026-09-04 03:56:55+00:00,2026-09-04 10:56:21+00:00,0.5,3.5,1.1590277777777778,70.22222222222223,19.14334527777778,72.58012919444444,0,4.916666666666667,34,FV MUMBAI EXPRESS_65,Fishing,IMO7614724,17.7,5.7,1.1,0.2361111111111111
sentinel_166,697169479,71,2026-09-03 23:45:24+00:00,2026-09-04 03:16:00+00:00,3.0,7.0,5.095774647887324,92.3,18.900984267605633,72.67297447887324,0,4.966666666666667,0,MT MUMBAI EXPRESS_41,Fishing,IMO1966769,36.2,5.8,3.1,0.0
sentinel_166,730915077,31,2026-09-03 23:04:52+00:00,2026-09-04 00:31:51+00:00,13.6,15.6,14.80967741935484,55.119354838709675,18.91756919354839,72.65614848387096,0,4.933333333333334,0,SY KONKAN TRADER_11,Cargo,IMO2293159,110.9,29.9,5.9,0.0
sentinel_166,790077090,45,2026-09-04 00:34:53+00:00,2026-09-04 02:59:19+00:00,6.2,9.0,7.751111111111111,288.53555555555556,18.971165822222222,72.67203915555555,0,4.966666666666667,0,SY COASTAL PEARL_51,Tanker,IMO8387790,210.9,33.7,12.3,0.0
sentinel_18,209053121,9,2026-09-03 23:00:00+00:00,2026-09-03 23:23:32+00:00,19.8,21.1,20.344444444444445,244.42222222222225,19.084829,72.57050366666667,0,4.866666666666666,0,FV WESTERN STAR_38,Passenger,IMO3093190,110.1,26.5,8.2,0.0
sentinel_18,218087708,24,2026-09-03 23:00:00+00:00,2026-09-04 00:04:45+00:00,12.0,13.1,12.470833333333333,205.63333333333333,18.917163125,72.75744304166666,0,4.866666666666666,0,MT ARABIAN KNIGHT_62,Tanker,IMO8890587,204.3,33.4,13.8,0.0
sentinel_18,250916077,14,2026-09-03 23:32:37+00:00,2026-09-04 00:11:19+00:00,17.3,19.0,18.1,221.12857142857143,19.103826285714288,72.57421171428571,0,4.833333333333333,0,MT MUMBAI EXPRESS_67,Passenger,IMO5553736,93.3,17.7,6.0,0.0
sentinel_18,274992570,65,2026-09-04 01:24:36+00:00,2026-09-04 04:41:41+00:00,5.7,8.4,7.115384615384615,195.98769230769233,18.997126815384615,72.69316392307692,0,4.866666666666666,0,FV MUMBAI EXPRESS_19,Fishing,IMO1115482,36.8,9.5,1.7,0.0
sentinel_18,285514406,5,2026-09-03 23:00:00+00:00,2026-09-03 23:13:08+00:00,16.9,18.1,17.580000000000002,308.88,19.159926,72.5688712,0,4.233333333333333,0,MT SEA HORIZON_25,Passenger,IMO1258768,221.2,19.2,8.5,0.0
sentinel_18,368688902,25,2026-09-04 00:07:29+00:00,2026-09-04 01:21:19+00:00,11.2,13.0,12.14,31.14,19.07791712,72.57977144,0,4.583333333333333,0,MT MUMBAI EXPRESS_99,Cargo,IMO1898516,213.1,17.8,11.2,0.0
sentinel_18,439670711,49,2026-09-04 02:23:59+00:00,2026-09-04 04:57:01+00:00,7.6,10.0,9.024489795918367,41.361224489795916,19.04611487755102,72.63888516326531,0,4.933333333333334,0,MV MUMBAI EXPRESS_14,Tanker,IMO3341057,203.1,18.7,8.5,0.0
sentinel_18,490612805,17,2026-09-03 23:09:11+00:00,2026-09-04 00:02:19+00:00,15.0,16.0,15.564705882352943,303.31176470588235,19.130071470588234,72.71955335294118,0,4.866666666666666,0,SY ARABIAN KNIGHT_48,Tanker,IMO4773549,247.2,22.2,9.9,0.0
sentinel_18,499317479,6,2026-09-03 23:00:00+00:00,2026-09-03 23:13:34+00:00,12.4,13.7,13.15,251.9333333333333,18.8589435,72.54281516666667,0,4.033333333333333,0,MV COASTAL PEARL_63,Cargo,IMO4547081,130.2,19.7,8.4,0.0
sentinel_18,569749767,10,2026-09-03 23:04:51+00:00,2026-09-03 23:33:21+00:00,17.8,18.8,18.259999999999998,120.55999999999999,18.849759900000002,72.5906513,0,4.733333333333333,0,MT MALABAR QUEEN_99,Container Ship,IMO7679508,249.9,27.1,9.8,0.0
sentinel_18,663550988,142,2026-09-04 04:02:40+00:00,2026-09-04 10:56:21+00:00,0.5,3.2,1.1288732394366199,70.31830985915494,19.143738021126758,72.58120544366197,0,4.916666666666667,34,FV MUMBAI EXPRESS_65,Fishing,IMO7614724,17.7,5.7,1.1,0.23943661971830985
sentinel_18,697169479,70,2026-09-03 23:47:05+00:00,2026-09-04 03:16:00+00:00,3.0,7.0,5.069999999999999,92.31142857142858,18.900867285714284,72.67535717142857,0,4.966666666666667,0,MT MUMBAI EXPRESS_41,Fishing,IMO1966769,36.2,5.8,3.1,0.0
sentinel_18,730915077,31,2026-09-03 23:04:52+00:00,2026-09-04 00:31:51+00:00,13.6,15.6,14.80967741935484,55.119354838709675,18.91756919354839,72.65614848387096,0,4.933333333333334,0,SY KONKAN TRADER_11,Cargo,IMO2293159,110.9,29.9,5.9,0.0
sentinel_18,790077090,46,2026-09-04 00:33:27+00:00,2026-09-04 02:59:19+00:00,6.1,9.0,7.715217391304347,288.4782608695652,18.970179195652175,72.67531739130435,0,4.966666666666667,0,SY COASTAL PEARL_51,Tanker,IMO8387790,210.9,33.7,12.3,0.0
sentinel_186,209053121,9,2026-09-03 23:00:00+00:00,2026-09-03 23:23:32+00:00,19.8,21.1,20.344444444444445,244.42222222222225,19.084829,72.57050366666667,0,4.866666666666666,0,FV WESTERN STAR_38,Passenger,IMO3093190,110.1,26.5,8.2,0.0
sentinel_186,218087708,24,2026-09-03 23:00:00+00:00,2026-09-04 00:04:45+00:00,12.0,13.1,12.470833333333333,205.63333333333333,18.917163125,72.75744304166666,0,4.866666666666666,0,MT ARABIAN KNIGHT_62,Tanker,IMO8890587,204.3,33.4,13.8,0.0
sentinel_186,250916077,15,2026-09-03 23:28:15+00:00,2026-09-04 00:11:19+00:00,17.0,19.0,18.026666666666664,221.16666666666666,19.110048533333334,72.58008126666667,0,4.833333333333333,0,MT MUMBAI EXPRESS_67,Passenger,IMO5553736,93.3,17.7,6.0,0.0
sentinel_186,274992570,67,2026-09-04 01:17:37+00:00,2026-09-04 04:41:41+00:00,5.7,8.4,7.08955223880597,196.0402985074627,19.003052970149255,72.69489473134328,0,4.866666666666666,0,FV MUMBAI EXPRESS_19,Fishing,IMO1115482,36.8,9.5,1.7,0.0
sentinel_186,285514406,6,2026-09-03 23:00:00+00:00,2026-09-03 23:17:58+00:00,16.9,18.1,17.616666666666667,308.93333333333334,19.165767666666667,72.56125283333334,0,4.833333333333333,0,MT SEA HORIZON_25,Passenger,IMO1258768,221.2,19.2,8.5,0.0
sentinel_186,368688902,26,2026-09-04 00:02:47+00:00,2026-09-04 01:21:19+00:00,11.2,13.0,12.13846153846154,31.196153846153848,19.073575961538463,72.576891,0,4.7,0,MT MUMBAI EXPRESS_99,Cargo,IMO1898516,213.1,17.8,11.2,0.0
sentinel_186,439670711,51,2026-09-04 02:21:55+00:00,2026-09-04 04:59:35+00:00,7.6,10.0,9.041176470588235,41.33137254901961,19.046102215686275,72.63898733333333,0,4.933333333333334,0,MV MUMBAI EXPRESS_14,Tanker,IMO3341057,203.1,18.7,8.5,0.0
sentinel_186,490612805,17,2026-09-03 23:14:03+00:00,2026-09-04 00:04:48+00:00,15.0,16.0,15.53529411764706,303.0764705882353,19.137831764705883,72.70706211764707,0,4.55,0,SY ARABIAN KNIGHT_48,Tanker,IMO4773549,247.2,22.2,9.9,0.0
sentinel_186,499317479,7,2026-09-03 23:00:00+00:00,2026-09-03 23:16:12+00:00,12.4,13.7,13.1,251.82857142857142,18.857319285714286,72.53762314285714,0,4.033333333333333,0,MV COASTAL PEARL_63,Cargo,IMO4547081,130.2,19.7,8.4,0.0
sentinel_186,569749767,11,2026-09-03 23:01:24+00:00,2026-09-03 23:33:21+00:00,17.8,18.8,18.263636363636365,120.5090909090909,18.85400927272727,72.58299218181818,0,4.733333333333333,0,MT MALABAR QUEEN_99,Container Ship,IMO7679508,249.9,27.1,9.8,0.0
sentinel_186,663550988,144,2026-09-04 03:56:55+00:00,2026-09-04 10:56:21+00:00,0.5,3.5,1.1590277777777778,70.22222222222223,19.14334527777778,72.58012919444444,0,4.916666666666667,34,FV MUMBAI EXPRESS_65,Fishing,IMO7614724,17.7,5.7,1.1,0.2361111111111111
sentinel_186,697169479,71,2026-09-03 23:45:24+00:00,2026-09-04 03:16:00+00:00,3.0,7.0,5.095774647887324,92.3,18.900984267605633,72.67297447887324,0,4.966666666666667,0,MT MUMBAI EXPRESS_41,Fishing,IMO1966769,36.2,5.8,3.1,0.0
sentinel_186,730915077,31,2026-09-03 23:04:52+00:00,2026-09-04 00:31:51+00:00,13.6,15.6,14.80967741935484,55.119354838709675,18.91756919354839,72.65614848387096,0,4.933333333333334,0,SY KONKAN TRADER_11,Cargo,IMO2293159,110.9,29.9,5.9,0.0
sentinel_186,790077090,45,2026-09-04 00:34:53+00:00,2026-09-04 02:59:19+00:00,6.2,9.0,7.751111111111111,288.53555555555556,18.971165822222222,72.67203915555555,0,4.966666666666667,0,SY COASTAL PEARL_51,Tanker,IMO8387790,210.9,33.7,12.3,0.0
sentinel_207,209053121,9,2026-09-03 23:00:00+00:00,2026-09-03 23:23:32+00:00,19.8,21.1,20.344444444444445,244.42222222222225,19.084829,72.57050366666667,0,4.866666666666666,0,FV WESTERN STAR_38,Passenger,IMO3093190,110.1,26.5,8.2,0.0
sentinel_207,218087708,24,2026-09-03 23:00:00+00:00,2026-09-04 00:04:45+00:00,12.0,13.1,12.470833333333333,205.63333333333333,18.917163125,72.75744304166666,0,4.866666666666666,0,MT ARABIAN KNIGHT_62,Tanker,IMO8890587,204.3,33.4,13.8,0.0
sentinel_207,250916077,16,2026-09-03 23:28:15+00:00,2026-09-04 00:15:56+00:00,17.0,19.0,18.05,221.1,19.1043594375,72.5748649375,0,4.833333333333333,0,MT MUMBAI EXPRESS_67,Passenger,IMO5553736,93.3,17.7,6.0,0.0
sentinel_207,274992570,69,2026-09-04 01:15:56+00:00,2026-09-04 04:44:33+00:00,5.7,8.4,7.065217391304348,196.09565217391304,19.003149,72.69485992753624,0,4.866666666666666,0,FV MUMBAI EXPRESS_19,Fishing,IMO1115482,36.8,9.5,1.7,0.0
sentinel_207,285514406,6,2026-09-03 23:00:00+00:00,2026-09-03 23:17:58+00:00,16.9,18.1,17.616666666666667,308.93333333333334,19.165767666666667,72.56125283333334,0,4.833333333333333,0,MT SEA HORIZON_25,Passenger,IMO1258768,221.2,19.2,8.5,0.0
sentinel_207,368688902,28,2026-09-04 00:01:11+00:00,2026-09-04 01:25:01+00:00,11.2,13.0,12.142857142857142,31.160714285714285,19.074132499999997,72.57706321428572,0,4.7,0,MT MUMBAI EXPRESS_99,Cargo,IMO1898516,213.1,17.8,11.2,0.0
sentinel_207,439670711,53,2026-09-04 02:18:42+00:00,2026-09-04 05:02:53+00:00,7.6,10.1,9.073584905660377,41.28867924528302,19.046073603773586,72.63908458490566,0,4.933333333333334,0,MV MUMBAI EXPRESS_14,Tanker,IMO3341057,203.1,18.7,8.5,0.0
sentinel_207,490612805,17,2026-09-03 23:14:03+00:00,2026-09-04 00:04:48+00:00,15.0,16.0,15.53529411764706,303.0764705882353,19.137831764705883,72.70706211764707,0,4.55,0,SY ARABIAN KNIGHT_48,Tanker,IMO4773549,247.2,22.2,9.9,0.0
sentinel_207,499317479,8,2026-09-03 23:00:00+00:00,2026-09-03 23:17:25+00:00,12.4,13.7,13.075,251.8125,18.85592575,72.533184125,0,4.033333333333333,0,MV COASTAL PEARL_63,Cargo,IMO4547081,130.2,19.7,8.4,0.0
sentinel_207,569749767,13,2026-09-03 23:00:00+00:00,2026-09-03 23:34:25+00:00,17.8,18.9,18.292307692307695,120.56153846153846,18.854309076923077,72.58241253846154,0,4.733333333333333,0,MT MALABAR QUEEN_99,Container Ship,IMO7679508,249.9,27.1,9.8,0.0
sentinel_207,663550988,145,2026-09-04 03:52:26+00:00,2026-09-04 10:56:21+00:00,0.5,3.7,1.176551724137931,70.17448275862068,19.143134179310344,72.57956283448276,0,4.916666666666667,34,FV MUMBAI EXPRESS_65,Fishing,IMO7614724,17.7,5.7,1.1,0.23448275862068965
sentinel_207,697169479,70,2026-09-03 23:41:07+00:00,2026-09-04 03:10:39+00:00,3.0,7.0,5.167142857142857,92.38142857142857,18.901226428571427,72.66625412857144,0,4.966666666666667,0,MT MUMBAI EXPRESS_41,Fishing,IMO1966769,36.2,5.8,3.1,0.0
sentinel_207,730915077,31,2026-09-03 23:02:27+00:00,2026-09-04 00:29:53+00:00,13.6,15.6,14.780645161290321,55.15161290322581,18.91079506451613,72.645873,0,4.933333333333334,0,SY KONKAN TRADER_11,Cargo,IMO2293159,110.9,29.9,5.9,0.0
sentinel_207,790077090,46,2026-09-04 00:37:52+00:00,2026-09-04 03:04:32+00:00,6.2,9.0,7.730434782608696,288.7217391304348,18.974684391304347,72.66127532608697,0,4.966666666666667,0,SY COASTAL PEARL_51,Tanker,IMO8387790,210.9,33.7,12.3,0.0
sentinel_21,209053121,9,2026-09-03 23:00:00+00:00,2026-09-03 23:23:32+00:00,19.8,21.1,20.344444444444445,244.42222222222225,19.084829,72.57050366666667,0,4.866666666666666,0,FV WESTERN STAR_38,Passenger,IMO3093190,110.1,26.5,8.2,0.0
sentinel_21,218087708,24,2026-09-03 23:00:00+00:00,2026-09-04 00:04:45+00:00,12.0,13.1,12.470833333333333,205.63333333333333,18.917163125,72.75744304166666,0,4.866666666666666,0,MT ARABIAN KNIGHT_62,Tanker,IMO8890587,204.3,33.4,13.8,0.0
sentinel_21,250916077,15,2026-09-03 23:28:15+00:00,2026-09-04 00:11:19+00:00,17.0,19.0,18.026666666666664,221.16666666666666,19.110048533333334,72.58008126666667,0,4.833333333333333,0,MT MUMBAI EXPRESS_67,Passenger,IMO5553736,93.3,17.7,6.0,0.0
sentinel_21,274992570,67,2026-09-04 01:17:37+00:00,2026-09-04 04:41:41+00:00,5.7,8.4,7.08955223880597,196.0402985074627,19.003052970149255,72.69489473134328,0,4.866666666666666,0,FV MUMBAI EXPRESS_19,Fishing,IMO1115482,36.8,9.5,1.7,0.0
sentinel_21,285514406,6,2026-09-03 23:00:00+00:00,2026-09-03 23:17:58+00:00,16.9,18.1,17.616666666666667,308.93333333333334,19.165767666666667,72.56125283333334,0,4.833333333333333,0,MT SEA HORIZON_25,Passenger,IMO1258768,221.2,19.2,8.5,0.0
sentinel_21,368688902,26,2026-09-04 00:02:47+00:00,2026-09-04 01:21:19+00:00,11.2,13.0,12.13846153846154,31.196153846153848,19.073575961538463,72.576891,0,4.7,0,MT MUMBAI EXPRESS_99,Cargo,IMO1898516,213.1,17.8,11.2,0.0
sentinel_21,439670711,51,2026-09-04 02:21:55+00:00,2026-09-04 04:59:35+00:00,7.6,10.0,9.041176470588235,41.33137254901961,19.046102215686275,72.63898733333333,0,4.933333333333334,0,MV MUMBAI EXPRESS_14,Tanker,IMO3341057,203.1,18.7,8.5,0.0
sentinel_21,490612805,17,2026-09-03 23:14:03+00:00,2026-09-04 00:04:48+00:00,15.0,16.0,15.53529411764706,303.0764705882353,19.137831764705883,72.70706211764707,0,4.55,0,SY ARABIAN KNIGHT_48,Tanker,IMO4773549,247.2,22.2,9.9,0.0
sentinel_21,499317479,7,2026-09-03 23:00:00+00:00,2026-09-03 23:16:12+00:00,12.4,13.7,13.1,251.82857142857142,18.857319285714286,72.53762314285714,0,4.033333333333333,0,MV COASTAL PEARL_63,Cargo,IMO4547081,130.2,19.7,8.4,0.0
sentinel_21,569749767,11,2026-09-03 23:01:24+00:00,2026-09-03 23:33:21+00:00,17.8,18.8,18.263636363636365,120.5090909090909,18.85400927272727,72.58299218181818,0,4.733333333333333,0,MT MALABAR QUEEN_99,Container Ship,IMO7679508,249.9,27.1,9.8,0.0
sentinel_21,663550988,144,2026-09-04 03:56:55+00:00,2026-09-04 10:56:21+00:00,0.5,3.5,1.1590277777777778,70.22222222222223,19.14334527777778,72.58012919444444,0,4.916666666666667,34,FV MUMBAI EXPRESS_65,Fishing,IMO7614724,17.7,5.7,1.1,0.2361111111111111
sentinel_21,697169479,71,2026-09-03 23:45:24+00:00,2026-09-04 03:16:00+00:00,3.0,7.0,5.095774647887324,92.3,18.900984267605633,72.67297447887324,0,4.966666666666667,0,MT MUMBAI EXPRESS_41,Fishing,IMO1966769,36.2,5.8,3.1,0.0
sentinel_21,730915077,31,2026-09-03 23:04:52+00:00,2026-09-04 00:31:51+00:00,13.6,15.6,14.80967741935484,55.119354838709675,18.91756919354839,72.65614848387096,0,4.933333333333334,0,SY KONKAN TRADER_11,Cargo,IMO2293159,110.9,29.9,5.9,0.0
sentinel_21,790077090,45,2026-09-04 00:34:53+00:00,2026-09-04 02:59:19+00:00,6.2,9.0,7.751111111111111,288.53555555555556,18.971165822222222,72.67203915555555,0,4.966666666666667,0,SY COASTAL PEARL_51,Tanker,IMO8387790,210.9,33.7,12.3,0.0
sentinel_214,209053121,9,2026-09-03 23:00:00+00:00,2026-09-03 23:23:32+00:00,19.8,21.1,20.344444444444445,244.42222222222225,19.084829,72.57050366666667,0,4.866666666666666,0,FV WESTERN STAR_38,Passenger,IMO3093190,110.1,26.5,8.2,0.0
sentinel_214,218087708,24,2026-09-03 23:00:00+00:00,2026-09-04 00:04:45+00:00,12.0,13.1,12.470833333333333,205.63333333333333,18.917163125,72.75744304166666,0,4.866666666666666,0,MT ARABIAN KNIGHT_62,Tanker,IMO8890587,204.3,33.4,13.8,0.0
sentinel_214,250916077,14,2026-09-03 23:32:37+00:00,2026-09-04 00:11:19+00:00,17.3,19.0,18.1,221.12857142857143,19.103826285714288,72.57421171428571,0,4.833333333333333,0,MT MUMBAI EXPRESS_67,Passenger,IMO5553736,93.3,17.7,6.0,0.0
sentinel_214,274992570,64,2026-09-04 01:24:36+00:00,2026-09-04 04:39:17+00:00,5.7,8.4,7.13125,195.9625,18.999949125,72.694057296875,0,4.866666666666666,0,FV MUMBAI EXPRESS_19,Fishing,IMO1115482,36.8,9.5,1.7,0.0
sentinel_214,285514406,5,2026-09-03 23:00:00+00:00,2026-09-03 23:13:08+00:00,16.9,18.1,17.580000000000002,308.88,19.159926,72.5688712,0,4.233333333333333,0,MT SEA HORIZON_25,Passenger,IMO1258768,221.2,19.2,8.5,0.0
sentinel_214,368688902,27,2026-09-04 00:01:11+00:00,2026-09-04 01:21:19+00:00,11.2,13.0,12.12962962962963,31.244444444444444,19.069392296296297,72.57411351851852,0,4.7,0,MT MUMBAI EXPRESS_99,Cargo,IMO1898516,213.1,17.8,11.2,0.0
sentinel_214,439670711,51,2026-09-04 02:18:42+00:00,2026-09-04 04:57:01+00:00,7.6,10.1,9.058823529411764,41.245098039215684,19.04015276470588,72.63347325490196,0,4.933333333333334,0,MV MUMBAI EXPRESS_14,Tanker,IMO3341057,203.1,18.7,8.5,0.0
sentinel_214,490612805,16,2026-09-03 23:14:03+00:00,2026-09-04 00:02:19+00:00,15.0,16.0,15.5375,303.26875,19.13412575,72.7131336875,0,4.55,0,SY ARABIAN KNIGHT_48,Tanker,IMO4773549,247.2,22.2,9.9,0.0
sentinel_214,499317479,8,2026-09-03 23:00:00+00:00,2026-09-03 23:17:25+00:00,12.4,13.7,13.075,251.8125,18.85592575,72.533184125,0,4.033333333333333,0,MV COASTAL PEARL_63,Cargo,IMO4547081,130.2,19.7,8.4,0.0
sentinel_214,569749767,11,2026-09-03 23:00:00+00:00,2026-09-03 23:30:46+00:00,17.8,18.8,18.21818181818182,120.39090909090909,18.861759727272727,72.5690351818182,0,4.733333333333333,0,MT MALABAR QUEEN_99,Container Ship,IMO7679508,249.9,27.1,9.8,0.0
sentinel_214,663550988,145,2026-09-04 03:52:26+00:00,2026-09-04 10:56:21+00:00,0.5,3.7,1.176551724137931,70.17448275862068,19.143134179310344,72.57956283448276,0,4.916666666666667,34,FV MUMBAI EXPRESS_65,Fishing,IMO7614724,17.7,5.7,1.1,0.23448275862068965
sentinel_214,697169479,69,2026-09-03 23:45:24+00:00,2026-09-04 03:10:39+00:00,3.0,7.0,5.143478260869565,92.4072463768116,18.901110057971014,72.6686976521739,0,4.966666666666667,0,MT MUMBAI EXPRESS_41,Fishing,IMO1966769,36.2,5.8,3.1,0.0
sentinel_214,730915077,30,2026-09-03 23:04:52+00:00,2026-09-04 00:29:53+00:00,13.6,15.6,14.786666666666667,55.11333333333334,18.913967833333334,72.65074403333332,0,4.933333333333334,0,SY KONKAN TRADER_11,Cargo,IMO2293159,110.9,29.9,5.9,0.0
sentinel_214,790077090,45,2026-09-04 00:37:52+00:00,2026-09-04 03:02:54+00:00,6.2,9.0,7.7555555555555555,288.6488888888889,18.973448644444446,72.6649234,0,4.966666666666667,0,SY COASTAL PEARL_51,Tanker,IMO8387790,210.9,33.7,12.3,0.0
sentinel_219,209053121,9,2026-09-03 23:00:00+00:00,2026-09-03 23:23:32+00:00,19.8,21.1,20.344444444444445,244.42222222222225,19.084829,72.57050366666667,0,4.866666666666666,0,FV WESTERN STAR_38,Passenger,IMO3093190,110.1,26.5,8.2,0.0
sentinel_219,218087708,24,2026-09-03 23:00:00+00:00,2026-09-04 00:04:45+00:00,12.0,13.1,12.470833333333333,205.63333333333333,18.917163125,72.75744304166666,0,4.866666666666666,0,MT ARABIAN KNIGHT_62,Tanker,IMO8890587,204.3,33.4,13.8,0.0
sentinel_219,250916077,15,2026-09-03 23:28:15+00:00,2026-09-04 00:11:19+00:00,17.0,19.0,18.026666666666664,221.16666666666666,19.110048533333334,72.58008126666667,0,4.833333333333333,0,MT MUMBAI EXPRESS_67,Passenger,IMO5553736,93.3,17.7,6.0,0.0
sentinel_219,274992570,67,2026-09-04 01:17:37+00:00,2026-09-04 04:41:41+00:00,5.7,8.4,7.08955223880597,196.0402985074627,19.003052970149255,72.69489473134328,0,4.866666666666666,0,FV MUMBAI EXPRESS_19,Fishing,IMO1115482,36.8,9.5,1.7,0.0
sentinel_219,285514406,6,2026-09-03 23:00:00+00:00,2026-09-03 23:17:58+00:00,16.9,18.1,17.616666666666667,308.93333333333334,19.165767666666667,72.56125283333334,0,4.833333333333333,0,MT SEA HORIZON_25,Passenger,IMO1258768,221.2,19.2,8.5,0.0
sentinel_219,368688902,26,2026-09-04 00:02:47+00:00,2026-09-04 01:21:19+00:00,11.2,13.0,12.13846153846154,31.196153846153848,19.073575961538463,72.576891,0,4.7,0,MT MUMBAI EXPRESS_99,Cargo,IMO1898516,213.1,17.8,11.2,0.0
sentinel_219,439670711,51,2026-09-04 02:21:55+00:00,2026-09-04 04:59:35+00:00,7.6,10.0,9.041176470588235,41.33137254901961,19.046102215686275,72.63898733333333,0,4.933333333333334,0,MV MUMBAI EXPRESS_14,Tanker,IMO3341057,203.1,18.7,8.5,0.0
sentinel_219,490612805,17,2026-09-03 23:14:03+00:00,2026-09-04 00:04:48+00:00,15.0,16.0,15.53529411764706,303.0764705882353,19.137831764705883,72.70706211764707,0,4.55,0,SY ARABIAN KNIGHT_48,Tanker,IMO4773549,247.2,22.2,9.9,0.0
sentinel_219,499317479,7,2026-09-03 23:00:00+00:00,2026-09-03 23:16:12+00:00,12.4,13.7,13.1,251.82857142857142,18.857319285714286,72.53762314285714,0,4.033333333333333,0,MV COASTAL PEARL_63,Cargo,IMO4547081,130.2,19.7,8.4,0.0
sentinel_219,569749767,11,2026-09-03 23:01:24+00:00,2026-09-03 23:33:21+00:00,17.8,18.8,18.263636363636365,120.5090909090909,18.85400927272727,72.58299218181818,0,4.733333333333333,0,MT MALABAR QUEEN_99,Container Ship,IMO7679508,249.9,27.1,9.8,0.0
sentinel_219,663550988,144,2026-09-04 03:56:55+00:00,2026-09-04 10:56:21+00:00,0.5,3.5,1.1590277777777778,70.22222222222223,19.14334527777778,72.58012919444444,0,4.916666666666667,34,FV MUMBAI EXPRESS_65,Fishing,IMO7614724,17.7,5.7,1.1,0.2361111111111111
sentinel_219,697169479,71,2026-09-03 23:45:24+00:00,2026-09-04 03:16:00+00:00,3.0,7.0,5.095774647887324,92.3,18.900984267605633,72.67297447887324,0,4.966666666666667,0,MT MUMBAI EXPRESS_41,Fishing,IMO1966769,36.2,5.8,3.1,0.0
sentinel_219,730915077,31,2026-09-03 23:04:52+00:00,2026-09-04 00:31:51+00:00,13.6,15.6,14.80967741935484,55.119354838709675,18.91756919354839,72.65614848387096,0,4.933333333333334,0,SY KONKAN TRADER_11,Cargo,IMO2293159,110.9,29.9,5.9,0.0
sentinel_219,790077090,45,2026-09-04 00:34:53+00:00,2026-09-04 02:59:19+00:00,6.2,9.0,7.751111111111111,288.53555555555556,18.971165822222222,72.67203915555555,0,4.966666666666667,0,SY COASTAL PEARL_51,Tanker,IMO8387790,210.9,33.7,12.3,0.0
sentinel_22,209053121,9,2026-09-03 23:00:00+00:00,2026-09-03 23:23:32+00:00,19.8,21.1,20.344444444444445,244.42222222222225,19.084829,72.57050366666667,0,4.866666666666666,0,FV WESTERN STAR_38,Passenger,IMO3093190,110.1,26.5,8.2,0.0
sentinel_22,218087708,24,2026-09-03 23:00:00+00:00,2026-09-04 00:04:45+00:00,12.0,13.1,12.470833333333333,205.63333333333333,18.917163125,72.75744304166666,0,4.866666666666666,0,MT ARABIAN KNIGHT_62,Tanker,IMO8890587,204.3,33.4,13.8,0.0
sentinel_22,250916077,15,2026-09-03 23:28:15+00:00,2026-09-04 00:11:19+00:00,17.0,19.0,18.026666666666664,221.16666666666666,19.110048533333334,72.58008126666667,0,4.833333333333333,0,MT MUMBAI EXPRESS_67,Passenger,IMO5553736,93.3,17.7,6.0,0.0
sentinel_22,274992570,67,2026-09-04 01:17:37+00:00,2026-09-04 04:41:41+00:00,5.7,8.4,7.08955223880597,196.0402985074627,19.003052970149255,72.69489473134328,0,4.866666666666666,0,FV MUMBAI EXPRESS_19,Fishing,IMO1115482,36.8,9.5,1.7,0.0
sentinel_22,285514406,6,2026-09-03 23:00:00+00:00,2026-09-03 23:17:58+00:00,16.9,18.1,17.616666666666667,308.93333333333334,19.165767666666667,72.56125283333334,0,4.833333333333333,0,MT SEA HORIZON_25,Passenger,IMO1258768,221.2,19.2,8.5,0.0
sentinel_22,368688902,26,2026-09-04 00:02:47+00:00,2026-09-04 01:21:19+00:00,11.2,13.0,12.13846153846154,31.196153846153848,19.073575961538463,72.576891,0,4.7,0,MT MUMBAI EXPRESS_99,Cargo,IMO1898516,213.1,17.8,11.2,0.0
sentinel_22,439670711,51,2026-09-04 02:21:55+00:00,2026-09-04 04:59:35+00:00,7.6,10.0,9.041176470588235,41.33137254901961,19.046102215686275,72.63898733333333,0,4.933333333333334,0,MV MUMBAI EXPRESS_14,Tanker,IMO3341057,203.1,18.7,8.5,0.0
sentinel_22,490612805,17,2026-09-03 23:14:03+00:00,2026-09-04 00:04:48+00:00,15.0,16.0,15.53529411764706,303.0764705882353,19.137831764705883,72.70706211764707,0,4.55,0,SY ARABIAN KNIGHT_48,Tanker,IMO4773549,247.2,22.2,9.9,0.0
sentinel_22,499317479,7,2026-09-03 23:00:00+00:00,2026-09-03 23:16:12+00:00,12.4,13.7,13.1,251.82857142857142,18.857319285714286,72.53762314285714,0,4.033333333333333,0,MV COASTAL PEARL_63,Cargo,IMO4547081,130.2,19.7,8.4,0.0
sentinel_22,569749767,11,2026-09-03 23:01:24+00:00,2026-09-03 23:33:21+00:00,17.8,18.8,18.263636363636365,120.5090909090909,18.85400927272727,72.58299218181818,0,4.733333333333333,0,MT MALABAR QUEEN_99,Container Ship,IMO7679508,249.9,27.1,9.8,0.0
sentinel_22,663550988,144,2026-09-04 03:56:55+00:00,2026-09-04 10:56:21+00:00,0.5,3.5,1.1590277777777778,70.22222222222223,19.14334527777778,72.58012919444444,0,4.916666666666667,34,FV MUMBAI EXPRESS_65,Fishing,IMO7614724,17.7,5.7,1.1,0.2361111111111111
sentinel_22,697169479,71,2026-09-03 23:45:24+00:00,2026-09-04 03:16:00+00:00,3.0,7.0,5.095774647887324,92.3,18.900984267605633,72.67297447887324,0,4.966666666666667,0,MT MUMBAI EXPRESS_41,Fishing,IMO1966769,36.2,5.8,3.1,0.0
sentinel_22,730915077,31,2026-09-03 23:04:52+00:00,2026-09-04 00:31:51+00:00,13.6,15.6,14.80967741935484,55.119354838709675,18.91756919354839,72.65614848387096,0,4.933333333333334,0,SY KONKAN TRADER_11,Cargo,IMO2293159,110.9,29.9,5.9,0.0
sentinel_22,790077090,45,2026-09-04 00:34:53+00:00,2026-09-04 02:59:19+00:00,6.2,9.0,7.751111111111111,288.53555555555556,18.971165822222222,72.67203915555555,0,4.966666666666667,0,SY COASTAL PEARL_51,Tanker,IMO8387790,210.9,33.7,12.3,0.0
sentinel_220,209053121,9,2026-09-03 23:00:00+00:00,2026-09-03 23:23:32+00:00,19.8,21.1,20.344444444444445,244.42222222222225,19.084829,72.57050366666667,0,4.866666666666666,0,FV WESTERN STAR_38,Passenger,IMO3093190,110.1,26.5,8.2,0.0
sentinel_220,218087708,24,2026-09-03 23:00:00+00:00,2026-09-04 00:04:45+00:00,12.0,13.1,12.470833333333333,205.63333333333333,18.917163125,72.75744304166666,0,4.866666666666666,0,MT ARABIAN KNIGHT_62,Tanker,IMO8890587,204.3,33.4,13.8,0.0
sentinel_220,250916077,15,2026-09-03 23:28:15+00:00,2026-09-04 00:11:19+00:00,17.0,19.0,18.026666666666664,221.16666666666666,19.110048533333334,72.58008126666667,0,4.833333333333333,0,MT MUMBAI EXPRESS_67,Passenger,IMO5553736,93.3,17.7,6.0,0.0
sentinel_220,274992570,67,2026-09-04 01:17:37+00:00,2026-09-04 04:41:41+00:00,5.7,8.4,7.08955223880597,196.0402985074627,19.003052970149255,72.69489473134328,0,4.866666666666666,0,FV MUMBAI EXPRESS_19,Fishing,IMO1115482,36.8,9.5,1.7,0.0
sentinel_220,285514406,6,2026-09-03 23:00:00+00:00,2026-09-03 23:17:58+00:00,16.9,18.1,17.616666666666667,308.93333333333334,19.165767666666667,72.56125283333334,0,4.833333333333333,0,MT SEA HORIZON_25,Passenger,IMO1258768,221.2,19.2,8.5,0.0
sentinel_220,368688902,26,2026-09-04 00:02:47+00:00,2026-09-04 01:21:19+00:00,11.2,13.0,12.13846153846154,31.196153846153848,19.073575961538463,72.576891,0,4.7,0,MT MUMBAI EXPRESS_99,Cargo,IMO1898516,213.1,17.8,11.2,0.0
sentinel_220,439670711,51,2026-09-04 02:21:55+00:00,2026-09-04 04:59:35+00:00,7.6,10.0,9.041176470588235,41.33137254901961,19.046102215686275,72.63898733333333,0,4.933333333333334,0,MV MUMBAI EXPRESS_14,Tanker,IMO3341057,203.1,18.7,8.5,0.0
sentinel_220,490612805,17,2026-09-03 23:14:03+00:00,2026-09-04 00:04:48+00:00,15.0,16.0,15.53529411764706,303.0764705882353,19.137831764705883,72.70706211764707,0,4.55,0,SY ARABIAN KNIGHT_48,Tanker,IMO4773549,247.2,22.2,9.9,0.0
sentinel_220,499317479,8,2026-09-03 23:00:00+00:00,2026-09-03 23:17:25+00:00,12.4,13.7,13.075,251.8125,18.85592575,72.533184125,0,4.033333333333333,0,MV COASTAL PEARL_63,Cargo,IMO4547081,130.2,19.7,8.4,0.0
sentinel_220,569749767,11,2026-09-03 23:01:24+00:00,2026-09-03 23:33:21+00:00,17.8,18.8,18.263636363636365,120.5090909090909,18.85400927272727,72.58299218181818,0,4.733333333333333,0,MT MALABAR QUEEN_99,Container Ship,IMO7679508,249.9,27.1,9.8,0.0
sentinel_220,663550988,144,2026-09-04 03:56:55+00:00,2026-09-04 10:56:21+00:00,0.5,3.5,1.1590277777777778,70.22222222222223,19.14334527777778,72.58012919444444,0,4.916666666666667,34,FV MUMBAI EXPRESS_65,Fishing,IMO7614724,17.7,5.7,1.1,0.2361111111111111
sentinel_220,697169479,71,2026-09-03 23:45:24+00:00,2026-09-04 03:16:00+00:00,3.0,7.0,5.095774647887324,92.3,18.900984267605633,72.67297447887324,0,4.966666666666667,0,MT MUMBAI EXPRESS_41,Fishing,IMO1966769,36.2,5.8,3.1,0.0
sentinel_220,730915077,31,2026-09-03 23:04:52+00:00,2026-09-04 00:31:51+00:00,13.6,15.6,14.80967741935484,55.119354838709675,18.91756919354839,72.65614848387096,0,4.933333333333334,0,SY KONKAN TRADER_11,Cargo,IMO2293159,110.9,29.9,5.9,0.0
sentinel_220,790077090,45,2026-09-04 00:34:53+00:00,2026-09-04 02:59:19+00:00,6.2,9.0,7.751111111111111,288.53555555555556,18.971165822222222,72.67203915555555,0,4.966666666666667,0,SY COASTAL PEARL_51,Tanker,IMO8387790,210.9,33.7,12.3,0.0
sentinel_226,209053121,11,2026-09-03 23:00:00+00:00,2026-09-03 23:28:15+00:00,19.8,21.1,20.436363636363637,244.6090909090909,19.078108363636364,72.55556954545455,0,4.866666666666666,0,FV WESTERN STAR_38,Passenger,IMO3093190,110.1,26.5,8.2,0.0
sentinel_226,218087708,24,2026-09-03 23:00:00+00:00,2026-09-04 00:04:45+00:00,12.0,13.1,12.470833333333333,205.63333333333333,18.917163125,72.75744304166666,0,4.866666666666666,0,MT ARABIAN KNIGHT_62,Tanker,IMO8890587,204.3,33.4,13.8,0.0
sentinel_226,250916077,17,2026-09-03 23:32:37+00:00,2026-09-04 00:20:15+00:00,17.3,19.0,18.147058823529413,221.01764705882354,19.087329235294117,72.55914711764706,0,4.833333333333333,0,MT MUMBAI EXPRESS_67,Passenger,IMO5553736,93.3,17.7,6.0,0.0
sentinel_226,274992570,66,2026-09-04 01:24:36+00:00,2026-09-04 04:44:33+00:00,5.7,8.4,7.106060606060606,196.0090909090909,18.99432015151515,72.69227418181819,0,4.866666666666666,0,FV MUMBAI EXPRESS_19,Fishing,IMO1115482,36.8,9.5,1.7,0.0
sentinel_226,285514406,5,2026-09-03 23:00:00+00:00,2026-09-03 23:13:08+00:00,16.9,18.1,17.580000000000002,308.88,19.159926,72.5688712,0,4.233333333333333,0,MT SEA HORIZON_25,Passenger,IMO1258768,221.2,19.2,8.5,0.0
sentinel_226,368688902,30,2026-09-03 23:49:59+00:00,2026-09-04 01:18:48+00:00,11.2,13.0,12.05,31.540000000000003,19.04836123333333,72.56026896666667,0,4.7,0,MT MUMBAI EXPRESS_99,Cargo,IMO1898516,213.1,17.8,11.2,0.0
sentinel_226,439670711,54,2026-09-04 02:10:06+00:00,2026-09-04 04:57:01+00:00,7.6,10.5,9.124074074074073,41.04074074074074,19.03098853703704,72.62525566666666,0,4.933333333333334,0,MV MUMBAI EXPRESS_14,Tanker,IMO3341057,203.1,18.7,8.5,0.0
sentinel_226,490612805,16,2026-09-03 23:09:11+00:00,2026-09-03 23:58:38+00:00,15.0,16.0,15.5375,303.45625,19.126233374999998,72.7257824375,0,4.866666666666666,0,SY ARABIAN KNIGHT_48,Tanker,IMO4773549,247.2,22.2,9.9,0.0
sentinel_226,499317479,9,2026-09-03 23:00:00+00:00,2026-09-03 23:20:11+00:00,12.4,13.7,13.044444444444444,251.7888888888889,18.85449733333333,72.52863355555556,0,4.033333333333333,0,MV COASTAL PEARL_63,Cargo,IMO4547081,130.2,19.7,8.4,0.0
sentinel_226,569749767,13,2026-09-03 23:00:00+00:00,2026-09-03 23:34:25+00:00,17.8,18.9,18.292307692307695,120.56153846153846,18.854309076923077,72.58241253846154,0,4.733333333333333,0,MT MALABAR QUEEN_99,Container Ship,IMO7679508,249.9,27.1,9.8,0.0
sentinel_226,663550988,151,2026-09-04 03:36:20+00:00,2026-09-04 10:56:21+00:00,0.5,4.1,1.2748344370860927,69.9158940397351,19.141733900662253,72.57590871523179,0,4.916666666666667,34,FV MUMBAI EXPRESS_65,Fishing,IMO7614724,17.7,5.7,1.1,0.2251655629139073
sentinel_226,697169479,76,2026-09-03 23:34:28+00:00,2026-09-04 03:17:49+00:00,3.0,7.0,5.160526315789474,92.15394736842104,18.901364973684213,72.66535892105264,0,4.966666666666667,0,MT MUMBAI EXPRESS_41,Fishing,IMO1966769,36.2,5.8,3.1,0.0
sentinel_226,730915077,32,2026-09-03 23:02:27+00:00,2026-09-04 00:31:51+00:00,13.6,15.6,14.803125,55.15625,18.91438303125,72.65126078125,0,4.933333333333334,0,SY KONKAN TRADER_11,Cargo,IMO2293159,110.9,29.9,5.9,0.0
sentinel_226,790077090,51,2026-09-04 00:33:27+00:00,2026-09-04 03:12:35+00:00,5.8,9.0,7.592156862745098,288.8156862745098,18.976304941176473,72.65724664705881,0,4.966666666666667,0,SY COASTAL PEARL_51,Tanker,IMO8387790,210.9,33.7,12.3,0.0
sentinel_234,209053121,9,2026-09-03 23:00:00+00:00,2026-09-03 23:23:32+00:00,19.8,21.1,20.344444444444445,244.42222222222225,19.084829,72.57050366666667,0,4.866666666666666,0,FV WESTERN STAR_38,Passenger,IMO3093190,110.1,26.5,8.2,0.0
sentinel_234,218087708,24,2026-09-03 23:00:00+00:00,2026-09-04 00:04:45+00:00,12.0,13.1,12.470833333333333,205.63333333333333,18.917163125,72.75744304166666,0,4.866666666666666,0,MT ARABIAN KNIGHT_62,Tanker,IMO8890587,204.3,33.4,13.8,0.0
sentinel_234,250916077,15,2026-09-03 23:28:15+00:00,2026-09-04 00:11:19+00:00,17.0,19.0,18.026666666666664,221.16666666666666,19.110048533333334,72.58008126666667,0,4.833333333333333,0,MT MUMBAI EXPRESS_67,Passenger,IMO5553736,93.3,17.7,6.0,0.0
sentinel_234,274992570,67,2026-09-04 01:17:37+00:00,2026-09-04 04:41:41+00:00,5.7,8.4,7.08955223880597,196.0402985074627,19.003052970149255,72.69489473134328,0,4.866666666666666,0,FV MUMBAI EXPRESS_19,Fishing,IMO1115482,36.8,9.5,1.7,0.0
sentinel_234,285514406,6,2026-09-03 23:00:00+00:00,2026-09-03 23:17:58+00:00,16.9,18.1,17.616666666666667,308.93333333333334,19.165767666666667,72.56125283333334,0,4.833333333333333,0,MT SEA HORIZON_25,Passenger,IMO1258768,221.2,19.2,8.5,0.0
sentinel_234,368688902,26,2026-09-04 00:02:47+00:00,2026-09-04 01:21:19+00:00,11.2,13.0,12.13846153846154,31.196153846153848,19.073575961538463,72.576891,0,4.7,0,MT MUMBAI EXPRESS_99,Cargo,IMO1898516,213.1,17.8,11.2,0.0
sentinel_234,439670711,51,2026-09-04 02:21:55+00:00,2026-09-04 04:59:35+00:00,7.6,10.0,9.041176470588235,41.33137254901961,19.046102215686275,72.63898733333333,0,4.933333333333334,0,MV MUMBAI EXPRESS_14,Tanker,IMO3341057,203.1,18.7,8.5,0.0
sentinel_234,490612805,17,2026-09-03 23:14:03+00:00,2026-09-04 00:04:48+00:00,15.0,16.0,15.53529411764706,303.0764705882353,19.137831764705883,72.70706211764707,0,4.55,0,SY ARABIAN KNIGHT_48,Tanker,IMO4773549,247.2,22.2,9.9,0.0
sentinel_234,499317479,7,2026-09-03 23:00:00+00:00,2026-09-03 23:16:12+00:00,12.4,13.7,13.1,251.82857142857142,18.857319285714286,72.53762314285714,0,4.033333333333333,0,MV COASTAL PEARL_63,Cargo,IMO4547081,130.2,19.7,8.4,0.0
sentinel_234,569749767,11,2026-09-03 23:01:24+00:00,2026-09-03 23:33:21+00:00,17.8,18.8,18.263636363636365,120.5090909090909,18.85400927272727,72.58299218181818,0,4.733333333333333,0,MT MALABAR QUEEN_99,Container Ship,IMO7679508,249.9,27.1,9.8,0.0
sentinel_234,663550988,144,2026-09-04 03:56:55+00:00,2026-09-04 10:56:21+00:00,0.5,3.5,1.1590277777777778,70.22222222222223,19.14334527777778,72.58012919444444,0,4.916666666666667,34,FV MUMBAI EXPRESS_65,Fishing,IMO7614724,17.7,5.7,1.1,0.2361111111111111
sentinel_234,697169479,71,2026-09-03 23:45:24+00:00,2026-09-04 03:16:00+00:00,3.0,7.0,5.095774647887324,92.3,18.900984267605633,72.67297447887324,0,4.966666666666667,0,MT MUMBAI EXPRESS_41,Fishing,IMO1966769,36.2,5.8,3.1,0.0
sentinel_234,730915077,31,2026-09-03 23:04:52+00:00,2026-09-04 00:31:51+00:00,13.6,15.6,14.80967741935484,55.119354838709675,18.91756919354839,72.65614848387096,0,4.933333333333334,0,SY KONKAN TRADER_11,Cargo,IMO2293159,110.9,29.9,5.9,0.0
sentinel_234,790077090,45,2026-09-04 00:34:53+00:00,2026-09-04 02:59:19+00:00,6.2,9.0,7.751111111111111,288.53555555555556,18.971165822222222,72.67203915555555,0,4.966666666666667,0,SY COASTAL PEARL_51,Tanker,IMO8387790,210.9,33.7,12.3,0.0
sentinel_235,209053121,9,2026-09-03 23:00:00+00:00,2026-09-03 23:23:32+00:00,19.8,21.1,20.344444444444445,244.42222222222225,19.084829,72.57050366666667,0,4.866666666666666,0,FV WESTERN STAR_38,Passenger,IMO3093190,110.1,26.5,8.2,0.0
sentinel_235,218087708,24,2026-09-03 23:00:00+00:00,2026-09-04 00:04:45+00:00,12.0,13.1,12.470833333333333,205.63333333333333,18.917163125,72.75744304166666,0,4.866666666666666,0,MT ARABIAN KNIGHT_62,Tanker,IMO8890587,204.3,33.4,13.8,0.0
sentinel_235,250916077,15,2026-09-03 23:28:15+00:00,2026-09-04 00:11:19+00:00,17.0,19.0,18.026666666666664,221.16666666666666,19.110048533333334,72.58008126666667,0,4.833333333333333,0,MT MUMBAI EXPRESS_67,Passenger,IMO5553736,93.3,17.7,6.0,0.0
sentinel_235,274992570,67,2026-09-04 01:17:37+00:00,2026-09-04 04:41:41+00:00,5.7,8.4,7.08955223880597,196.0402985074627,19.003052970149255,72.69489473134328,0,4.866666666666666,0,FV MUMBAI EXPRESS_19,Fishing,IMO1115482,36.8,9.5,1.7,0.0
sentinel_235,285514406,6,2026-09-03 23:00:00+00:00,2026-09-03 23:17:58+00:00,16.9,18.1,17.616666666666667,308.93333333333334,19.165767666666667,72.56125283333334,0,4.833333333333333,0,MT SEA HORIZON_25,Passenger,IMO1258768,221.2,19.2,8.5,0.0
sentinel_235,368688902,26,2026-09-04 00:02:47+00:00,2026-09-04 01:21:19+00:00,11.2,13.0,12.13846153846154,31.196153846153848,19.073575961538463,72.576891,0,4.7,0,MT MUMBAI EXPRESS_99,Cargo,IMO1898516,213.1,17.8,11.2,0.0
sentinel_235,439670711,51,2026-09-04 02:21:55+00:00,2026-09-04 04:59:35+00:00,7.6,10.0,9.041176470588235,41.33137254901961,19.046102215686275,72.63898733333333,0,4.933333333333334,0,MV MUMBAI EXPRESS_14,Tanker,IMO3341057,203.1,18.7,8.5,0.0
sentinel_235,490612805,17,2026-09-03 23:14:03+00:00,2026-09-04 00:04:48+00:00,15.0,16.0,15.53529411764706,303.0764705882353,19.137831764705883,72.70706211764707,0,4.55,0,SY ARABIAN KNIGHT_48,Tanker,IMO4773549,247.2,22.2,9.9,0.0
sentinel_235,499317479,7,2026-09-03 23:00:00+00:00,2026-09-03 23:16:12+00:00,12.4,13.7,13.1,251.82857142857142,18.857319285714286,72.53762314285714,0,4.033333333333333,0,MV COASTAL PEARL_63,Cargo,IMO4547081,130.2,19.7,8.4,0.0
sentinel_235,569749767,11,2026-09-03 23:01:24+00:00,2026-09-03 23:33:21+00:00,17.8,18.8,18.263636363636365,120.5090909090909,18.85400927272727,72.58299218181818,0,4.733333333333333,0,MT MALABAR QUEEN_99,Container Ship,IMO7679508,249.9,27.1,9.8,0.0
sentinel_235,663550988,144,2026-09-04 03:56:55+00:00,2026-09-04 10:56:21+00:00,0.5,3.5,1.1590277777777778,70.22222222222223,19.14334527777778,72.58012919444444,0,4.916666666666667,34,FV MUMBAI EXPRESS_65,Fishing,IMO7614724,17.7,5.7,1.1,0.2361111111111111
sentinel_235,697169479,71,2026-09-03 23:45:24+00:00,2026-09-04 03:16:00+00:00,3.0,7.0,5.095774647887324,92.3,18.900984267605633,72.67297447887324,0,4.966666666666667,0,MT MUMBAI EXPRESS_41,Fishing,IMO1966769,36.2,5.8,3.1,0.0
sentinel_235,730915077,31,2026-09-03 23:04:52+00:00,2026-09-04 00:31:51+00:00,13.6,15.6,14.80967741935484,55.119354838709675,18.91756919354839,72.65614848387096,0,4.933333333333334,0,SY KONKAN TRADER_11,Cargo,IMO2293159,110.9,29.9,5.9,0.0
sentinel_235,790077090,45,2026-09-04 00:34:53+00:00,2026-09-04 02:59:19+00:00,6.2,9.0,7.751111111111111,288.53555555555556,18.971165822222222,72.67203915555555,0,4.966666666666667,0,SY COASTAL PEARL_51,Tanker,IMO8387790,210.9,33.7,12.3,0.0
sentinel_24,209053121,9,2026-09-03 23:00:00+00:00,2026-09-03 23:23:32+00:00,19.8,21.1,20.344444444444445,244.42222222222225,19.084829,72.57050366666667,0,4.866666666666666,0,FV WESTERN STAR_38,Passenger,IMO3093190,110.1,26.5,8.2,0.0
sentinel_24,218087708,24,2026-09-03 23:00:00+00:00,2026-09-04 00:04:45+00:00,12.0,13.1,12.470833333333333,205.63333333333333,18.917163125,72.75744304166666,0,4.866666666666666,0,MT ARABIAN KNIGHT_62,Tanker,IMO8890587,204.3,33.4,13.8,0.0
sentinel_24,250916077,15,2026-09-03 23:28:15+00:00,2026-09-04 00:11:19+00:00,17.0,19.0,18.026666666666664,221.16666666666666,19.110048533333334,72.58008126666667,0,4.833333333333333,0,MT MUMBAI EXPRESS_67,Passenger,IMO5553736,93.3,17.7,6.0,0.0
sentinel_24,274992570,67,2026-09-04 01:17:37+00:00,2026-09-04 04:41:41+00:00,5.7,8.4,7.08955223880597,196.0402985074627,19.003052970149255,72.69489473134328,0,4.866666666666666,0,FV MUMBAI EXPRESS_19,Fishing,IMO1115482,36.8,9.5,1.7,0.0
sentinel_24,285514406,6,2026-09-03 23:00:00+00:00,2026-09-03 23:17:58+00:00,16.9,18.1,17.616666666666667,308.93333333333334,19.165767666666667,72.56125283333334,0,4.833333333333333,0,MT SEA HORIZON_25,Passenger,IMO1258768,221.2,19.2,8.5,0.0
sentinel_24,368688902,26,2026-09-04 00:02:47+00:00,2026-09-04 01:21:19+00:00,11.2,13.0,12.13846153846154,31.196153846153848,19.073575961538463,72.576891,0,4.7,0,MT MUMBAI EXPRESS_99,Cargo,IMO1898516,213.1,17.8,11.2,0.0
sentinel_24,439670711,51,2026-09-04 02:21:55+00:00,2026-09-04 04:59:35+00:00,7.6,10.0,9.041176470588235,41.33137254901961,19.046102215686275,72.63898733333333,0,4.933333333333334,0,MV MUMBAI EXPRESS_14,Tanker,IMO3341057,203.1,18.7,8.5,0.0
sentinel_24,490612805,17,2026-09-03 23:14:03+00:00,2026-09-04 00:04:48+00:00,15.0,16.0,15.53529411764706,303.0764705882353,19.137831764705883,72.70706211764707,0,4.55,0,SY ARABIAN KNIGHT_48,Tanker,IMO4773549,247.2,22.2,9.9,0.0
sentinel_24,499317479,8,2026-09-03 23:00:00+00:00,2026-09-03 23:17:25+00:00,12.4,13.7,13.075,251.8125,18.85592575,72.533184125,0,4.033333333333333,0,MV COASTAL PEARL_63,Cargo,IMO4547081,130.2,19.7,8.4,0.0
sentinel_24,569749767,11,2026-09-03 23:01:24+00:00,2026-09-03 23:33:21+00:00,17.8,18.8,18.263636363636365,120.5090909090909,18.85400927272727,72.58299218181818,0,4.733333333333333,0,MT MALABAR QUEEN_99,Container Ship,IMO7679508,249.9,27.1,9.8,0.0
sentinel_24,663550988,144,2026-09-04 03:56:55+00:00,2026-09-04 10:56:21+00:00,0.5,3.5,1.1590277777777778,70.22222222222223,19.14334527777778,72.58012919444444,0,4.916666666666667,34,FV MUMBAI EXPRESS_65,Fishing,IMO7614724,17.7,5.7,1.1,0.2361111111111111
sentinel_24,697169479,71,2026-09-03 23:45:24+00:00,2026-09-04 03:16:00+00:00,3.0,7.0,5.095774647887324,92.3,18.900984267605633,72.67297447887324,0,4.966666666666667,0,MT MUMBAI EXPRESS_41,Fishing,IMO1966769,36.2,5.8,3.1,0.0
sentinel_24,730915077,31,2026-09-03 23:04:52+00:00,2026-09-04 00:31:51+00:00,13.6,15.6,14.80967741935484,55.119354838709675,18.91756919354839,72.65614848387096,0,4.933333333333334,0,SY KONKAN TRADER_11,Cargo,IMO2293159,110.9,29.9,5.9,0.0
sentinel_24,790077090,45,2026-09-04 00:34:53+00:00,2026-09-04 02:59:19+00:00,6.2,9.0,7.751111111111111,288.53555555555556,18.971165822222222,72.67203915555555,0,4.966666666666667,0,SY COASTAL PEARL_51,Tanker,IMO8387790,210.9,33.7,12.3,0.0
sentinel_247,209053121,9,2026-09-03 23:00:00+00:00,2026-09-03 23:23:32+00:00,19.8,21.1,20.344444444444445,244.42222222222225,19.084829,72.57050366666667,0,4.866666666666666,0,FV WESTERN STAR_38,Passenger,IMO3093190,110.1,26.5,8.2,0.0
sentinel_247,218087708,24,2026-09-03 23:00:00+00:00,2026-09-04 00:04:45+00:00,12.0,13.1,12.470833333333333,205.63333333333333,18.917163125,72.75744304166666,0,4.866666666666666,0,MT ARABIAN KNIGHT_62,Tanker,IMO8890587,204.3,33.4,13.8,0.0
sentinel_247,250916077,15,2026-09-03 23:28:15+00:00,2026-09-04 00:11:19+00:00,17.0,19.0,18.026666666666664,221.16666666666666,19.110048533333334,72.58008126666667,0,4.833333333333333,0,MT MUMBAI EXPRESS_67,Passenger,IMO5553736,93.3,17.7,6.0,0.0
sentinel_247,274992570,67,2026-09-04 01:17:37+00:00,2026-09-04 04:41:41+00:00,5.7,8.4,7.08955223880597,196.0402985074627,19.003052970149255,72.69489473134328,0,4.866666666666666,0,FV MUMBAI EXPRESS_19,Fishing,IMO1115482,36.8,9.5,1.7,0.0
sentinel_247,285514406,6,2026-09-03 23:00:00+00:00,2026-09-03 23:17:58+00:00,16.9,18.1,17.616666666666667,308.93333333333334,19.165767666666667,72.56125283333334,0,4.833333333333333,0,MT SEA HORIZON_25,Passenger,IMO1258768,221.2,19.2,8.5,0.0
sentinel_247,368688902,26,2026-09-04 00:02:47+00:00,2026-09-04 01:21:19+00:00,11.2,13.0,12.13846153846154,31.196153846153848,19.073575961538463,72.576891,0,4.7,0,MT MUMBAI EXPRESS_99,Cargo,IMO1898516,213.1,17.8,11.2,0.0
sentinel_247,439670711,51,2026-09-04 02:21:55+00:00,2026-09-04 04:59:35+00:00,7.6,10.0,9.041176470588235,41.33137254901961,19.046102215686275,72.63898733333333,0,4.933333333333334,0,MV MUMBAI EXPRESS_14,Tanker,IMO3341057,203.1,18.7,8.5,0.0
sentinel_247,490612805,17,2026-09-03 23:14:03+00:00,2026-09-04 00:04:48+00:00,15.0,16.0,15.53529411764706,303.0764705882353,19.137831764705883,72.70706211764707,0,4.55,0,SY ARABIAN KNIGHT_48,Tanker,IMO4773549,247.2,22.2,9.9,0.0
sentinel_247,499317479,7,2026-09-03 23:00:00+00:00,2026-09-03 23:16:12+00:00,12.4,13.7,13.1,251.82857142857142,18.857319285714286,72.53762314285714,0,4.033333333333333,0,MV COASTAL PEARL_63,Cargo,IMO4547081,130.2,19.7,8.4,0.0
sentinel_247,569749767,11,2026-09-03 23:01:24+00:00,2026-09-03 23:33:21+00:00,17.8,18.8,18.263636363636365,120.5090909090909,18.85400927272727,72.58299218181818,0,4.733333333333333,0,MT MALABAR QUEEN_99,Container Ship,IMO7679508,249.9,27.1,9.8,0.0
sentinel_247,663550988,144,2026-09-04 03:56:55+00:00,2026-09-04 10:56:21+00:00,0.5,3.5,1.1590277777777778,70.22222222222223,19.14334527777778,72.58012919444444,0,4.916666666666667,34,FV MUMBAI EXPRESS_65,Fishing,IMO7614724,17.7,5.7,1.1,0.2361111111111111
sentinel_247,697169479,71,2026-09-03 23:45:24+00:00,2026-09-04 03:16:00+00:00,3.0,7.0,5.095774647887324,92.3,18.900984267605633,72.67297447887324,0,4.966666666666667,0,MT MUMBAI EXPRESS_41,Fishing,IMO1966769,36.2,5.8,3.1,0.0
sentinel_247,730915077,31,2026-09-03 23:04:52+00:00,2026-09-04 00:31:51+00:00,13.6,15.6,14.80967741935484,55.119354838709675,18.91756919354839,72.65614848387096,0,4.933333333333334,0,SY KONKAN TRADER_11,Cargo,IMO2293159,110.9,29.9,5.9,0.0
sentinel_247,790077090,45,2026-09-04 00:34:53+00:00,2026-09-04 02:59:19+00:00,6.2,9.0,7.751111111111111,288.53555555555556,18.971165822222222,72.67203915555555,0,4.966666666666667,0,SY COASTAL PEARL_51,Tanker,IMO8387790,210.9,33.7,12.3,0.0
sentinel_249,209053121,9,2026-09-03 23:00:00+00:00,2026-09-03 23:23:32+00:00,19.8,21.1,20.344444444444445,244.42222222222225,19.084829,72.57050366666667,0,4.866666666666666,0,FV WESTERN STAR_38,Passenger,IMO3093190,110.1,26.5,8.2,0.0
sentinel_249,218087708,24,2026-09-03 23:00:00+00:00,2026-09-04 00:04:45+00:00,12.0,13.1,12.470833333333333,205.63333333333333,18.917163125,72.75744304166666,0,4.866666666666666,0,MT ARABIAN KNIGHT_62,Tanker,IMO8890587,204.3,33.4,13.8,0.0
sentinel_249,250916077,15,2026-09-03 23:28:15+00:00,2026-09-04 00:11:19+00:00,17.0,19.0,18.026666666666664,221.16666666666666,19.110048533333334,72.58008126666667,0,4.833333333333333,0,MT MUMBAI EXPRESS_67,Passenger,IMO5553736,93.3,17.7,6.0,0.0
sentinel_249,274992570,67,2026-09-04 01:17:37+00:00,2026-09-04 04:41:41+00:00,5.7,8.4,7.08955223880597,196.0402985074627,19.003052970149255,72.69489473134328,0,4.866666666666666,0,FV MUMBAI EXPRESS_19,Fishing,IMO1115482,36.8,9.5,1.7,0.0
sentinel_249,285514406,6,2026-09-03 23:00:00+00:00,2026-09-03 23:17:58+00:00,16.9,18.1,17.616666666666667,308.93333333333334,19.165767666666667,72.56125283333334,0,4.833333333333333,0,MT SEA HORIZON_25,Passenger,IMO1258768,221.2,19.2,8.5,0.0
sentinel_249,368688902,26,2026-09-04 00:02:47+00:00,2026-09-04 01:21:19+00:00,11.2,13.0,12.13846153846154,31.196153846153848,19.073575961538463,72.576891,0,4.7,0,MT MUMBAI EXPRESS_99,Cargo,IMO1898516,213.1,17.8,11.2,0.0
sentinel_249,439670711,51,2026-09-04 02:21:55+00:00,2026-09-04 04:59:35+00:00,7.6,10.0,9.041176470588235,41.33137254901961,19.046102215686275,72.63898733333333,0,4.933333333333334,0,MV MUMBAI EXPRESS_14,Tanker,IMO3341057,203.1,18.7,8.5,0.0
sentinel_249,490612805,17,2026-09-03 23:14:03+00:00,2026-09-04 00:04:48+00:00,15.0,16.0,15.53529411764706,303.0764705882353,19.137831764705883,72.70706211764707,0,4.55,0,SY ARABIAN KNIGHT_48,Tanker,IMO4773549,247.2,22.2,9.9,0.0
sentinel_249,499317479,7,2026-09-03 23:00:00+00:00,2026-09-03 23:16:12+00:00,12.4,13.7,13.1,251.82857142857142,18.857319285714286,72.53762314285714,0,4.033333333333333,0,MV COASTAL PEARL_63,Cargo,IMO4547081,130.2,19.7,8.4,0.0
sentinel_249,569749767,11,2026-09-03 23:01:24+00:00,2026-09-03 23:33:21+00:00,17.8,18.8,18.263636363636365,120.5090909090909,18.85400927272727,72.58299218181818,0,4.733333333333333,0,MT MALABAR QUEEN_99,Container Ship,IMO7679508,249.9,27.1,9.8,0.0
sentinel_249,663550988,144,2026-09-04 03:56:55+00:00,2026-09-04 10:56:21+00:00,0.5,3.5,1.1590277777777778,70.22222222222223,19.14334527777778,72.58012919444444,0,4.916666666666667,34,FV MUMBAI EXPRESS_65,Fishing,IMO7614724,17.7,5.7,1.1,0.2361111111111111
sentinel_249,697169479,71,2026-09-03 23:45:24+00:00,2026-09-04 03:16:00+00:00,3.0,7.0,5.095774647887324,92.3,18.900984267605633,72.67297447887324,0,4.966666666666667,0,MT MUMBAI EXPRESS_41,Fishing,IMO1966769,36.2,5.8,3.1,0.0
sentinel_249,730915077,31,2026-09-03 23:04:52+00:00,2026-09-04 00:31:51+00:00,13.6,15.6,14.80967741935484,55.119354838709675,18.91756919354839,72.65614848387096,0,4.933333333333334,0,SY KONKAN TRADER_11,Cargo,IMO2293159,110.9,29.9,5.9,0.0
sentinel_249,790077090,45,2026-09-04 00:34:53+00:00,2026-09-04 02:59:19+00:00,6.2,9.0,7.751111111111111,288.53555555555556,18.971165822222222,72.67203915555555,0,4.966666666666667,0,SY COASTAL PEARL_51,Tanker,IMO8387790,210.9,33.7,12.3,0.0
sentinel_261,209053121,9,2026-09-03 23:00:00+00:00,2026-09-03 23:23:32+00:00,19.8,21.1,20.344444444444445,244.42222222222225,19.084829,72.57050366666667,0,4.866666666666666,0,FV WESTERN STAR_38,Passenger,IMO3093190,110.1,26.5,8.2,0.0
sentinel_261,218087708,24,2026-09-03 23:00:00+00:00,2026-09-04 00:04:45+00:00,12.0,13.1,12.470833333333333,205.63333333333333,18.917163125,72.75744304166666,0,4.866666666666666,0,MT ARABIAN KNIGHT_62,Tanker,IMO8890587,204.3,33.4,13.8,0.0
sentinel_261,250916077,15,2026-09-03 23:28:15+00:00,2026-09-04 00:11:19+00:00,17.0,19.0,18.026666666666664,221.16666666666666,19.110048533333334,72.58008126666667,0,4.833333333333333,0,MT MUMBAI EXPRESS_67,Passenger,IMO5553736,93.3,17.7,6.0,0.0
sentinel_261,274992570,67,2026-09-04 01:17:37+00:00,2026-09-04 04:41:41+00:00,5.7,8.4,7.08955223880597,196.0402985074627,19.003052970149255,72.69489473134328,0,4.866666666666666,0,FV MUMBAI EXPRESS_19,Fishing,IMO1115482,36.8,9.5,1.7,0.0
sentinel_261,285514406,6,2026-09-03 23:00:00+00:00,2026-09-03 23:17:58+00:00,16.9,18.1,17.616666666666667,308.93333333333334,19.165767666666667,72.56125283333334,0,4.833333333333333,0,MT SEA HORIZON_25,Passenger,IMO1258768,221.2,19.2,8.5,0.0
sentinel_261,368688902,26,2026-09-04 00:02:47+00:00,2026-09-04 01:21:19+00:00,11.2,13.0,12.13846153846154,31.196153846153848,19.073575961538463,72.576891,0,4.7,0,MT MUMBAI EXPRESS_99,Cargo,IMO1898516,213.1,17.8,11.2,0.0
sentinel_261,439670711,51,2026-09-04 02:21:55+00:00,2026-09-04 04:59:35+00:00,7.6,10.0,9.041176470588235,41.33137254901961,19.046102215686275,72.63898733333333,0,4.933333333333334,0,MV MUMBAI EXPRESS_14,Tanker,IMO3341057,203.1,18.7,8.5,0.0
sentinel_261,490612805,17,2026-09-03 23:14:03+00:00,2026-09-04 00:04:48+00:00,15.0,16.0,15.53529411764706,303.0764705882353,19.137831764705883,72.70706211764707,0,4.55,0,SY ARABIAN KNIGHT_48,Tanker,IMO4773549,247.2,22.2,9.9,0.0
sentinel_261,499317479,8,2026-09-03 23:00:00+00:00,2026-09-03 23:17:25+00:00,12.4,13.7,13.075,251.8125,18.85592575,72.533184125,0,4.033333333333333,0,MV COASTAL PEARL_63,Cargo,IMO4547081,130.2,19.7,8.4,0.0
sentinel_261,569749767,11,2026-09-03 23:01:24+00:00,2026-09-03 23:33:21+00:00,17.8,18.8,18.263636363636365,120.5090909090909,18.85400927272727,72.58299218181818,0,4.733333333333333,0,MT MALABAR QUEEN_99,Container Ship,IMO7679508,249.9,27.1,9.8,0.0
sentinel_261,663550988,144,2026-09-04 03:56:55+00:00,2026-09-04 10:56:21+00:00,0.5,3.5,1.1590277777777778,70.22222222222223,19.14334527777778,72.58012919444444,0,4.916666666666667,34,FV MUMBAI EXPRESS_65,Fishing,IMO7614724,17.7,5.7,1.1,0.2361111111111111
sentinel_261,697169479,71,2026-09-03 23:45:24+00:00,2026-09-04 03:16:00+00:00,3.0,7.0,5.095774647887324,92.3,18.900984267605633,72.67297447887324,0,4.966666666666667,0,MT MUMBAI EXPRESS_41,Fishing,IMO1966769,36.2,5.8,3.1,0.0
sentinel_261,730915077,31,2026-09-03 23:04:52+00:00,2026-09-04 00:31:51+00:00,13.6,15.6,14.80967741935484,55.119354838709675,18.91756919354839,72.65614848387096,0,4.933333333333334,0,SY KONKAN TRADER_11,Cargo,IMO2293159,110.9,29.9,5.9,0.0
sentinel_261,790077090,45,2026-09-04 00:34:53+00:00,2026-09-04 02:59:19+00:00,6.2,9.0,7.751111111111111,288.53555555555556,18.971165822222222,72.67203915555555,0,4.966666666666667,0,SY COASTAL PEARL_51,Tanker,IMO8387790,210.9,33.7,12.3,0.0
sentinel_275,209053121,9,2026-09-03 23:00:00+00:00,2026-09-03 23:23:32+00:00,19.8,21.1,20.344444444444445,244.42222222222225,19.084829,72.57050366666667,0,4.866666666666666,0,FV WESTERN STAR_38,Passenger,IMO3093190,110.1,26.5,8.2,0.0
sentinel_275,218087708,24,2026-09-03 23:00:00+00:00,2026-09-04 00:04:45+00:00,12.0,13.1,12.470833333333333,205.63333333333333,18.917163125,72.75744304166666,0,4.866666666666666,0,MT ARABIAN KNIGHT_62,Tanker,IMO8890587,204.3,33.4,13.8,0.0
sentinel_275,250916077,15,2026-09-03 23:28:15+00:00,2026-09-04 00:11:19+00:00,17.0,19.0,18.026666666666664,221.16666666666666,19.110048533333334,72.58008126666667,0,4.833333333333333,0,MT MUMBAI EXPRESS_67,Passenger,IMO5553736,93.3,17.7,6.0,0.0
sentinel_275,274992570,67,2026-09-04 01:17:37+00:00,2026-09-04 04:41:41+00:00,5.7,8.4,7.08955223880597,196.0402985074627,19.003052970149255,72.69489473134328,0,4.866666666666666,0,FV MUMBAI EXPRESS_19,Fishing,IMO1115482,36.8,9.5,1.7,0.0
sentinel_275,285514406,6,2026-09-03 23:00:00+00:00,2026-09-03 23:17:58+00:00,16.9,18.1,17.616666666666667,308.93333333333334,19.165767666666667,72.56125283333334,0,4.833333333333333,0,MT SEA HORIZON_25,Passenger,IMO1258768,221.2,19.2,8.5,0.0
sentinel_275,368688902,26,2026-09-04 00:02:47+00:00,2026-09-04 01:21:19+00:00,11.2,13.0,12.13846153846154,31.196153846153848,19.073575961538463,72.576891,0,4.7,0,MT MUMBAI EXPRESS_99,Cargo,IMO1898516,213.1,17.8,11.2,0.0
sentinel_275,439670711,51,2026-09-04 02:21:55+00:00,2026-09-04 04:59:35+00:00,7.6,10.0,9.041176470588235,41.33137254901961,19.046102215686275,72.63898733333333,0,4.933333333333334,0,MV MUMBAI EXPRESS_14,Tanker,IMO3341057,203.1,18.7,8.5,0.0
sentinel_275,490612805,17,2026-09-03 23:14:03+00:00,2026-09-04 00:04:48+00:00,15.0,16.0,15.53529411764706,303.0764705882353,19.137831764705883,72.70706211764707,0,4.55,0,SY ARABIAN KNIGHT_48,Tanker,IMO4773549,247.2,22.2,9.9,0.0
sentinel_275,499317479,7,2026-09-03 23:00:00+00:00,2026-09-03 23:16:12+00:00,12.4,13.7,13.1,251.82857142857142,18.857319285714286,72.53762314285714,0,4.033333333333333,0,MV COASTAL PEARL_63,Cargo,IMO4547081,130.2,19.7,8.4,0.0
sentinel_275,569749767,11,2026-09-03 23:01:24+00:00,2026-09-03 23:33:21+00:00,17.8,18.8,18.263636363636365,120.5090909090909,18.85400927272727,72.58299218181818,0,4.733333333333333,0,MT MALABAR QUEEN_99,Container Ship,IMO7679508,249.9,27.1,9.8,0.0
sentinel_275,663550988,144,2026-09-04 03:56:55+00:00,2026-09-04 10:56:21+00:00,0.5,3.5,1.1590277777777778,70.22222222222223,19.14334527777778,72.58012919444444,0,4.916666666666667,34,FV MUMBAI EXPRESS_65,Fishing,IMO7614724,17.7,5.7,1.1,0.2361111111111111
sentinel_275,697169479,71,2026-09-03 23:45:24+00:00,2026-09-04 03:16:00+00:00,3.0,7.0,5.095774647887324,92.3,18.900984267605633,72.67297447887324,0,4.966666666666667,0,MT MUMBAI EXPRESS_41,Fishing,IMO1966769,36.2,5.8,3.1,0.0
sentinel_275,730915077,31,2026-09-03 23:04:52+00:00,2026-09-04 00:31:51+00:00,13.6,15.6,14.80967741935484,55.119354838709675,18.91756919354839,72.65614848387096,0,4.933333333333334,0,SY KONKAN TRADER_11,Cargo,IMO2293159,110.9,29.9,5.9,0.0
sentinel_275,790077090,45,2026-09-04 00:34:53+00:00,2026-09-04 02:59:19+00:00,6.2,9.0,7.751111111111111,288.53555555555556,18.971165822222222,72.67203915555555,0,4.966666666666667,0,SY COASTAL PEARL_51,Tanker,IMO8387790,210.9,33.7,12.3,0.0
sentinel_289,209053121,9,2026-09-03 23:00:00+00:00,2026-09-03 23:23:32+00:00,19.8,21.1,20.344444444444445,244.42222222222225,19.084829,72.57050366666667,0,4.866666666666666,0,FV WESTERN STAR_38,Passenger,IMO3093190,110.1,26.5,8.2,0.0
sentinel_289,218087708,24,2026-09-03 23:00:00+00:00,2026-09-04 00:04:45+00:00,12.0,13.1,12.470833333333333,205.63333333333333,18.917163125,72.75744304166666,0,4.866666666666666,0,MT ARABIAN KNIGHT_62,Tanker,IMO8890587,204.3,33.4,13.8,0.0
sentinel_289,250916077,15,2026-09-03 23:28:15+00:00,2026-09-04 00:11:19+00:00,17.0,19.0,18.026666666666664,221.16666666666666,19.110048533333334,72.58008126666667,0,4.833333333333333,0,MT MUMBAI EXPRESS_67,Passenger,IMO5553736,93.3,17.7,6.0,0.0
sentinel_289,274992570,67,2026-09-04 01:17:37+00:00,2026-09-04 04:41:41+00:00,5.7,8.4,7.08955223880597,196.0402985074627,19.003052970149255,72.69489473134328,0,4.866666666666666,0,FV MUMBAI EXPRESS_19,Fishing,IMO1115482,36.8,9.5,1.7,0.0
sentinel_289,285514406,6,2026-09-03 23:00:00+00:00,2026-09-03 23:17:58+00:00,16.9,18.1,17.616666666666667,308.93333333333334,19.165767666666667,72.56125283333334,0,4.833333333333333,0,MT SEA HORIZON_25,Passenger,IMO1258768,221.2,19.2,8.5,0.0
sentinel_289,368688902,26,2026-09-04 00:02:47+00:00,2026-09-04 01:21:19+00:00,11.2,13.0,12.13846153846154,31.196153846153848,19.073575961538463,72.576891,0,4.7,0,MT MUMBAI EXPRESS_99,Cargo,IMO1898516,213.1,17.8,11.2,0.0
sentinel_289,439670711,51,2026-09-04 02:21:55+00:00,2026-09-04 04:59:35+00:00,7.6,10.0,9.041176470588235,41.33137254901961,19.046102215686275,72.63898733333333,0,4.933333333333334,0,MV MUMBAI EXPRESS_14,Tanker,IMO3341057,203.1,18.7,8.5,0.0
sentinel_289,490612805,17,2026-09-03 23:14:03+00:00,2026-09-04 00:04:48+00:00,15.0,16.0,15.53529411764706,303.0764705882353,19.137831764705883,72.70706211764707,0,4.55,0,SY ARABIAN KNIGHT_48,Tanker,IMO4773549,247.2,22.2,9.9,0.0
sentinel_289,499317479,7,2026-09-03 23:00:00+00:00,2026-09-03 23:16:12+00:00,12.4,13.7,13.1,251.82857142857142,18.857319285714286,72.53762314285714,0,4.033333333333333,0,MV COASTAL PEARL_63,Cargo,IMO4547081,130.2,19.7,8.4,0.0
sentinel_289,569749767,11,2026-09-03 23:01:24+00:00,2026-09-03 23:33:21+00:00,17.8,18.8,18.263636363636365,120.5090909090909,18.85400927272727,72.58299218181818,0,4.733333333333333,0,MT MALABAR QUEEN_99,Container Ship,IMO7679508,249.9,27.1,9.8,0.0
sentinel_289,663550988,144,2026-09-04 03:56:55+00:00,2026-09-04 10:56:21+00:00,0.5,3.5,1.1590277777777778,70.22222222222223,19.14334527777778,72.58012919444444,0,4.916666666666667,34,FV MUMBAI EXPRESS_65,Fishing,IMO7614724,17.7,5.7,1.1,0.2361111111111111
sentinel_289,697169479,71,2026-09-03 23:45:24+00:00,2026-09-04 03:16:00+00:00,3.0,7.0,5.095774647887324,92.3,18.900984267605633,72.67297447887324,0,4.966666666666667,0,MT MUMBAI EXPRESS_41,Fishing,IMO1966769,36.2,5.8,3.1,0.0
sentinel_289,730915077,31,2026-09-03 23:04:52+00:00,2026-09-04 00:31:51+00:00,13.6,15.6,14.80967741935484,55.119354838709675,18.91756919354839,72.65614848387096,0,4.933333333333334,0,SY KONKAN TRADER_11,Cargo,IMO2293159,110.9,29.9,5.9,0.0
sentinel_289,790077090,45,2026-09-04 00:34:53+00:00,2026-09-04 02:59:19+00:00,6.2,9.0,7.751111111111111,288.53555555555556,18.971165822222222,72.67203915555555,0,4.966666666666667,0,SY COASTAL PEARL_51,Tanker,IMO8387790,210.9,33.7,12.3,0.0
sentinel_291,209053121,9,2026-09-03 23:00:00+00:00,2026-09-03 23:23:32+00:00,19.8,21.1,20.344444444444445,244.42222222222225,19.084829,72.57050366666667,0,4.866666666666666,0,FV WESTERN STAR_38,Passenger,IMO3093190,110.1,26.5,8.2,0.0
sentinel_291,218087708,24,2026-09-03 23:00:00+00:00,2026-09-04 00:04:45+00:00,12.0,13.1,12.470833333333333,205.63333333333333,18.917163125,72.75744304166666,0,4.866666666666666,0,MT ARABIAN KNIGHT_62,Tanker,IMO8890587,204.3,33.4,13.8,0.0
sentinel_291,250916077,15,2026-09-03 23:28:15+00:00,2026-09-04 00:11:19+00:00,17.0,19.0,18.026666666666664,221.16666666666666,19.110048533333334,72.58008126666667,0,4.833333333333333,0,MT MUMBAI EXPRESS_67,Passenger,IMO5553736,93.3,17.7,6.0,0.0
sentinel_291,274992570,67,2026-09-04 01:17:37+00:00,2026-09-04 04:41:41+00:00,5.7,8.4,7.08955223880597,196.0402985074627,19.003052970149255,72.69489473134328,0,4.866666666666666,0,FV MUMBAI EXPRESS_19,Fishing,IMO1115482,36.8,9.5,1.7,0.0
sentinel_291,285514406,6,2026-09-03 23:00:00+00:00,2026-09-03 23:17:58+00:00,16.9,18.1,17.616666666666667,308.93333333333334,19.165767666666667,72.56125283333334,0,4.833333333333333,0,MT SEA HORIZON_25,Passenger,IMO1258768,221.2,19.2,8.5,0.0
sentinel_291,368688902,26,2026-09-04 00:02:47+00:00,2026-09-04 01:21:19+00:00,11.2,13.0,12.13846153846154,31.196153846153848,19.073575961538463,72.576891,0,4.7,0,MT MUMBAI EXPRESS_99,Cargo,IMO1898516,213.1,17.8,11.2,0.0
sentinel_291,439670711,51,2026-09-04 02:21:55+00:00,2026-09-04 04:59:35+00:00,7.6,10.0,9.041176470588235,41.33137254901961,19.046102215686275,72.63898733333333,0,4.933333333333334,0,MV MUMBAI EXPRESS_14,Tanker,IMO3341057,203.1,18.7,8.5,0.0
sentinel_291,490612805,17,2026-09-03 23:14:03+00:00,2026-09-04 00:04:48+00:00,15.0,16.0,15.53529411764706,303.0764705882353,19.137831764705883,72.70706211764707,0,4.55,0,SY ARABIAN KNIGHT_48,Tanker,IMO4773549,247.2,22.2,9.9,0.0
sentinel_291,499317479,7,2026-09-03 23:00:00+00:00,2026-09-03 23:16:12+00:00,12.4,13.7,13.1,251.82857142857142,18.857319285714286,72.53762314285714,0,4.033333333333333,0,MV COASTAL PEARL_63,Cargo,IMO4547081,130.2,19.7,8.4,0.0
sentinel_291,569749767,11,2026-09-03 23:01:24+00:00,2026-09-03 23:33:21+00:00,17.8,18.8,18.263636363636365,120.5090909090909,18.85400927272727,72.58299218181818,0,4.733333333333333,0,MT MALABAR QUEEN_99,Container Ship,IMO7679508,249.9,27.1,9.8,0.0
sentinel_291,663550988,144,2026-09-04 03:56:55+00:00,2026-09-04 10:56:21+00:00,0.5,3.5,1.1590277777777778,70.22222222222223,19.14334527777778,72.58012919444444,0,4.916666666666667,34,FV MUMBAI EXPRESS_65,Fishing,IMO7614724,17.7,5.7,1.1,0.2361111111111111
sentinel_291,697169479,71,2026-09-03 23:45:24+00:00,2026-09-04 03:16:00+00:00,3.0,7.0,5.095774647887324,92.3,18.900984267605633,72.67297447887324,0,4.966666666666667,0,MT MUMBAI EXPRESS_41,Fishing,IMO1966769,36.2,5.8,3.1,0.0
sentinel_291,730915077,31,2026-09-03 23:04:52+00:00,2026-09-04 00:31:51+00:00,13.6,15.6,14.80967741935484,55.119354838709675,18.91756919354839,72.65614848387096,0,4.933333333333334,0,SY KONKAN TRADER_11,Cargo,IMO2293159,110.9,29.9,5.9,0.0
sentinel_291,790077090,45,2026-09-04 00:34:53+00:00,2026-09-04 02:59:19+00:00,6.2,9.0,7.751111111111111,288.53555555555556,18.971165822222222,72.67203915555555,0,4.966666666666667,0,SY COASTAL PEARL_51,Tanker,IMO8387790,210.9,33.7,12.3,0.0
sentinel_295,209053121,9,2026-09-03 23:00:00+00:00,2026-09-03 23:23:32+00:00,19.8,21.1,20.344444444444445,244.42222222222225,19.084829,72.57050366666667,0,4.866666666666666,0,FV WESTERN STAR_38,Passenger,IMO3093190,110.1,26.5,8.2,0.0
sentinel_295,218087708,24,2026-09-03 23:00:00+00:00,2026-09-04 00:04:45+00:00,12.0,13.1,12.470833333333333,205.63333333333333,18.917163125,72.75744304166666,0,4.866666666666666,0,MT ARABIAN KNIGHT_62,Tanker,IMO8890587,204.3,33.4,13.8,0.0
sentinel_295,250916077,15,2026-09-03 23:28:15+00:00,2026-09-04 00:11:19+00:00,17.0,19.0,18.026666666666664,221.16666666666666,19.110048533333334,72.58008126666667,0,4.833333333333333,0,MT MUMBAI EXPRESS_67,Passenger,IMO5553736,93.3,17.7,6.0,0.0
sentinel_295,274992570,67,2026-09-04 01:17:37+00:00,2026-09-04 04:41:41+00:00,5.7,8.4,7.08955223880597,196.0402985074627,19.003052970149255,72.69489473134328,0,4.866666666666666,0,FV MUMBAI EXPRESS_19,Fishing,IMO1115482,36.8,9.5,1.7,0.0
sentinel_295,285514406,6,2026-09-03 23:00:00+00:00,2026-09-03 23:17:58+00:00,16.9,18.1,17.616666666666667,308.93333333333334,19.165767666666667,72.56125283333334,0,4.833333333333333,0,MT SEA HORIZON_25,Passenger,IMO1258768,221.2,19.2,8.5,0.0
sentinel_295,368688902,26,2026-09-04 00:02:47+00:00,2026-09-04 01:21:19+00:00,11.2,13.0,12.13846153846154,31.196153846153848,19.073575961538463,72.576891,0,4.7,0,MT MUMBAI EXPRESS_99,Cargo,IMO1898516,213.1,17.8,11.2,0.0
sentinel_295,439670711,51,2026-09-04 02:21:55+00:00,2026-09-04 04:59:35+00:00,7.6,10.0,9.041176470588235,41.33137254901961,19.046102215686275,72.63898733333333,0,4.933333333333334,0,MV MUMBAI EXPRESS_14,Tanker,IMO3341057,203.1,18.7,8.5,0.0
sentinel_295,490612805,17,2026-09-03 23:14:03+00:00,2026-09-04 00:04:48+00:00,15.0,16.0,15.53529411764706,303.0764705882353,19.137831764705883,72.70706211764707,0,4.55,0,SY ARABIAN KNIGHT_48,Tanker,IMO4773549,247.2,22.2,9.9,0.0
sentinel_295,499317479,7,2026-09-03 23:00:00+00:00,2026-09-03 23:16:12+00:00,12.4,13.7,13.1,251.82857142857142,18.857319285714286,72.53762314285714,0,4.033333333333333,0,MV COASTAL PEARL_63,Cargo,IMO4547081,130.2,19.7,8.4,0.0
sentinel_295,569749767,11,2026-09-03 23:01:24+00:00,2026-09-03 23:33:21+00:00,17.8,18.8,18.263636363636365,120.5090909090909,18.85400927272727,72.58299218181818,0,4.733333333333333,0,MT MALABAR QUEEN_99,Container Ship,IMO7679508,249.9,27.1,9.8,0.0
sentinel_295,663550988,144,2026-09-04 03:56:55+00:00,2026-09-04 10:56:21+00:00,0.5,3.5,1.1590277777777778,70.22222222222223,19.14334527777778,72.58012919444444,0,4.916666666666667,34,FV MUMBAI EXPRESS_65,Fishing,IMO7614724,17.7,5.7,1.1,0.2361111111111111
sentinel_295,697169479,71,2026-09-03 23:45:24+00:00,2026-09-04 03:16:00+00:00,3.0,7.0,5.095774647887324,92.3,18.900984267605633,72.67297447887324,0,4.966666666666667,0,MT MUMBAI EXPRESS_41,Fishing,IMO1966769,36.2,5.8,3.1,0.0
sentinel_295,730915077,31,2026-09-03 23:04:52+00:00,2026-09-04 00:31:51+00:00,13.6,15.6,14.80967741935484,55.119354838709675,18.91756919354839,72.65614848387096,0,4.933333333333334,0,SY KONKAN TRADER_11,Cargo,IMO2293159,110.9,29.9,5.9,0.0
sentinel_295,790077090,45,2026-09-04 00:34:53+00:00,2026-09-04 02:59:19+00:00,6.2,9.0,7.751111111111111,288.53555555555556,18.971165822222222,72.67203915555555,0,4.966666666666667,0,SY COASTAL PEARL_51,Tanker,IMO8387790,210.9,33.7,12.3,0.0
sentinel_296,209053121,9,2026-09-03 23:00:00+00:00,2026-09-03 23:23:32+00:00,19.8,21.1,20.344444444444445,244.42222222222225,19.084829,72.57050366666667,0,4.866666666666666,0,FV WESTERN STAR_38,Passenger,IMO3093190,110.1,26.5,8.2,0.0
sentinel_296,218087708,24,2026-09-03 23:00:00+00:00,2026-09-04 00:04:45+00:00,12.0,13.1,12.470833333333333,205.63333333333333,18.917163125,72.75744304166666,0,4.866666666666666,0,MT ARABIAN KNIGHT_62,Tanker,IMO8890587,204.3,33.4,13.8,0.0
sentinel_296,250916077,15,2026-09-03 23:28:15+00:00,2026-09-04 00:11:19+00:00,17.0,19.0,18.026666666666664,221.16666666666666,19.110048533333334,72.58008126666667,0,4.833333333333333,0,MT MUMBAI EXPRESS_67,Passenger,IMO5553736,93.3,17.7,6.0,0.0
sentinel_296,274992570,67,2026-09-04 01:17:37+00:00,2026-09-04 04:41:41+00:00,5.7,8.4,7.08955223880597,196.0402985074627,19.003052970149255,72.69489473134328,0,4.866666666666666,0,FV MUMBAI EXPRESS_19,Fishing,IMO1115482,36.8,9.5,1.7,0.0
sentinel_296,285514406,6,2026-09-03 23:00:00+00:00,2026-09-03 23:17:58+00:00,16.9,18.1,17.616666666666667,308.93333333333334,19.165767666666667,72.56125283333334,0,4.833333333333333,0,MT SEA HORIZON_25,Passenger,IMO1258768,221.2,19.2,8.5,0.0
sentinel_296,368688902,26,2026-09-04 00:02:47+00:00,2026-09-04 01:21:19+00:00,11.2,13.0,12.13846153846154,31.196153846153848,19.073575961538463,72.576891,0,4.7,0,MT MUMBAI EXPRESS_99,Cargo,IMO1898516,213.1,17.8,11.2,0.0
sentinel_296,439670711,51,2026-09-04 02:21:55+00:00,2026-09-04 04:59:35+00:00,7.6,10.0,9.041176470588235,41.33137254901961,19.046102215686275,72.63898733333333,0,4.933333333333334,0,MV MUMBAI EXPRESS_14,Tanker,IMO3341057,203.1,18.7,8.5,0.0
sentinel_296,490612805,17,2026-09-03 23:14:03+00:00,2026-09-04 00:04:48+00:00,15.0,16.0,15.53529411764706,303.0764705882353,19.137831764705883,72.70706211764707,0,4.55,0,SY ARABIAN KNIGHT_48,Tanker,IMO4773549,247.2,22.2,9.9,0.0
sentinel_296,499317479,7,2026-09-03 23:00:00+00:00,2026-09-03 23:16:12+00:00,12.4,13.7,13.1,251.82857142857142,18.857319285714286,72.53762314285714,0,4.033333333333333,0,MV COASTAL PEARL_63,Cargo,IMO4547081,130.2,19.7,8.4,0.0
sentinel_296,569749767,11,2026-09-03 23:01:24+00:00,2026-09-03 23:33:21+00:00,17.8,18.8,18.263636363636365,120.5090909090909,18.85400927272727,72.58299218181818,0,4.733333333333333,0,MT MALABAR QUEEN_99,Container Ship,IMO7679508,249.9,27.1,9.8,0.0
sentinel_296,663550988,144,2026-09-04 03:56:55+00:00,2026-09-04 10:56:21+00:00,0.5,3.5,1.1590277777777778,70.22222222222223,19.14334527777778,72.58012919444444,0,4.916666666666667,34,FV MUMBAI EXPRESS_65,Fishing,IMO7614724,17.7,5.7,1.1,0.2361111111111111
sentinel_296,697169479,71,2026-09-03 23:45:24+00:00,2026-09-04 03:16:00+00:00,3.0,7.0,5.095774647887324,92.3,18.900984267605633,72.67297447887324,0,4.966666666666667,0,MT MUMBAI EXPRESS_41,Fishing,IMO1966769,36.2,5.8,3.1,0.0
sentinel_296,730915077,31,2026-09-03 23:04:52+00:00,2026-09-04 00:31:51+00:00,13.6,15.6,14.80967741935484,55.119354838709675,18.91756919354839,72.65614848387096,0,4.933333333333334,0,SY KONKAN TRADER_11,Cargo,IMO2293159,110.9,29.9,5.9,0.0
sentinel_296,790077090,45,2026-09-04 00:34:53+00:00,2026-09-04 02:59:19+00:00,6.2,9.0,7.751111111111111,288.53555555555556,18.971165822222222,72.67203915555555,0,4.966666666666667,0,SY COASTAL PEARL_51,Tanker,IMO8387790,210.9,33.7,12.3,0.0
sentinel_299,209053121,9,2026-09-03 23:00:00+00:00,2026-09-03 23:23:32+00:00,19.8,21.1,20.344444444444445,244.42222222222225,19.084829,72.57050366666667,0,4.866666666666666,0,FV WESTERN STAR_38,Passenger,IMO3093190,110.1,26.5,8.2,0.0
sentinel_299,218087708,24,2026-09-03 23:00:00+00:00,2026-09-04 00:04:45+00:00,12.0,13.1,12.470833333333333,205.63333333333333,18.917163125,72.75744304166666,0,4.866666666666666,0,MT ARABIAN KNIGHT_62,Tanker,IMO8890587,204.3,33.4,13.8,0.0
sentinel_299,250916077,15,2026-09-03 23:28:15+00:00,2026-09-04 00:11:19+00:00,17.0,19.0,18.026666666666664,221.16666666666666,19.110048533333334,72.58008126666667,0,4.833333333333333,0,MT MUMBAI EXPRESS_67,Passenger,IMO5553736,93.3,17.7,6.0,0.0
sentinel_299,274992570,67,2026-09-04 01:17:37+00:00,2026-09-04 04:41:41+00:00,5.7,8.4,7.08955223880597,196.0402985074627,19.003052970149255,72.69489473134328,0,4.866666666666666,0,FV MUMBAI EXPRESS_19,Fishing,IMO1115482,36.8,9.5,1.7,0.0
sentinel_299,285514406,6,2026-09-03 23:00:00+00:00,2026-09-03 23:17:58+00:00,16.9,18.1,17.616666666666667,308.93333333333334,19.165767666666667,72.56125283333334,0,4.833333333333333,0,MT SEA HORIZON_25,Passenger,IMO1258768,221.2,19.2,8.5,0.0
sentinel_299,368688902,26,2026-09-04 00:02:47+00:00,2026-09-04 01:21:19+00:00,11.2,13.0,12.13846153846154,31.196153846153848,19.073575961538463,72.576891,0,4.7,0,MT MUMBAI EXPRESS_99,Cargo,IMO1898516,213.1,17.8,11.2,0.0
sentinel_299,439670711,51,2026-09-04 02:21:55+00:00,2026-09-04 04:59:35+00:00,7.6,10.0,9.041176470588235,41.33137254901961,19.046102215686275,72.63898733333333,0,4.933333333333334,0,MV MUMBAI EXPRESS_14,Tanker,IMO3341057,203.1,18.7,8.5,0.0
sentinel_299,490612805,17,2026-09-03 23:14:03+00:00,2026-09-04 00:04:48+00:00,15.0,16.0,15.53529411764706,303.0764705882353,19.137831764705883,72.70706211764707,0,4.55,0,SY ARABIAN KNIGHT_48,Tanker,IMO4773549,247.2,22.2,9.9,0.0
sentinel_299,499317479,7,2026-09-03 23:00:00+00:00,2026-09-03 23:16:12+00:00,12.4,13.7,13.1,251.82857142857142,18.857319285714286,72.53762314285714,0,4.033333333333333,0,MV COASTAL PEARL_63,Cargo,IMO4547081,130.2,19.7,8.4,0.0
sentinel_299,569749767,11,2026-09-03 23:01:24+00:00,2026-09-03 23:33:21+00:00,17.8,18.8,18.263636363636365,120.5090909090909,18.85400927272727,72.58299218181818,0,4.733333333333333,0,MT MALABAR QUEEN_99,Container Ship,IMO7679508,249.9,27.1,9.8,0.0
sentinel_299,663550988,144,2026-09-04 03:56:55+00:00,2026-09-04 10:56:21+00:00,0.5,3.5,1.1590277777777778,70.22222222222223,19.14334527777778,72.58012919444444,0,4.916666666666667,34,FV MUMBAI EXPRESS_65,Fishing,IMO7614724,17.7,5.7,1.1,0.2361111111111111
sentinel_299,697169479,71,2026-09-03 23:45:24+00:00,2026-09-04 03:16:00+00:00,3.0,7.0,5.095774647887324,92.3,18.900984267605633,72.67297447887324,0,4.966666666666667,0,MT MUMBAI EXPRESS_41,Fishing,IMO1966769,36.2,5.8,3.1,0.0
sentinel_299,730915077,31,2026-09-03 23:04:52+00:00,2026-09-04 00:31:51+00:00,13.6,15.6,14.80967741935484,55.119354838709675,18.91756919354839,72.65614848387096,0,4.933333333333334,0,SY KONKAN TRADER_11,Cargo,IMO2293159,110.9,29.9,5.9,0.0
sentinel_299,790077090,45,2026-09-04 00:34:53+00:00,2026-09-04 02:59:19+00:00,6.2,9.0,7.751111111111111,288.53555555555556,18.971165822222222,72.67203915555555,0,4.966666666666667,0,SY COASTAL PEARL_51,Tanker,IMO8387790,210.9,33.7,12.3,0.0
sentinel_306,209053121,10,2026-09-03 23:00:00+00:00,2026-09-03 23:27:15+00:00,19.8,21.1,20.39,244.53000000000003,19.0812527,72.5625692,0,4.866666666666666,0,FV WESTERN STAR_38,Passenger,IMO3093190,110.1,26.5,8.2,0.0
sentinel_306,218087708,24,2026-09-03 23:00:00+00:00,2026-09-04 00:04:45+00:00,12.0,13.1,12.470833333333333,205.63333333333333,18.917163125,72.75744304166666,0,4.866666666666666,0,MT ARABIAN KNIGHT_62,Tanker,IMO8890587,204.3,33.4,13.8,0.0
sentinel_306,250916077,16,2026-09-03 23:32:37+00:00,2026-09-04 00:18:19+00:00,17.3,19.0,18.125,221.04375,19.0926428125,72.5639943125,0,4.833333333333333,0,MT MUMBAI EXPRESS_67,Passenger,IMO5553736,93.3,17.7,6.0,0.0
sentinel_306,274992570,67,2026-09-04 01:20:41+00:00,2026-09-04 04:44:33+00:00,5.7,8.4,7.094029850746269,196.03432835820894,18.997287641791043,72.69314013432836,0,4.866666666666666,0,FV MUMBAI EXPRESS_19,Fishing,IMO1115482,36.8,9.5,1.7,0.0
sentinel_306,285514406,5,2026-09-03 23:00:00+00:00,2026-09-03 23:13:08+00:00,16.9,18.1,17.580000000000002,308.88,19.159926,72.5688712,0,4.233333333333333,0,MT SEA HORIZON_25,Passenger,IMO1258768,221.2,19.2,8.5,0.0
sentinel_306,368688902,30,2026-09-03 23:54:19+00:00,2026-09-04 01:21:19+00:00,11.2,13.0,12.093333333333334,31.373333333333335,19.057040566666668,72.56590033333333,0,4.7,0,MT MUMBAI EXPRESS_99,Cargo,IMO1898516,213.1,17.8,11.2,0.0
sentinel_306,439670711,52,2026-09-04 02:13:46+00:00,2026-09-04 04:57:01+00:00,7.6,10.1,9.078846153846154,41.17115384615385,19.03706380769231,72.63069638461539,0,4.933333333333334,0,MV MUMBAI EXPRESS_14,Tanker,IMO3341057,203.1,18.7,8.5,0.0
sentinel_306,490612805,16,2026-09-03 23:14:03+00:00,2026-09-04 00:02:19+00:00,15.0,16.0,15.5375,303.26875,19.13412575,72.7131336875,0,4.55,0,SY ARABIAN KNIGHT_48,Tanker,IMO4773549,247.2,22.2,9.9,0.0
sentinel_306,499317479,9,2026-09-03 23:00:00+00:00,2026-09-03 23:20:11+00:00,12.4,13.7,13.044444444444444,251.7888888888889,18.85449733333333,72.52863355555556,0,4.033333333333333,0,MV COASTAL PEARL_63,Cargo,IMO4547081,130.2,19.7,8.4,0.0
sentinel_306,569749767,13,2026-09-03 23:00:00+00:00,2026-09-03 23:34:25+00:00,17.8,18.9,18.292307692307695,120.56153846153846,18.854309076923077,72.58241253846154,0,4.733333333333333,0,MT MALABAR QUEEN_99,Container Ship,IMO7679508,249.9,27.1,9.8,0.0
sentinel_306,663550988,148,2026-09-04 03:44:33+00:00,2026-09-04 10:56:21+00:00,0.5,4.1,1.2324324324324325,70.04391891891892,19.14245602027027,72.57777672972973,0,4.916666666666667,34,FV MUMBAI EXPRESS_65,Fishing,IMO7614724,17.7,5.7,1.1,0.22972972972972974
sentinel_306,697169479,74,2026-09-03 23:36:31+00:00,2026-09-04 03:16:00+00:00,3.0,7.0,5.16081081081081,92.22702702702703,18.901320743243243,72.66566697297297,0,4.966666666666667,0,MT MUMBAI EXPRESS_41,Fishing,IMO1966769,36.2,5.8,3.1,0.0
sentinel_306,730915077,33,2026-09-03 23:00:00+00:00,2026-09-04 00:31:51+00:00,13.6,15.6,14.812121212121212,55.21818181818182,18.911221121212122,72.64639266666667,0,4.933333333333334,0,SY KONKAN TRADER_11,Cargo,IMO2293159,110.9,29.9,5.9,0.0
sentinel_306,790077090,49,2026-09-04 00:34:53+00:00,2026-09-04 03:10:51+00:00,6.2,9.0,7.659183673469388,288.8204081632653,18.976121285714285,72.65742763265305,0,4.966666666666667,0,SY COASTAL PEARL_51,Tanker,IMO8387790,210.9,33.7,12.3,0.0
sentinel_32,209053121,9,2026-09-03 23:00:00+00:00,2026-09-03 23:23:32+00:00,19.8,21.1,20.344444444444445,244.42222222222225,19.084829,72.57050366666667,0,4.866666666666666,0,FV WESTERN STAR_38,Passenger,IMO3093190,110.1,26.5,8.2,0.0
sentinel_32,218087708,24,2026-09-03 23:00:00+00:00,2026-09-04 00:04:45+00:00,12.0,13.1,12.470833333333333,205.63333333333333,18.917163125,72.75744304166666,0,4.866666666666666,0,MT ARABIAN KNIGHT_62,Tanker,IMO8890587,204.3,33.4,13.8,0.0
sentinel_32,250916077,15,2026-09-03 23:28:15+00:00,2026-09-04 00:11:19+00:00,17.0,19.0,18.026666666666664,221.16666666666666,19.110048533333334,72.58008126666667,0,4.833333333333333,0,MT MUMBAI EXPRESS_67,Passenger,IMO5553736,93.3,17.7,6.0,0.0
sentinel_32,274992570,67,2026-09-04 01:17:37+00:00,2026-09-04 04:41:41+00:00,5.7,8.4,7.08955223880597,196.0402985074627,19.003052970149255,72.69489473134328,0,4.866666666666666,0,FV MUMBAI EXPRESS_19,Fishing,IMO1115482,36.8,9.5,1.7,0.0
sentinel_32,285514406,6,2026-09-03 23:00:00+00:00,2026-09-03 23:17:58+00:00,16.9,18.1,17.616666666666667,308.93333333333334,19.165767666666667,72.56125283333334,0,4.833333333333333,0,MT SEA HORIZON_25,Passenger,IMO1258768,221.2,19.2,8.5,0.0
sentinel_32,368688902,26,2026-09-04 00:02:47+00:00,2026-09-04 01:21:19+00:00,11.2,13.0,12.13846153846154,31.196153846153848,19.073575961538463,72.576891,0,4.7,0,MT MUMBAI EXPRESS_99,Cargo,IMO1898516,213.1,17.8,11.2,0.0
sentinel_32,439670711,51,2026-09-04 02:21:55+00:00,2026-09-04 04:59:35+00:00,7.6,10.0,9.041176470588235,41.33137254901961,19.046102215686275,72.63898733333333,0,4.933333333333334,0,MV MUMBAI EXPRESS_14,Tanker,IMO3341057,203.1,18.7,8.5,0.0
sentinel_32,490612805,17,2026-09-03 23:14:03+00:00,2026-09-04 00:04:48+00:00,15.0,16.0,15.53529411764706,303.0764705882353,19.137831764705883,72.70706211764707,0,4.55,0,SY ARABIAN KNIGHT_48,Tanker,IMO4773549,247.2,22.2,9.9,0.0
sentinel_32,499317479,7,2026-09-03 23:00:00+00:00,2026-09-03 23:16:12+00:00,12.4,13.7,13.1,251.82857142857142,18.857319285714286,72.53762314285714,0,4.033333333333333,0,MV COASTAL PEARL_63,Cargo,IMO4547081,130.2,19.7,8.4,0.0
sentinel_32,569749767,11,2026-09-03 23:01:24+00:00,2026-09-03 23:33:21+00:00,17.8,18.8,18.263636363636365,120.5090909090909,18.85400927272727,72.58299218181818,0,4.733333333333333,0,MT MALABAR QUEEN_99,Container Ship,IMO7679508,249.9,27.1,9.8,0.0
sentinel_32,663550988,144,2026-09-04 03:56:55+00:00,2026-09-04 10:56:21+00:00,0.5,3.5,1.1590277777777778,70.22222222222223,19.14334527777778,72.58012919444444,0,4.916666666666667,34,FV MUMBAI EXPRESS_65,Fishing,IMO7614724,17.7,5.7,1.1,0.2361111111111111
sentinel_32,697169479,71,2026-09-03 23:45:24+00:00,2026-09-04 03:16:00+00:00,3.0,7.0,5.095774647887324,92.3,18.900984267605633,72.67297447887324,0,4.966666666666667,0,MT MUMBAI EXPRESS_41,Fishing,IMO1966769,36.2,5.8,3.1,0.0
sentinel_32,730915077,31,2026-09-03 23:04:52+00:00,2026-09-04 00:31:51+00:00,13.6,15.6,14.80967741935484,55.119354838709675,18.91756919354839,72.65614848387096,0,4.933333333333334,0,SY KONKAN TRADER_11,Cargo,IMO2293159,110.9,29.9,5.9,0.0
sentinel_32,790077090,45,2026-09-04 00:34:53+00:00,2026-09-04 02:59:19+00:00,6.2,9.0,7.751111111111111,288.53555555555556,18.971165822222222,72.67203915555555,0,4.966666666666667,0,SY COASTAL PEARL_51,Tanker,IMO8387790,210.9,33.7,12.3,0.0
sentinel_321,209053121,9,2026-09-03 23:00:00+00:00,2026-09-03 23:23:32+00:00,19.8,21.1,20.344444444444445,244.42222222222225,19.084829,72.57050366666667,0,4.866666666666666,0,FV WESTERN STAR_38,Passenger,IMO3093190,110.1,26.5,8.2,0.0
sentinel_321,218087708,24,2026-09-03 23:00:00+00:00,2026-09-04 00:04:45+00:00,12.0,13.1,12.470833333333333,205.63333333333333,18.917163125,72.75744304166666,0,4.866666666666666,0,MT ARABIAN KNIGHT_62,Tanker,IMO8890587,204.3,33.4,13.8,0.0
sentinel_321,250916077,15,2026-09-03 23:28:15+00:00,2026-09-04 00:11:19+00:00,17.0,19.0,18.026666666666664,221.16666666666666,19.110048533333334,72.58008126666667,0,4.833333333333333,0,MT MUMBAI EXPRESS_67,Passenger,IMO5553736,93.3,17.7,6.0,0.0
sentinel_321,274992570,67,2026-09-04 01:17:37+00:00,2026-09-04 04:41:41+00:00,5.7,8.4,7.08955223880597,196.0402985074627,19.003052970149255,72.69489473134328,0,4.866666666666666,0,FV MUMBAI EXPRESS_19,Fishing,IMO1115482,36.8,9.5,1.7,0.0
sentinel_321,285514406,6,2026-09-03 23:00:00+00:00,2026-09-03 23:17:58+00:00,16.9,18.1,17.616666666666667,308.93333333333334,19.165767666666667,72.56125283333334,0,4.833333333333333,0,MT SEA HORIZON_25,Passenger,IMO1258768,221.2,19.2,8.5,0.0
sentinel_321,368688902,26,2026-09-04 00:02:47+00:00,2026-09-04 01:21:19+00:00,11.2,13.0,12.13846153846154,31.196153846153848,19.073575961538463,72.576891,0,4.7,0,MT MUMBAI EXPRESS_99,Cargo,IMO1898516,213.1,17.8,11.2,0.0
sentinel_321,439670711,51,2026-09-04 02:21:55+00:00,2026-09-04 04:59:35+00:00,7.6,10.0,9.041176470588235,41.33137254901961,19.046102215686275,72.63898733333333,0,4.933333333333334,0,MV MUMBAI EXPRESS_14,Tanker,IMO3341057,203.1,18.7,8.5,0.0
sentinel_321,490612805,17,2026-09-03 23:14:03+00:00,2026-09-04 00:04:48+00:00,15.0,16.0,15.53529411764706,303.0764705882353,19.137831764705883,72.70706211764707,0,4.55,0,SY ARABIAN KNIGHT_48,Tanker,IMO4773549,247.2,22.2,9.9,0.0
sentinel_321,499317479,7,2026-09-03 23:00:00+00:00,2026-09-03 23:16:12+00:00,12.4,13.7,13.1,251.82857142857142,18.857319285714286,72.53762314285714,0,4.033333333333333,0,MV COASTAL PEARL_63,Cargo,IMO4547081,130.2,19.7,8.4,0.0
sentinel_321,569749767,11,2026-09-03 23:01:24+00:00,2026-09-03 23:33:21+00:00,17.8,18.8,18.263636363636365,120.5090909090909,18.85400927272727,72.58299218181818,0,4.733333333333333,0,MT MALABAR QUEEN_99,Container Ship,IMO7679508,249.9,27.1,9.8,0.0
sentinel_321,663550988,144,2026-09-04 03:56:55+00:00,2026-09-04 10:56:21+00:00,0.5,3.5,1.1590277777777778,70.22222222222223,19.14334527777778,72.58012919444444,0,4.916666666666667,34,FV MUMBAI EXPRESS_65,Fishing,IMO7614724,17.7,5.7,1.1,0.2361111111111111
sentinel_321,697169479,71,2026-09-03 23:45:24+00:00,2026-09-04 03:16:00+00:00,3.0,7.0,5.095774647887324,92.3,18.900984267605633,72.67297447887324,0,4.966666666666667,0,MT MUMBAI EXPRESS_41,Fishing,IMO1966769,36.2,5.8,3.1,0.0
sentinel_321,730915077,31,2026-09-03 23:04:52+00:00,2026-09-04 00:31:51+00:00,13.6,15.6,14.80967741935484,55.119354838709675,18.91756919354839,72.65614848387096,0,4.933333333333334,0,SY KONKAN TRADER_11,Cargo,IMO2293159,110.9,29.9,5.9,0.0
sentinel_321,790077090,45,2026-09-04 00:34:53+00:00,2026-09-04 02:59:19+00:00,6.2,9.0,7.751111111111111,288.53555555555556,18.971165822222222,72.67203915555555,0,4.966666666666667,0,SY COASTAL PEARL_51,Tanker,IMO8387790,210.9,33.7,12.3,0.0
sentinel_322,209053121,11,2026-09-03 23:00:00+00:00,2026-09-03 23:28:15+00:00,19.8,21.1,20.436363636363637,244.6090909090909,19.078108363636364,72.55556954545455,0,4.866666666666666,0,FV WESTERN STAR_38,Passenger,IMO3093190,110.1,26.5,8.2,0.0
sentinel_322,218087708,24,2026-09-03 23:00:00+00:00,2026-09-04 00:04:45+00:00,12.0,13.1,12.470833333333333,205.63333333333333,18.917163125,72.75744304166666,0,4.866666666666666,0,MT ARABIAN KNIGHT_62,Tanker,IMO8890587,204.3,33.4,13.8,0.0
sentinel_322,250916077,16,2026-09-03 23:32:37+00:00,2026-09-04 00:18:19+00:00,17.3,19.0,18.125,221.04375,19.0926428125,72.5639943125,0,4.833333333333333,0,MT MUMBAI EXPRESS_67,Passenger,IMO5553736,93.3,17.7,6.0,0.0
sentinel_322,274992570,64,2026-09-04 01:24:36+00:00,2026-09-04 04:39:17+00:00,5.7,8.4,7.13125,195.9625,18.999949125,72.694057296875,0,4.866666666666666,0,FV MUMBAI EXPRESS_19,Fishing,IMO1115482,36.8,9.5,1.7,0.0
sentinel_322,285514406,5,2026-09-03 23:00:00+00:00,2026-09-03 23:13:08+00:00,16.9,18.1,17.580000000000002,308.88,19.159926,72.5688712,0,4.233333333333333,0,MT SEA HORIZON_25,Passenger,IMO1258768,221.2,19.2,8.5,0.0
sentinel_322,368688902,29,2026-09-03 23:54:19+00:00,2026-09-04 01:18:48+00:00,11.2,13.0,12.075862068965517,31.482758620689655,19.052431931034484,72.562993,0,4.7,0,MT MUMBAI EXPRESS_99,Cargo,IMO1898516,213.1,17.8,11.2,0.0
sentinel_322,439670711,53,2026-09-04 02:11:38+00:00,2026-09-04 04:57:01+00:00,7.6,10.1,9.09811320754717,41.10188679245283,19.03400203773585,72.62795188679245,0,4.933333333333334,0,MV MUMBAI EXPRESS_14,Tanker,IMO3341057,203.1,18.7,8.5,0.0
sentinel_322,490612805,16,2026-09-03 23:09:11+00:00,2026-09-03 23:58:38+00:00,15.0,16.0,15.5375,303.45625,19.126233374999998,72.7257824375,0,4.866666666666666,0,SY ARABIAN KNIGHT_48,Tanker,IMO4773549,247.2,22.2,9.9,0.0
sentinel_322,499317479,9,2026-09-03 23:00:00+00:00,2026-09-03 23:20:11+00:00,12.4,13.7,13.044444444444444,251.7888888888889,18.85449733333333,72.52863355555556,0,4.033333333333333,0,MV COASTAL PEARL_63,Cargo,IMO4547081,130.2,19.7,8.4,0.0
sentinel_322,569749767,11,2026-09-03 23:00:00+00:00,2026-09-03 23:30:46+00:00,17.8,18.8,18.21818181818182,120.39090909090909,18.861759727272727,72.5690351818182,0,4.733333333333333,0,MT MALABAR QUEEN_99,Container Ship,IMO7679508,249.9,27.1,9.8,0.0
sentinel_322,663550988,149,2026-09-04 03:39:51+00:00,2026-09-04 10:56:21+00:00,0.5,4.1,1.2476510067114095,70.00402684563758,19.14221733557047,72.57715680536913,0,4.916666666666667,34,FV MUMBAI EXPRESS_65,Fishing,IMO7614724,17.7,5.7,1.1,0.22818791946308725
sentinel_322,697169479,76,2026-09-03 23:34:28+00:00,2026-09-04 03:17:49+00:00,3.0,7.0,5.160526315789474,92.15394736842104,18.901364973684213,72.66535892105264,0,4.966666666666667,0,MT MUMBAI EXPRESS_41,Fishing,IMO1966769,36.2,5.8,3.1,0.0
sentinel_322,730915077,31,2026-09-03 23:04:52+00:00,2026-09-04 00:31:51+00:00,13.6,15.6,14.80967741935484,55.119354838709675,18.91756919354839,72.65614848387096,0,4.933333333333334,0,SY KONKAN TRADER_11,Cargo,IMO2293159,110.9,29.9,5.9,0.0
sentinel_322,790077090,50,2026-09-04 00:33:27+00:00,2026-09-04 03:10:51+00:00,6.1,9.0,7.627999999999999,288.762,18.97511448,72.66073584,0,4.966666666666667,0,SY COASTAL PEARL_51,Tanker,IMO8387790,210.9,33.7,12.3,0.0
sentinel_339,209053121,10,2026-09-03 23:00:00+00:00,2026-09-03 23:27:15+00:00,19.8,21.1,20.39,244.53000000000003,19.0812527,72.5625692,0,4.866666666666666,0,FV WESTERN STAR_38,Passenger,IMO3093190,110.1,26.5,8.2,0.0
sentinel_339,218087708,25,2026-09-03 23:00:00+00:00,2026-09-04 00:08:38+00:00,12.0,13.1,12.475999999999999,205.55599999999998,18.91279148,72.75529392,0,4.866666666666666,0,MT ARABIAN KNIGHT_62,Tanker,IMO8890587,204.3,33.4,13.8,0.0
sentinel_339,250916077,16,2026-09-03 23:32:37+00:00,2026-09-04 00:18:19+00:00,17.3,19.0,18.125,221.04375,19.0926428125,72.5639943125,0,4.833333333333333,0,MT MUMBAI EXPRESS_67,Passenger,IMO5553736,93.3,17.7,6.0,0.0
sentinel_339,274992570,66,2026-09-04 01:24:36+00:00,2026-09-04 04:44:33+00:00,5.7,8.4,7.106060606060606,196.0090909090909,18.99432015151515,72.69227418181819,0,4.866666666666666,0,FV MUMBAI EXPRESS_19,Fishing,IMO1115482,36.8,9.5,1.7,0.0
sentinel_339,285514406,5,2026-09-03 23:00:00+00:00,2026-09-03 23:13:08+00:00,16.9,18.1,17.580000000000002,308.88,19.159926,72.5688712,0,4.233333333333333,0,MT SEA HORIZON_25,Passenger,IMO1258768,221.2,19.2,8.5,0.0
sentinel_339,368688902,30,2026-09-03 23:54:19+00:00,2026-09-04 01:21:19+00:00,11.2,13.0,12.093333333333334,31.373333333333335,19.057040566666668,72.56590033333333,0,4.7,0,MT MUMBAI EXPRESS_99,Cargo,IMO1898516,213.1,17.8,11.2,0.0
sentinel_339,439670711,52,2026-09-04 02:13:46+00:00,2026-09-04 04:57:01+00:00,7.6,10.1,9.078846153846154,41.17115384615385,19.03706380769231,72.63069638461539,0,4.933333333333334,0,MV MUMBAI EXPRESS_14,Tanker,IMO3341057,203.1,18.7,8.5,0.0
sentinel_339,490612805,16,2026-09-03 23:09:11+00:00,2026-09-03 23:58:38+00:00,15.0,16.0,15.5375,303.45625,19.126233374999998,72.7257824375,0,4.866666666666666,0,SY ARABIAN KNIGHT_48,Tanker,IMO4773549,247.2,22.2,9.9,0.0
sentinel_339,499317479,9,2026-09-03 23:00:00+00:00,2026-09-03 23:20:11+00:00,12.4,13.7,13.044444444444444,251.7888888888889,18.85449733333333,72.52863355555556,0,4.033333333333333,0,MV COASTAL PEARL_63,Cargo,IMO4547081,130.2,19.7,8.4,0.0
sentinel_339,569749767,13,2026-09-03 23:00:00+00:00,2026-09-03 23:34:25+00:00,17.8,18.9,18.292307692307695,120.56153846153846,18.854309076923077,72.58241253846154,0,4.733333333333333,0,MT MALABAR QUEEN_99,Container Ship,IMO7679508,249.9,27.1,9.8,0.0
sentinel_339,663550988,148,2026-09-04 03:44:33+00:00,2026-09-04 10:56:21+00:00,0.5,4.1,1.2324324324324325,70.04391891891892,19.14245602027027,72.57777672972973,0,4.916666666666667,34,FV MUMBAI EXPRESS_65,Fishing,IMO7614724,17.7,5.7,1.1,0.22972972972972974
sentinel_339,697169479,75,2026-09-03 23:36:31+00:00,2026-09-04 03:17:49+00:00,3.0,7.0,5.141333333333334,92.18666666666667,18.901259200000002,72.66776785333333,0,4.966666666666667,0,MT MUMBAI EXPRESS_41,Fishing,IMO1966769,36.2,5.8,3.1,0.0
sentinel_339,730915077,33,2026-09-03 23:00:00+00:00,2026-09-04 00:31:51+00:00,13.6,15.6,14.812121212121212,55.21818181818182,18.911221121212122,72.64639266666667,0,4.933333333333334,0,SY KONKAN TRADER_11,Cargo,IMO2293159,110.9,29.9,5.9,0.0
sentinel_339,790077090,49,2026-09-04 00:33:27+00:00,2026-09-04 03:09:00+00:00,6.1,9.0,7.655102040816327,288.6938775510204,18.973898857142856,72.6643065510204,0,4.966666666666667,0,SY COASTAL PEARL_51,Tanker,IMO8387790,210.9,33.7,12.3,0.0
sentinel_35,209053121,10,2026-09-03 23:00:00+00:00,2026-09-03 23:27:15+00:00,19.8,21.1,20.39,244.53000000000003,19.0812527,72.5625692,0,4.866666666666666,0,FV WESTERN STAR_38,Passenger,IMO3093190,110.1,26.5,8.2,0.0
sentinel_35,218087708,24,2026-09-03 23:00:00+00:00,2026-09-04 00:04:45+00:00,12.0,13.1,12.470833333333333,205.63333333333333,18.917163125,72.75744304166666,0,4.866666666666666,0,MT ARABIAN KNIGHT_62,Tanker,IMO8890587,204.3,33.4,13.8,0.0
sentinel_35,250916077,17,2026-09-03 23:28:15+00:00,2026-09-04 00:18:19+00:00,17.0,19.0,18.058823529411764,221.08235294117648,19.09879088235294,72.56977435294118,0,4.833333333333333,0,MT MUMBAI EXPRESS_67,Passenger,IMO5553736,93.3,17.7,6.0,0.0
sentinel_35,274992570,66,2026-09-04 01:17:37+00:00,2026-09-04 04:39:17+00:00,5.7,8.4,7.1045454545454545,196.01666666666668,19.005879545454547,72.69578725757576,0,4.866666666666666,0,FV MUMBAI EXPRESS_19,Fishing,IMO1115482,36.8,9.5,1.7,0.0
sentinel_35,285514406,6,2026-09-03 23:00:00+00:00,2026-09-03 23:17:58+00:00,16.9,18.1,17.616666666666667,308.93333333333334,19.165767666666667,72.56125283333334,0,4.833333333333333,0,MT SEA HORIZON_25,Passenger,IMO1258768,221.2,19.2,8.5,0.0
sentinel_35,368688902,30,2026-09-03 23:54:19+00:00,2026-09-04 01:21:19+00:00,11.2,13.0,12.093333333333334,31.373333333333335,19.057040566666668,72.56590033333333,0,4.7,0,MT MUMBAI EXPRESS_99,Cargo,IMO1898516,213.1,17.8,11.2,0.0
sentinel_35,439670711,54,2026-09-04 02:13:46+00:00,2026-09-04 05:02:53+00:00,7.6,10.1,9.092592592592593,41.21666666666666,19.042989407407408,72.63630664814815,0,4.933333333333334,0,MV MUMBAI EXPRESS_14,Tanker,IMO3341057,203.1,18.7,8.5,0.0
sentinel_35,490612805,17,2026-09-03 23:14:03+00:00,2026-09-04 00:04:48+00:00,15.0,16.0,15.53529411764706,303.0764705882353,19.137831764705883,72.70706211764707,0,4.55,0,SY ARABIAN KNIGHT_48,Tanker,IMO4773549,247.2,22.2,9.9,0.0
sentinel_35,499317479,9,2026-09-03 23:00:00+00:00,2026-09-03 23:20:11+00:00,12.4,13.7,13.044444444444444,251.7888888888889,18.85449733333333,72.52863355555556,0,4.033333333333333,0,MV COASTAL PEARL_63,Cargo,IMO4547081,130.2,19.7,8.4,0.0
sentinel_35,569749767,11,2026-09-03 23:00:00+00:00,2026-09-03 23:30:46+00:00,17.8,18.8,18.21818181818182,120.39090909090909,18.861759727272727,72.5690351818182,0,4.733333333333333,0,MT MALABAR QUEEN_99,Container Ship,IMO7679508,249.9,27.1,9.8,0.0
sentinel_35,663550988,148,2026-09-04 03:44:33+00:00,2026-09-04 10:56:21+00:00,0.5,4.1,1.2324324324324325,70.04391891891892,19.14245602027027,72.57777672972973,0,4.916666666666667,34,FV MUMBAI EXPRESS_65,Fishing,IMO7614724,17.7,5.7,1.1,0.22972972972972974
sentinel_35,697169479,72,2026-09-03 23:36:31+00:00,2026-09-04 03:10:39+00:00,3.0,7.0,5.208333333333333,92.32777777777778,18.90145063888889,72.66136536111111,0,4.966666666666667,0,MT MUMBAI EXPRESS_41,Fishing,IMO1966769,36.2,5.8,3.1,0.0
sentinel_35,730915077,30,2026-09-03 23:04:52+00:00,2026-09-04 00:29:53+00:00,13.6,15.6,14.786666666666667,55.11333333333334,18.913967833333334,72.65074403333332,0,4.933333333333334,0,SY KONKAN TRADER_11,Cargo,IMO2293159,110.9,29.9,5.9,0.0
sentinel_35,790077090,47,2026-09-04 00:37:52+00:00,2026-09-04 03:09:00+00:00,6.2,9.0,7.71063829787234,288.8085106382979,18.97593225531915,72.65761308510638,0,4.966666666666667,0,SY COASTAL PEARL_51,Tanker,IMO8387790,210.9,33.7,12.3,0.0
sentinel_354,209053121,9,2026-09-03 23:00:00+00:00,2026-09-03 23:23:32+00:00,19.8,21.1,20.344444444444445,244.42222222222225,19.084829,72.57050366666667,0,4.866666666666666,0,FV WESTERN STAR_38,Passenger,IMO3093190,110.1,26.5,8.2,0.0
sentinel_354,218087708,24,2026-09-03 23:00:00+00:00,2026-09-04 00:04:45+00:00,12.0,13.1,12.470833333333333,205.63333333333333,18.917163125,72.75744304166666,0,4.866666666666666,0,MT ARABIAN KNIGHT_62,Tanker,IMO8890587,204.3,33.4,13.8,0.0
sentinel_354,250916077,15,2026-09-03 23:28:15+00:00,2026-09-04 00:11:19+00:00,17.0,19.0,18.026666666666664,221.16666666666666,19.110048533333334,72.58008126666667,0,4.833333333333333,0,MT MUMBAI EXPRESS_67,Passenger,IMO5553736,93.3,17.7,6.0,0.0
sentinel_354,274992570,67,2026-09-04 01:17:37+00:00,2026-09-04 04:41:41+00:00,5.7,8.4,7.08955223880597,196.0402985074627,19.003052970149255,72.69489473134328,0,4.866666666666666,0,FV MUMBAI EXPRESS_19,Fishing,IMO1115482,36.8,9.5,1.7,0.0
sentinel_354,285514406,6,2026-09-03 23:00:00+00:00,2026-09-03 23:17:58+00:00,16.9,18.1,17.616666666666667,308.93333333333334,19.165767666666667,72.56125283333334,0,4.833333333333333,0,MT SEA HORIZON_25,Passenger,IMO1258768,221.2,19.2,8.5,0.0
sentinel_354,368688902,26,2026-09-04 00:02:47+00:00,2026-09-04 01:21:19+00:00,11.2,13.0,12.13846153846154,31.196153846153848,19.073575961538463,72.576891,0,4.7,0,MT MUMBAI EXPRESS_99,Cargo,IMO1898516,213.1,17.8,11.2,0.0
sentinel_354,439670711,51,2026-09-04 02:21:55+00:00,2026-09-04 04:59:35+00:00,7.6,10.0,9.041176470588235,41.33137254901961,19.046102215686275,72.63898733333333,0,4.933333333333334,0,MV MUMBAI EXPRESS_14,Tanker,IMO3341057,203.1,18.7,8.5,0.0
sentinel_354,490612805,17,2026-09-03 23:14:03+00:00,2026-09-04 00:04:48+00:00,15.0,16.0,15.53529411764706,303.0764705882353,19.137831764705883,72.70706211764707,0,4.55,0,SY ARABIAN KNIGHT_48,Tanker,IMO4773549,247.2,22.2,9.9,0.0
sentinel_354,499317479,7,2026-09-03 23:00:00+00:00,2026-09-03 23:16:12+00:00,12.4,13.7,13.1,251.82857142857142,18.857319285714286,72.53762314285714,0,4.033333333333333,0,MV COASTAL PEARL_63,Cargo,IMO4547081,130.2,19.7,8.4,0.0
sentinel_354,569749767,11,2026-09-03 23:01:24+00:00,2026-09-03 23:33:21+00:00,17.8,18.8,18.263636363636365,120.5090909090909,18.85400927272727,72.58299218181818,0,4.733333333333333,0,MT MALABAR QUEEN_99,Container Ship,IMO7679508,249.9,27.1,9.8,0.0
sentinel_354,663550988,144,2026-09-04 03:56:55+00:00,2026-09-04 10:56:21+00:00,0.5,3.5,1.1590277777777778,70.22222222222223,19.14334527777778,72.58012919444444,0,4.916666666666667,34,FV MUMBAI EXPRESS_65,Fishing,IMO7614724,17.7,5.7,1.1,0.2361111111111111
sentinel_354,697169479,71,2026-09-03 23:45:24+00:00,2026-09-04 03:16:00+00:00,3.0,7.0,5.095774647887324,92.3,18.900984267605633,72.67297447887324,0,4.966666666666667,0,MT MUMBAI EXPRESS_41,Fishing,IMO1966769,36.2,5.8,3.1,0.0
sentinel_354,730915077,31,2026-09-03 23:04:52+00:00,2026-09-04 00:31:51+00:00,13.6,15.6,14.80967741935484,55.119354838709675,18.91756919354839,72.65614848387096,0,4.933333333333334,0,SY KONKAN TRADER_11,Cargo,IMO2293159,110.9,29.9,5.9,0.0
sentinel_354,790077090,45,2026-09-04 00:34:53+00:00,2026-09-04 02:59:19+00:00,6.2,9.0,7.751111111111111,288.53555555555556,18.971165822222222,72.67203915555555,0,4.966666666666667,0,SY COASTAL PEARL_51,Tanker,IMO8387790,210.9,33.7,12.3,0.0
sentinel_36,209053121,9,2026-09-03 23:00:00+00:00,2026-09-03 23:23:32+00:00,19.8,21.1,20.344444444444445,244.42222222222225,19.084829,72.57050366666667,0,4.866666666666666,0,FV WESTERN STAR_38,Passenger,IMO3093190,110.1,26.5,8.2,0.0
sentinel_36,218087708,24,2026-09-03 23:00:00+00:00,2026-09-04 00:04:45+00:00,12.0,13.1,12.470833333333333,205.63333333333333,18.917163125,72.75744304166666,0,4.866666666666666,0,MT ARABIAN KNIGHT_62,Tanker,IMO8890587,204.3,33.4,13.8,0.0
sentinel_36,250916077,15,2026-09-03 23:28:15+00:00,2026-09-04 00:11:19+00:00,17.0,19.0,18.026666666666664,221.16666666666666,19.110048533333334,72.58008126666667,0,4.833333333333333,0,MT MUMBAI EXPRESS_67,Passenger,IMO5553736,93.3,17.7,6.0,0.0
sentinel_36,274992570,67,2026-09-04 01:17:37+00:00,2026-09-04 04:41:41+00:00,5.7,8.4,7.08955223880597,196.0402985074627,19.003052970149255,72.69489473134328,0,4.866666666666666,0,FV MUMBAI EXPRESS_19,Fishing,IMO1115482,36.8,9.5,1.7,0.0
sentinel_36,285514406,6,2026-09-03 23:00:00+00:00,2026-09-03 23:17:58+00:00,16.9,18.1,17.616666666666667,308.93333333333334,19.165767666666667,72.56125283333334,0,4.833333333333333,0,MT SEA HORIZON_25,Passenger,IMO1258768,221.2,19.2,8.5,0.0
sentinel_36,368688902,26,2026-09-04 00:02:47+00:00,2026-09-04 01:21:19+00:00,11.2,13.0,12.13846153846154,31.196153846153848,19.073575961538463,72.576891,0,4.7,0,MT MUMBAI EXPRESS_99,Cargo,IMO1898516,213.1,17.8,11.2,0.0
sentinel_36,439670711,51,2026-09-04 02:21:55+00:00,2026-09-04 04:59:35+00:00,7.6,10.0,9.041176470588235,41.33137254901961,19.046102215686275,72.63898733333333,0,4.933333333333334,0,MV MUMBAI EXPRESS_14,Tanker,IMO3341057,203.1,18.7,8.5,0.0
sentinel_36,490612805,17,2026-09-03 23:14:03+00:00,2026-09-04 00:04:48+00:00,15.0,16.0,15.53529411764706,303.0764705882353,19.137831764705883,72.70706211764707,0,4.55,0,SY ARABIAN KNIGHT_48,Tanker,IMO4773549,247.2,22.2,9.9,0.0
sentinel_36,499317479,7,2026-09-03 23:00:00+00:00,2026-09-03 23:16:12+00:00,12.4,13.7,13.1,251.82857142857142,18.857319285714286,72.53762314285714,0,4.033333333333333,0,MV COASTAL PEARL_63,Cargo,IMO4547081,130.2,19.7,8.4,0.0
sentinel_36,569749767,11,2026-09-03 23:01:24+00:00,2026-09-03 23:33:21+00:00,17.8,18.8,18.263636363636365,120.5090909090909,18.85400927272727,72.58299218181818,0,4.733333333333333,0,MT MALABAR QUEEN_99,Container Ship,IMO7679508,249.9,27.1,9.8,0.0
sentinel_36,663550988,144,2026-09-04 03:56:55+00:00,2026-09-04 10:56:21+00:00,0.5,3.5,1.1590277777777778,70.22222222222223,19.14334527777778,72.58012919444444,0,4.916666666666667,34,FV MUMBAI EXPRESS_65,Fishing,IMO7614724,17.7,5.7,1.1,0.2361111111111111
sentinel_36,697169479,71,2026-09-03 23:45:24+00:00,2026-09-04 03:16:00+00:00,3.0,7.0,5.095774647887324,92.3,18.900984267605633,72.67297447887324,0,4.966666666666667,0,MT MUMBAI EXPRESS_41,Fishing,IMO1966769,36.2,5.8,3.1,0.0
sentinel_36,730915077,31,2026-09-03 23:04:52+00:00,2026-09-04 00:31:51+00:00,13.6,15.6,14.80967741935484,55.119354838709675,18.91756919354839,72.65614848387096,0,4.933333333333334,0,SY KONKAN TRADER_11,Cargo,IMO2293159,110.9,29.9,5.9,0.0
sentinel_36,790077090,45,2026-09-04 00:34:53+00:00,2026-09-04 02:59:19+00:00,6.2,9.0,7.751111111111111,288.53555555555556,18.971165822222222,72.67203915555555,0,4.966666666666667,0,SY COASTAL PEARL_51,Tanker,IMO8387790,210.9,33.7,12.3,0.0
sentinel_365,209053121,9,2026-09-03 23:00:00+00:00,2026-09-03 23:23:32+00:00,19.8,21.1,20.344444444444445,244.42222222222225,19.084829,72.57050366666667,0,4.866666666666666,0,FV WESTERN STAR_38,Passenger,IMO3093190,110.1,26.5,8.2,0.0
sentinel_365,218087708,24,2026-09-03 23:00:00+00:00,2026-09-04 00:04:45+00:00,12.0,13.1,12.470833333333333,205.63333333333333,18.917163125,72.75744304166666,0,4.866666666666666,0,MT ARABIAN KNIGHT_62,Tanker,IMO8890587,204.3,33.4,13.8,0.0
sentinel_365,250916077,15,2026-09-03 23:28:15+00:00,2026-09-04 00:11:19+00:00,17.0,19.0,18.026666666666664,221.16666666666666,19.110048533333334,72.58008126666667,0,4.833333333333333,0,MT MUMBAI EXPRESS_67,Passenger,IMO5553736,93.3,17.7,6.0,0.0
sentinel_365,274992570,67,2026-09-04 01:17:37+00:00,2026-09-04 04:41:41+00:00,5.7,8.4,7.08955223880597,196.0402985074627,19.003052970149255,72.69489473134328,0,4.866666666666666,0,FV MUMBAI EXPRESS_19,Fishing,IMO1115482,36.8,9.5,1.7,0.0
sentinel_365,285514406,6,2026-09-03 23:00:00+00:00,2026-09-03 23:17:58+00:00,16.9,18.1,17.616666666666667,308.93333333333334,19.165767666666667,72.56125283333334,0,4.833333333333333,0,MT SEA HORIZON_25,Passenger,IMO1258768,221.2,19.2,8.5,0.0
sentinel_365,368688902,26,2026-09-04 00:02:47+00:00,2026-09-04 01:21:19+00:00,11.2,13.0,12.13846153846154,31.196153846153848,19.073575961538463,72.576891,0,4.7,0,MT MUMBAI EXPRESS_99,Cargo,IMO1898516,213.1,17.8,11.2,0.0
sentinel_365,439670711,51,2026-09-04 02:21:55+00:00,2026-09-04 04:59:35+00:00,7.6,10.0,9.041176470588235,41.33137254901961,19.046102215686275,72.63898733333333,0,4.933333333333334,0,MV MUMBAI EXPRESS_14,Tanker,IMO3341057,203.1,18.7,8.5,0.0
sentinel_365,490612805,17,2026-09-03 23:14:03+00:00,2026-09-04 00:04:48+00:00,15.0,16.0,15.53529411764706,303.0764705882353,19.137831764705883,72.70706211764707,0,4.55,0,SY ARABIAN KNIGHT_48,Tanker,IMO4773549,247.2,22.2,9.9,0.0
sentinel_365,499317479,7,2026-09-03 23:00:00+00:00,2026-09-03 23:16:12+00:00,12.4,13.7,13.1,251.82857142857142,18.857319285714286,72.53762314285714,0,4.033333333333333,0,MV COASTAL PEARL_63,Cargo,IMO4547081,130.2,19.7,8.4,0.0
sentinel_365,569749767,11,2026-09-03 23:01:24+00:00,2026-09-03 23:33:21+00:00,17.8,18.8,18.263636363636365,120.5090909090909,18.85400927272727,72.58299218181818,0,4.733333333333333,0,MT MALABAR QUEEN_99,Container Ship,IMO7679508,249.9,27.1,9.8,0.0
sentinel_365,663550988,144,2026-09-04 03:56:55+00:00,2026-09-04 10:56:21+00:00,0.5,3.5,1.1590277777777778,70.22222222222223,19.14334527777778,72.58012919444444,0,4.916666666666667,34,FV MUMBAI EXPRESS_65,Fishing,IMO7614724,17.7,5.7,1.1,0.2361111111111111
sentinel_365,697169479,71,2026-09-03 23:45:24+00:00,2026-09-04 03:16:00+00:00,3.0,7.0,5.095774647887324,92.3,18.900984267605633,72.67297447887324,0,4.966666666666667,0,MT MUMBAI EXPRESS_41,Fishing,IMO1966769,36.2,5.8,3.1,0.0
sentinel_365,730915077,31,2026-09-03 23:04:52+00:00,2026-09-04 00:31:51+00:00,13.6,15.6,14.80967741935484,55.119354838709675,18.91756919354839,72.65614848387096,0,4.933333333333334,0,SY KONKAN TRADER_11,Cargo,IMO2293159,110.9,29.9,5.9,0.0
sentinel_365,790077090,45,2026-09-04 00:34:53+00:00,2026-09-04 02:59:19+00:00,6.2,9.0,7.751111111111111,288.53555555555556,18.971165822222222,72.67203915555555,0,4.966666666666667,0,SY COASTAL PEARL_51,Tanker,IMO8387790,210.9,33.7,12.3,0.0
sentinel_367,209053121,9,2026-09-03 23:00:00+00:00,2026-09-03 23:23:32+00:00,19.8,21.1,20.344444444444445,244.42222222222225,19.084829,72.57050366666667,0,4.866666666666666,0,FV WESTERN STAR_38,Passenger,IMO3093190,110.1,26.5,8.2,0.0
sentinel_367,218087708,24,2026-09-03 23:00:00+00:00,2026-09-04 00:04:45+00:00,12.0,13.1,12.470833333333333,205.63333333333333,18.917163125,72.75744304166666,0,4.866666666666666,0,MT ARABIAN KNIGHT_62,Tanker,IMO8890587,204.3,33.4,13.8,0.0
sentinel_367,250916077,15,2026-09-03 23:28:15+00:00,2026-09-04 00:11:19+00:00,17.0,19.0,18.026666666666664,221.16666666666666,19.110048533333334,72.58008126666667,0,4.833333333333333,0,MT MUMBAI EXPRESS_67,Passenger,IMO5553736,93.3,17.7,6.0,0.0
sentinel_367,274992570,67,2026-09-04 01:17:37+00:00,2026-09-04 04:41:41+00:00,5.7,8.4,7.08955223880597,196.0402985074627,19.003052970149255,72.69489473134328,0,4.866666666666666,0,FV MUMBAI EXPRESS_19,Fishing,IMO1115482,36.8,9.5,1.7,0.0
sentinel_367,285514406,6,2026-09-03 23:00:00+00:00,2026-09-03 23:17:58+00:00,16.9,18.1,17.616666666666667,308.93333333333334,19.165767666666667,72.56125283333334,0,4.833333333333333,0,MT SEA HORIZON_25,Passenger,IMO1258768,221.2,19.2,8.5,0.0
sentinel_367,368688902,26,2026-09-04 00:02:47+00:00,2026-09-04 01:21:19+00:00,11.2,13.0,12.13846153846154,31.196153846153848,19.073575961538463,72.576891,0,4.7,0,MT MUMBAI EXPRESS_99,Cargo,IMO1898516,213.1,17.8,11.2,0.0
sentinel_367,439670711,51,2026-09-04 02:21:55+00:00,2026-09-04 04:59:35+00:00,7.6,10.0,9.041176470588235,41.33137254901961,19.046102215686275,72.63898733333333,0,4.933333333333334,0,MV MUMBAI EXPRESS_14,Tanker,IMO3341057,203.1,18.7,8.5,0.0
sentinel_367,490612805,17,2026-09-03 23:14:03+00:00,2026-09-04 00:04:48+00:00,15.0,16.0,15.53529411764706,303.0764705882353,19.137831764705883,72.70706211764707,0,4.55,0,SY ARABIAN KNIGHT_48,Tanker,IMO4773549,247.2,22.2,9.9,0.0
sentinel_367,499317479,7,2026-09-03 23:00:00+00:00,2026-09-03 23:16:12+00:00,12.4,13.7,13.1,251.82857142857142,18.857319285714286,72.53762314285714,0,4.033333333333333,0,MV COASTAL PEARL_63,Cargo,IMO4547081,130.2,19.7,8.4,0.0
sentinel_367,569749767,11,2026-09-03 23:01:24+00:00,2026-09-03 23:33:21+00:00,17.8,18.8,18.263636363636365,120.5090909090909,18.85400927272727,72.58299218181818,0,4.733333333333333,0,MT MALABAR QUEEN_99,Container Ship,IMO7679508,249.9,27.1,9.8,0.0
sentinel_367,663550988,144,2026-09-04 03:56:55+00:00,2026-09-04 10:56:21+00:00,0.5,3.5,1.1590277777777778,70.22222222222223,19.14334527777778,72.58012919444444,0,4.916666666666667,34,FV MUMBAI EXPRESS_65,Fishing,IMO7614724,17.7,5.7,1.1,0.2361111111111111
sentinel_367,697169479,71,2026-09-03 23:45:24+00:00,2026-09-04 03:16:00+00:00,3.0,7.0,5.095774647887324,92.3,18.900984267605633,72.67297447887324,0,4.966666666666667,0,MT MUMBAI EXPRESS_41,Fishing,IMO1966769,36.2,5.8,3.1,0.0
sentinel_367,730915077,31,2026-09-03 23:04:52+00:00,2026-09-04 00:31:51+00:00,13.6,15.6,14.80967741935484,55.119354838709675,18.91756919354839,72.65614848387096,0,4.933333333333334,0,SY KONKAN TRADER_11,Cargo,IMO2293159,110.9,29.9,5.9,0.0
sentinel_367,790077090,45,2026-09-04 00:34:53+00:00,2026-09-04 02:59:19+00:00,6.2,9.0,7.751111111111111,288.53555555555556,18.971165822222222,72.67203915555555,0,4.966666666666667,0,SY COASTAL PEARL_51,Tanker,IMO8387790,210.9,33.7,12.3,0.0
sentinel_374,209053121,9,2026-09-03 23:00:00+00:00,2026-09-03 23:23:32+00:00,19.8,21.1,20.344444444444445,244.42222222222225,19.084829,72.57050366666667,0,4.866666666666666,0,FV WESTERN STAR_38,Passenger,IMO3093190,110.1,26.5,8.2,0.0
sentinel_374,218087708,24,2026-09-03 23:00:00+00:00,2026-09-04 00:04:45+00:00,12.0,13.1,12.470833333333333,205.63333333333333,18.917163125,72.75744304166666,0,4.866666666666666,0,MT ARABIAN KNIGHT_62,Tanker,IMO8890587,204.3,33.4,13.8,0.0
sentinel_374,250916077,15,2026-09-03 23:28:15+00:00,2026-09-04 00:11:19+00:00,17.0,19.0,18.026666666666664,221.16666666666666,19.110048533333334,72.58008126666667,0,4.833333333333333,0,MT MUMBAI EXPRESS_67,Passenger,IMO5553736,93.3,17.7,6.0,0.0
sentinel_374,274992570,67,2026-09-04 01:17:37+00:00,2026-09-04 04:41:41+00:00,5.7,8.4,7.08955223880597,196.0402985074627,19.003052970149255,72.69489473134328,0,4.866666666666666,0,FV MUMBAI EXPRESS_19,Fishing,IMO1115482,36.8,9.5,1.7,0.0
sentinel_374,285514406,6,2026-09-03 23:00:00+00:00,2026-09-03 23:17:58+00:00,16.9,18.1,17.616666666666667,308.93333333333334,19.165767666666667,72.56125283333334,0,4.833333333333333,0,MT SEA HORIZON_25,Passenger,IMO1258768,221.2,19.2,8.5,0.0
sentinel_374,368688902,26,2026-09-04 00:02:47+00:00,2026-09-04 01:21:19+00:00,11.2,13.0,12.13846153846154,31.196153846153848,19.073575961538463,72.576891,0,4.7,0,MT MUMBAI EXPRESS_99,Cargo,IMO1898516,213.1,17.8,11.2,0.0
sentinel_374,439670711,51,2026-09-04 02:21:55+00:00,2026-09-04 04:59:35+00:00,7.6,10.0,9.041176470588235,41.33137254901961,19.046102215686275,72.63898733333333,0,4.933333333333334,0,MV MUMBAI EXPRESS_14,Tanker,IMO3341057,203.1,18.7,8.5,0.0
sentinel_374,490612805,17,2026-09-03 23:14:03+00:00,2026-09-04 00:04:48+00:00,15.0,16.0,15.53529411764706,303.0764705882353,19.137831764705883,72.70706211764707,0,4.55,0,SY ARABIAN KNIGHT_48,Tanker,IMO4773549,247.2,22.2,9.9,0.0
sentinel_374,499317479,7,2026-09-03 23:00:00+00:00,2026-09-03 23:16:12+00:00,12.4,13.7,13.1,251.82857142857142,18.857319285714286,72.53762314285714,0,4.033333333333333,0,MV COASTAL PEARL_63,Cargo,IMO4547081,130.2,19.7,8.4,0.0
sentinel_374,569749767,11,2026-09-03 23:01:24+00:00,2026-09-03 23:33:21+00:00,17.8,18.8,18.263636363636365,120.5090909090909,18.85400927272727,72.58299218181818,0,4.733333333333333,0,MT MALABAR QUEEN_99,Container Ship,IMO7679508,249.9,27.1,9.8,0.0
sentinel_374,663550988,144,2026-09-04 03:56:55+00:00,2026-09-04 10:56:21+00:00,0.5,3.5,1.1590277777777778,70.22222222222223,19.14334527777778,72.58012919444444,0,4.916666666666667,34,FV MUMBAI EXPRESS_65,Fishing,IMO7614724,17.7,5.7,1.1,0.2361111111111111
sentinel_374,697169479,71,2026-09-03 23:45:24+00:00,2026-09-04 03:16:00+00:00,3.0,7.0,5.095774647887324,92.3,18.900984267605633,72.67297447887324,0,4.966666666666667,0,MT MUMBAI EXPRESS_41,Fishing,IMO1966769,36.2,5.8,3.1,0.0
sentinel_374,730915077,31,2026-09-03 23:04:52+00:00,2026-09-04 00:31:51+00:00,13.6,15.6,14.80967741935484,55.119354838709675,18.91756919354839,72.65614848387096,0,4.933333333333334,0,SY KONKAN TRADER_11,Cargo,IMO2293159,110.9,29.9,5.9,0.0
sentinel_374,790077090,45,2026-09-04 00:34:53+00:00,2026-09-04 02:59:19+00:00,6.2,9.0,7.751111111111111,288.53555555555556,18.971165822222222,72.67203915555555,0,4.966666666666667,0,SY COASTAL PEARL_51,Tanker,IMO8387790,210.9,33.7,12.3,0.0
sentinel_404,209053121,9,2026-09-03 23:00:00+00:00,2026-09-03 23:23:32+00:00,19.8,21.1,20.344444444444445,244.42222222222225,19.084829,72.57050366666667,0,4.866666666666666,0,FV WESTERN STAR_38,Passenger,IMO3093190,110.1,26.5,8.2,0.0
sentinel_404,218087708,24,2026-09-03 23:00:00+00:00,2026-09-04 00:04:45+00:00,12.0,13.1,12.470833333333333,205.63333333333333,18.917163125,72.75744304166666,0,4.866666666666666,0,MT ARABIAN KNIGHT_62,Tanker,IMO8890587,204.3,33.4,13.8,0.0
sentinel_404,250916077,15,2026-09-03 23:28:15+00:00,2026-09-04 00:11:19+00:00,17.0,19.0,18.026666666666664,221.16666666666666,19.110048533333334,72.58008126666667,0,4.833333333333333,0,MT MUMBAI EXPRESS_67,Passenger,IMO5553736,93.3,17.7,6.0,0.0
sentinel_404,274992570,67,2026-09-04 01:17:37+00:00,2026-09-04 04:41:41+00:00,5.7,8.4,7.08955223880597,196.0402985074627,19.003052970149255,72.69489473134328,0,4.866666666666666,0,FV MUMBAI EXPRESS_19,Fishing,IMO1115482,36.8,9.5,1.7,0.0
sentinel_404,285514406,6,2026-09-03 23:00:00+00:00,2026-09-03 23:17:58+00:00,16.9,18.1,17.616666666666667,308.93333333333334,19.165767666666667,72.56125283333334,0,4.833333333333333,0,MT SEA HORIZON_25,Passenger,IMO1258768,221.2,19.2,8.5,0.0
sentinel_404,368688902,26,2026-09-04 00:02:47+00:00,2026-09-04 01:21:19+00:00,11.2,13.0,12.13846153846154,31.196153846153848,19.073575961538463,72.576891,0,4.7,0,MT MUMBAI EXPRESS_99,Cargo,IMO1898516,213.1,17.8,11.2,0.0
sentinel_404,439670711,51,2026-09-04 02:21:55+00:00,2026-09-04 04:59:35+00:00,7.6,10.0,9.041176470588235,41.33137254901961,19.046102215686275,72.63898733333333,0,4.933333333333334,0,MV MUMBAI EXPRESS_14,Tanker,IMO3341057,203.1,18.7,8.5,0.0
sentinel_404,490612805,17,2026-09-03 23:14:03+00:00,2026-09-04 00:04:48+00:00,15.0,16.0,15.53529411764706,303.0764705882353,19.137831764705883,72.70706211764707,0,4.55,0,SY ARABIAN KNIGHT_48,Tanker,IMO4773549,247.2,22.2,9.9,0.0
sentinel_404,499317479,7,2026-09-03 23:00:00+00:00,2026-09-03 23:16:12+00:00,12.4,13.7,13.1,251.82857142857142,18.857319285714286,72.53762314285714,0,4.033333333333333,0,MV COASTAL PEARL_63,Cargo,IMO4547081,130.2,19.7,8.4,0.0
sentinel_404,569749767,11,2026-09-03 23:01:24+00:00,2026-09-03 23:33:21+00:00,17.8,18.8,18.263636363636365,120.5090909090909,18.85400927272727,72.58299218181818,0,4.733333333333333,0,MT MALABAR QUEEN_99,Container Ship,IMO7679508,249.9,27.1,9.8,0.0
sentinel_404,663550988,144,2026-09-04 03:56:55+00:00,2026-09-04 10:56:21+00:00,0.5,3.5,1.1590277777777778,70.22222222222223,19.14334527777778,72.58012919444444,0,4.916666666666667,34,FV MUMBAI EXPRESS_65,Fishing,IMO7614724,17.7,5.7,1.1,0.2361111111111111
sentinel_404,697169479,71,2026-09-03 23:45:24+00:00,2026-09-04 03:16:00+00:00,3.0,7.0,5.095774647887324,92.3,18.900984267605633,72.67297447887324,0,4.966666666666667,0,MT MUMBAI EXPRESS_41,Fishing,IMO1966769,36.2,5.8,3.1,0.0
sentinel_404,730915077,31,2026-09-03 23:04:52+00:00,2026-09-04 00:31:51+00:00,13.6,15.6,14.80967741935484,55.119354838709675,18.91756919354839,72.65614848387096,0,4.933333333333334,0,SY KONKAN TRADER_11,Cargo,IMO2293159,110.9,29.9,5.9,0.0
sentinel_404,790077090,45,2026-09-04 00:34:53+00:00,2026-09-04 02:59:19+00:00,6.2,9.0,7.751111111111111,288.53555555555556,18.971165822222222,72.67203915555555,0,4.966666666666667,0,SY COASTAL PEARL_51,Tanker,IMO8387790,210.9,33.7,12.3,0.0
sentinel_418,209053121,9,2026-09-03 23:00:00+00:00,2026-09-03 23:23:32+00:00,19.8,21.1,20.344444444444445,244.42222222222225,19.084829,72.57050366666667,0,4.866666666666666,0,FV WESTERN STAR_38,Passenger,IMO3093190,110.1,26.5,8.2,0.0
sentinel_418,218087708,24,2026-09-03 23:00:00+00:00,2026-09-04 00:04:45+00:00,12.0,13.1,12.470833333333333,205.63333333333333,18.917163125,72.75744304166666,0,4.866666666666666,0,MT ARABIAN KNIGHT_62,Tanker,IMO8890587,204.3,33.4,13.8,0.0
sentinel_418,250916077,15,2026-09-03 23:28:15+00:00,2026-09-04 00:11:19+00:00,17.0,19.0,18.026666666666664,221.16666666666666,19.110048533333334,72.58008126666667,0,4.833333333333333,0,MT MUMBAI EXPRESS_67,Passenger,IMO5553736,93.3,17.7,6.0,0.0
sentinel_418,274992570,67,2026-09-04 01:17:37+00:00,2026-09-04 04:41:41+00:00,5.7,8.4,7.08955223880597,196.0402985074627,19.003052970149255,72.69489473134328,0,4.866666666666666,0,FV MUMBAI EXPRESS_19,Fishing,IMO1115482,36.8,9.5,1.7,0.0
sentinel_418,285514406,6,2026-09-03 23:00:00+00:00,2026-09-03 23:17:58+00:00,16.9,18.1,17.616666666666667,308.93333333333334,19.165767666666667,72.56125283333334,0,4.833333333333333,0,MT SEA HORIZON_25,Passenger,IMO1258768,221.2,19.2,8.5,0.0
sentinel_418,368688902,26,2026-09-04 00:02:47+00:00,2026-09-04 01:21:19+00:00,11.2,13.0,12.13846153846154,31.196153846153848,19.073575961538463,72.576891,0,4.7,0,MT MUMBAI EXPRESS_99,Cargo,IMO1898516,213.1,17.8,11.2,0.0
sentinel_418,439670711,51,2026-09-04 02:21:55+00:00,2026-09-04 04:59:35+00:00,7.6,10.0,9.041176470588235,41.33137254901961,19.046102215686275,72.63898733333333,0,4.933333333333334,0,MV MUMBAI EXPRESS_14,Tanker,IMO3341057,203.1,18.7,8.5,0.0
sentinel_418,490612805,17,2026-09-03 23:14:03+00:00,2026-09-04 00:04:48+00:00,15.0,16.0,15.53529411764706,303.0764705882353,19.137831764705883,72.70706211764707,0,4.55,0,SY ARABIAN KNIGHT_48,Tanker,IMO4773549,247.2,22.2,9.9,0.0
sentinel_418,499317479,8,2026-09-03 23:00:00+00:00,2026-09-03 23:17:25+00:00,12.4,13.7,13.075,251.8125,18.85592575,72.533184125,0,4.033333333333333,0,MV COASTAL PEARL_63,Cargo,IMO4547081,130.2,19.7,8.4,0.0
sentinel_418,569749767,11,2026-09-03 23:01:24+00:00,2026-09-03 23:33:21+00:00,17.8,18.8,18.263636363636365,120.5090909090909,18.85400927272727,72.58299218181818,0,4.733333333333333,0,MT MALABAR QUEEN_99,Container Ship,IMO7679508,249.9,27.1,9.8,0.0
sentinel_418,663550988,144,2026-09-04 03:56:55+00:00,2026-09-04 10:56:21+00:00,0.5,3.5,1.1590277777777778,70.22222222222223,19.14334527777778,72.58012919444444,0,4.916666666666667,34,FV MUMBAI EXPRESS_65,Fishing,IMO7614724,17.7,5.7,1.1,0.2361111111111111
sentinel_418,697169479,70,2026-09-03 23:45:24+00:00,2026-09-04 03:14:13+00:00,3.0,7.0,5.12,92.35142857142857,18.90104594285714,72.6708536,0,4.966666666666667,0,MT MUMBAI EXPRESS_41,Fishing,IMO1966769,36.2,5.8,3.1,0.0
sentinel_418,730915077,31,2026-09-03 23:04:52+00:00,2026-09-04 00:31:51+00:00,13.6,15.6,14.80967741935484,55.119354838709675,18.91756919354839,72.65614848387096,0,4.933333333333334,0,SY KONKAN TRADER_11,Cargo,IMO2293159,110.9,29.9,5.9,0.0
sentinel_418,790077090,45,2026-09-04 00:34:53+00:00,2026-09-04 02:59:19+00:00,6.2,9.0,7.751111111111111,288.53555555555556,18.971165822222222,72.67203915555555,0,4.966666666666667,0,SY COASTAL PEARL_51,Tanker,IMO8387790,210.9,33.7,12.3,0.0
sentinel_422,209053121,11,2026-09-03 23:00:00+00:00,2026-09-03 23:28:15+00:00,19.8,21.1,20.436363636363637,244.6090909090909,19.078108363636364,72.55556954545455,0,4.866666666666666,0,FV WESTERN STAR_38,Passenger,IMO3093190,110.1,26.5,8.2,0.0
sentinel_422,218087708,24,2026-09-03 23:00:00+00:00,2026-09-04 00:04:45+00:00,12.0,13.1,12.470833333333333,205.63333333333333,18.917163125,72.75744304166666,0,4.866666666666666,0,MT ARABIAN KNIGHT_62,Tanker,IMO8890587,204.3,33.4,13.8,0.0
sentinel_422,250916077,17,2026-09-03 23:32:37+00:00,2026-09-04 00:20:15+00:00,17.3,19.0,18.147058823529413,221.01764705882354,19.087329235294117,72.55914711764706,0,4.833333333333333,0,MT MUMBAI EXPRESS_67,Passenger,IMO5553736,93.3,17.7,6.0,0.0
sentinel_422,274992570,67,2026-09-04 01:20:41+00:00,2026-09-04 04:44:33+00:00,5.7,8.4,7.094029850746269,196.03432835820894,18.997287641791043,72.69314013432836,0,4.866666666666666,0,FV MUMBAI EXPRESS_19,Fishing,IMO1115482,36.8,9.5,1.7,0.0
sentinel_422,285514406,5,2026-09-03 23:00:00+00:00,2026-09-03 23:13:08+00:00,16.9,18.1,17.580000000000002,308.88,19.159926,72.5688712,0,4.233333333333333,0,MT SEA HORIZON_25,Passenger,IMO1258768,221.2,19.2,8.5,0.0
sentinel_422,368688902,31,2026-09-03 23:49:59+00:00,2026-09-04 01:21:19+00:00,11.2,13.0,12.067741935483872,31.432258064516127,19.052952516129032,72.56317038709678,0,4.7,0,MT MUMBAI EXPRESS_99,Cargo,IMO1898516,213.1,17.8,11.2,0.0
sentinel_422,439670711,55,2026-09-04 02:10:06+00:00,2026-09-04 04:59:35+00:00,7.6,10.5,9.125454545454545,41.06545454545454,19.033951272727275,72.62805392727273,0,4.933333333333334,0,MV MUMBAI EXPRESS_14,Tanker,IMO3341057,203.1,18.7,8.5,0.0
sentinel_422,490612805,17,2026-09-03 23:09:11+00:00,2026-09-04 00:02:19+00:00,15.0,16.0,15.564705882352943,303.31176470588235,19.130071470588234,72.71955335294118,0,4.866666666666666,0,SY ARABIAN KNIGHT_48,Tanker,IMO4773549,247.2,22.2,9.9,0.0
sentinel_422,499317479,10,2026-09-03 23:00:00+00:00,2026-09-03 23:23:38+00:00,12.4,13.7,13.040000000000001,251.70999999999998,18.852968999999998,72.5237702,0,4.033333333333333,0,MV COASTAL PEARL_63,Cargo,IMO4547081,130.2,19.7,8.4,0.0
sentinel_422,569749767,13,2026-09-03 23:00:00+00:00,2026-09-03 23:34:25+00:00,17.8,18.9,18.292307692307695,120.56153846153846,18.854309076923077,72.58241253846154,0,4.733333333333333,0,MT MALABAR QUEEN_99,Container Ship,IMO7679508,249.9,27.1,9.8,0.0
sentinel_422,663550988,151,2026-09-04 03:36:20+00:00,2026-09-04 10:56:21+00:00,0.5,4.1,1.2748344370860927,69.9158940397351,19.141733900662253,72.57590871523179,0,4.916666666666667,34,FV MUMBAI EXPRESS_65,Fishing,IMO7614724,17.7,5.7,1.1,0.2251655629139073
sentinel_422,697169479,77,2026-09-03 23:31:49+00:00,2026-09-04 03:17:49+00:00,3.0,7.0,5.183116883116884,92.12077922077923,18.90146755844156,72.66294253246754,0,4.966666666666667,0,MT MUMBAI EXPRESS_41,Fishing,IMO1966769,36.2,5.8,3.1,0.0
sentinel_422,730915077,33,2026-09-03 23:00:00+00:00,2026-09-04 00:31:51+00:00,13.6,15.6,14.812121212121212,55.21818181818182,18.911221121212122,72.64639266666667,0,4.933333333333334,0,SY KONKAN TRADER_11,Cargo,IMO2293159,110.9,29.9,5.9,0.0
sentinel_422,790077090,51,2026-09-04 00:33:27+00:00,2026-09-04 03:12:35+00:00,5.8,9.0,7.592156862745098,288.8156862745098,18.976304941176473,72.65724664705881,0,4.966666666666667,0,SY COASTAL PEARL_51,Tanker,IMO8387790,210.9,33.7,12.3,0.0
sentinel_440,209053121,9,2026-09-03 23:00:00+00:00,2026-09-03 23:23:32+00:00,19.8,21.1,20.344444444444445,244.42222222222225,19.084829,72.57050366666667,0,4.866666666666666,0,FV WESTERN STAR_38,Passenger,IMO3093190,110.1,26.5,8.2,0.0
sentinel_440,218087708,24,2026-09-03 23:00:00+00:00,2026-09-04 00:04:45+00:00,12.0,13.1,12.470833333333333,205.63333333333333,18.917163125,72.75744304166666,0,4.866666666666666,0,MT ARABIAN KNIGHT_62,Tanker,IMO8890587,204.3,33.4,13.8,0.0
sentinel_440,250916077,15,2026-09-03 23:28:15+00:00,2026-09-04 00:11:19+00:00,17.0,19.0,18.026666666666664,221.16666666666666,19.110048533333334,72.58008126666667,0,4.833333333333333,0,MT MUMBAI EXPRESS_67,Passenger,IMO5553736,93.3,17.7,6.0,0.0
sentinel_440,274992570,67,2026-09-04 01:17:37+00:00,2026-09-04 04:41:41+00:00,5.7,8.4,7.08955223880597,196.0402985074627,19.003052970149255,72.69489473134328,0,4.866666666666666,0,FV MUMBAI EXPRESS_19,Fishing,IMO1115482,36.8,9.5,1.7,0.0
sentinel_440,285514406,6,2026-09-03 23:00:00+00:00,2026-09-03 23:17:58+00:00,16.9,18.1,17.616666666666667,308.93333333333334,19.165767666666667,72.56125283333334,0,4.833333333333333,0,MT SEA HORIZON_25,Passenger,IMO1258768,221.2,19.2,8.5,0.0
sentinel_440,368688902,26,2026-09-04 00:02:47+00:00,2026-09-04 01:21:19+00:00,11.2,13.0,12.13846153846154,31.196153846153848,19.073575961538463,72.576891,0,4.7,0,MT MUMBAI EXPRESS_99,Cargo,IMO1898516,213.1,17.8,11.2,0.0
sentinel_440,439670711,51,2026-09-04 02:21:55+00:00,2026-09-04 04:59:35+00:00,7.6,10.0,9.041176470588235,41.33137254901961,19.046102215686275,72.63898733333333,0,4.933333333333334,0,MV MUMBAI EXPRESS_14,Tanker,IMO3341057,203.1,18.7,8.5,0.0
sentinel_440,490612805,17,2026-09-03 23:14:03+00:00,2026-09-04 00:04:48+00:00,15.0,16.0,15.53529411764706,303.0764705882353,19.137831764705883,72.70706211764707,0,4.55,0,SY ARABIAN KNIGHT_48,Tanker,IMO4773549,247.2,22.2,9.9,0.0
sentinel_440,499317479,7,2026-09-03 23:00:00+00:00,2026-09-03 23:16:12+00:00,12.4,13.7,13.1,251.82857142857142,18.857319285714286,72.53762314285714,0,4.033333333333333,0,MV COASTAL PEARL_63,Cargo,IMO4547081,130.2,19.7,8.4,0.0
sentinel_440,569749767,11,2026-09-03 23:01:24+00:00,2026-09-03 23:33:21+00:00,17.8,18.8,18.263636363636365,120.5090909090909,18.85400927272727,72.58299218181818,0,4.733333333333333,0,MT MALABAR QUEEN_99,Container Ship,IMO7679508,249.9,27.1,9.8,0.0
sentinel_440,663550988,144,2026-09-04 03:56:55+00:00,2026-09-04 10:56:21+00:00,0.5,3.5,1.1590277777777778,70.22222222222223,19.14334527777778,72.58012919444444,0,4.916666666666667,34,FV MUMBAI EXPRESS_65,Fishing,IMO7614724,17.7,5.7,1.1,0.2361111111111111
sentinel_440,697169479,71,2026-09-03 23:45:24+00:00,2026-09-04 03:16:00+00:00,3.0,7.0,5.095774647887324,92.3,18.900984267605633,72.67297447887324,0,4.966666666666667,0,MT MUMBAI EXPRESS_41,Fishing,IMO1966769,36.2,5.8,3.1,0.0
sentinel_440,730915077,31,2026-09-03 23:04:52+00:00,2026-09-04 00:31:51+00:00,13.6,15.6,14.80967741935484,55.119354838709675,18.91756919354839,72.65614848387096,0,4.933333333333334,0,SY KONKAN TRADER_11,Cargo,IMO2293159,110.9,29.9,5.9,0.0
sentinel_440,790077090,45,2026-09-04 00:34:53+00:00,2026-09-04 02:59:19+00:00,6.2,9.0,7.751111111111111,288.53555555555556,18.971165822222222,72.67203915555555,0,4.966666666666667,0,SY COASTAL PEARL_51,Tanker,IMO8387790,210.9,33.7,12.3,0.0
sentinel_442,209053121,9,2026-09-03 23:00:00+00:00,2026-09-03 23:23:32+00:00,19.8,21.1,20.344444444444445,244.42222222222225,19.084829,72.57050366666667,0,4.866666666666666,0,FV WESTERN STAR_38,Passenger,IMO3093190,110.1,26.5,8.2,0.0
sentinel_442,218087708,21,2026-09-03 23:08:53+00:00,2026-09-04 00:04:45+00:00,12.0,13.1,12.399999999999999,205.38095238095238,18.90342680952381,72.75025533333334,0,4.866666666666666,0,MT ARABIAN KNIGHT_62,Tanker,IMO8890587,204.3,33.4,13.8,0.0
sentinel_442,250916077,15,2026-09-03 23:32:37+00:00,2026-09-04 00:15:56+00:00,17.3,19.0,18.12,221.06,19.09817273333333,72.56903893333333,0,4.833333333333333,0,MT MUMBAI EXPRESS_67,Passenger,IMO5553736,93.3,17.7,6.0,0.0
sentinel_442,274992570,64,2026-09-04 01:28:56+00:00,2026-09-04 04:41:41+00:00,5.7,8.4,7.13125,195.96875,18.994165625,72.692305640625,0,4.866666666666666,0,FV MUMBAI EXPRESS_19,Fishing,IMO1115482,36.8,9.5,1.7,0.0
sentinel_442,285514406,5,2026-09-03 23:00:00+00:00,2026-09-03 23:13:08+00:00,16.9,18.1,17.580000000000002,308.88,19.159926,72.5688712,0,4.233333333333333,0,MT SEA HORIZON_25,Passenger,IMO1258768,221.2,19.2,8.5,0.0
sentinel_442,368688902,27,2026-09-03 23:57:42+00:00,2026-09-04 01:18:48+00:00,11.2,13.0,12.107407407407406,31.4,19.060508666666667,72.56837707407406,0,4.7,0,MT MUMBAI EXPRESS_99,Cargo,IMO1898516,213.1,17.8,11.2,0.0
sentinel_442,439670711,49,2026-09-04 02:18:42+00:00,2026-09-04 04:52:10+00:00,7.6,10.1,9.061224489795919,41.21836734693878,19.03415493877551,72.62779195918367,0,4.933333333333334,0,MV MUMBAI EXPRESS_14,Tanker,IMO3341057,203.1,18.7,8.5,0.0
sentinel_442,490612805,14,2026-09-03 23:16:31+00:00,2026-09-03 23:58:38+00:00,15.0,16.0,15.471428571428572,303.4357142857143,19.134087857142855,72.71335264285715,0,4.55,0,SY ARABIAN KNIGHT_48,Tanker,IMO4773549,247.2,22.2,9.9,0.0
sentinel_442,499317479,8,2026-09-03 23:00:00+00:00,2026-09-03 23:17:25+00:00,12.4,13.7,13.075,251.8125,18.85592575,72.533184125,0,4.033333333333333,0,MV COASTAL PEARL_63,Cargo,IMO4547081,130.2,19.7,8.4,0.0
sentinel_442,569749767,12,2026-09-03 23:00:00+00:00,2026-09-03 23:33:21+00:00,17.8,18.8,18.241666666666667,120.46666666666665,18.857841833333335,72.57607616666667,0,4.733333333333333,0,MT MALABAR QUEEN_99,Container Ship,IMO7679508,249.9,27.1,9.8,0.0
sentinel_442,663550988,145,2026-09-04 03:52:26+00:00,2026-09-04 10:56:21+00:00,0.5,3.7,1.176551724137931,70.17448275862068,19.143134179310344,72.57956283448276,0,4.916666666666667,34,FV MUMBAI EXPRESS_65,Fishing,IMO7614724,17.7,5.7,1.1,0.23448275862068965
sentinel_442,697169479,66,2026-09-03 23:41:07+00:00,2026-09-04 02:58:03+00:00,3.0,7.0,5.222727272727273,92.56666666666666,18.901515151515152,72.6576215,0,4.966666666666667,0,MT MUMBAI EXPRESS_41,Fishing,IMO1966769,36.2,5.8,3.1,0.0
sentinel_442,730915077,30,2026-09-03 23:02:27+00:00,2026-09-04 00:26:07+00:00,13.6,15.6,14.753333333333334,55.16,18.907131733333337,72.6403725,0,4.933333333333334,0,SY KONKAN TRADER_11,Cargo,IMO2293159,110.9,29.9,5.9,0.0
sentinel_442,790077090,44,2026-09-04 00:47:07+00:00,2026-09-04 03:04:32+00:00,6.2,9.0,7.786363636363637,288.84318181818185,18.976758363636364,72.65447752272728,0,4.966666666666667,0,SY COASTAL PEARL_51,Tanker,IMO8387790,210.9,33.7,12.3,0.0
sentinel_454,209053121,9,2026-09-03 23:00:00+00:00,2026-09-03 23:23:32+00:00,19.8,21.1,20.344444444444445,244.42222222222225,19.084829,72.57050366666667,0,4.866666666666666,0,FV WESTERN STAR_38,Passenger,IMO3093190,110.1,26.5,8.2,0.0
sentinel_454,218087708,23,2026-09-03 23:00:00+00:00,2026-09-03 23:59:57+00:00,12.0,13.1,12.47391304347826,205.7217391304348,18.921383304347827,72.75953334782608,0,4.866666666666666,0,MT ARABIAN KNIGHT_62,Tanker,IMO8890587,204.3,33.4,13.8,0.0
sentinel_454,250916077,14,2026-09-03 23:32:37+00:00,2026-09-04 00:11:19+00:00,17.3,19.0,18.1,221.12857142857143,19.103826285714288,72.57421171428571,0,4.833333333333333,0,MT MUMBAI EXPRESS_67,Passenger,IMO5553736,93.3,17.7,6.0,0.0
sentinel_454,274992570,64,2026-09-04 01:20:41+00:00,2026-09-04 04:35:14+00:00,5.7,8.4,7.1328125,195.9546875,19.0057731875,72.69582215625,0,4.866666666666666,0,FV MUMBAI EXPRESS_19,Fishing,IMO1115482,36.8,9.5,1.7,0.0
sentinel_454,285514406,6,2026-09-03 23:00:00+00:00,2026-09-03 23:17:58+00:00,16.9,18.1,17.616666666666667,308.93333333333334,19.165767666666667,72.56125283333334,0,4.833333333333333,0,MT SEA HORIZON_25,Passenger,IMO1258768,221.2,19.2,8.5,0.0
sentinel_454,368688902,27,2026-09-04 00:01:11+00:00,2026-09-04 01:21:19+00:00,11.2,13.0,12.12962962962963,31.244444444444444,19.069392296296297,72.57411351851852,0,4.7,0,MT MUMBAI EXPRESS_99,Cargo,IMO1898516,213.1,17.8,11.2,0.0
sentinel_454,439670711,51,2026-09-04 02:21:55+00:00,2026-09-04 04:59:35+00:00,7.6,10.0,9.041176470588235,41.33137254901961,19.046102215686275,72.63898733333333,0,4.933333333333334,0,MV MUMBAI EXPRESS_14,Tanker,IMO3341057,203.1,18.7,8.5,0.0
sentinel_454,490612805,16,2026-09-03 23:14:03+00:00,2026-09-04 00:02:19+00:00,15.0,16.0,15.5375,303.26875,19.13412575,72.7131336875,0,4.55,0,SY ARABIAN KNIGHT_48,Tanker,IMO4773549,247.2,22.2,9.9,0.0
sentinel_454,499317479,8,2026-09-03 23:00:00+00:00,2026-09-03 23:17:25+00:00,12.4,13.7,13.075,251.8125,18.85592575,72.533184125,0,4.033333333333333,0,MV COASTAL PEARL_63,Cargo,IMO4547081,130.2,19.7,8.4,0.0
sentinel_454,569749767,9,2026-09-03 23:01:24+00:00,2026-09-03 23:28:19+00:00,17.8,18.8,18.200000000000003,120.3777777777778,18.861969000000002,72.568668,0,4.733333333333333,0,MT MALABAR QUEEN_99,Container Ship,IMO7679508,249.9,27.1,9.8,0.0
sentinel_454,663550988,144,2026-09-04 03:56:55+00:00,2026-09-04 10:56:21+00:00,0.5,3.5,1.1590277777777778,70.22222222222223,19.14334527777778,72.58012919444444,0,4.916666666666667,34,FV MUMBAI EXPRESS_65,Fishing,IMO7614724,17.7,5.7,1.1,0.2361111111111111
sentinel_454,697169479,69,2026-09-03 23:45:24+00:00,2026-09-04 03:10:39+00:00,3.0,7.0,5.143478260869565,92.4072463768116,18.901110057971014,72.6686976521739,0,4.966666666666667,0,MT MUMBAI EXPRESS_41,Fishing,IMO1966769,36.2,5.8,3.1,0.0
sentinel_454,730915077,30,2026-09-03 23:09:48+00:00,2026-09-04 00:31:51+00:00,13.6,15.6,14.826666666666666,55.059999999999995,18.9207876,72.66107623333333,0,4.8,0,SY KONKAN TRADER_11,Cargo,IMO2293159,110.9,29.9,5.9,0.0
sentinel_454,790077090,44,2026-09-04 00:37:52+00:00,2026-09-04 02:59:19+00:00,6.2,9.0,7.777272727272727,288.59090909090907,18.97218215909091,72.66866804545454,0,4.966666666666667,0,SY COASTAL PEARL_51,Tanker,IMO8387790,210.9,33.7,12.3,0.0
sentinel_455,209053121,9,2026-09-03 23:00:00+00:00,2026-09-03 23:23:32+00:00,19.8,21.1,20.344444444444445,244.42222222222225,19.084829,72.57050366666667,0,4.866666666666666,0,FV WESTERN STAR_38,Passenger,IMO3093190,110.1,26.5,8.2,0.0
sentinel_455,218087708,24,2026-09-03 23:00:00+00:00,2026-09-04 00:04:45+00:00,12.0,13.1,12.470833333333333,205.63333333333333,18.917163125,72.75744304166666,0,4.866666666666666,0,MT ARABIAN KNIGHT_62,Tanker,IMO8890587,204.3,33.4,13.8,0.0
sentinel_455,250916077,15,2026-09-03 23:28:15+00:00,2026-09-04 00:11:19+00:00,17.0,19.0,18.026666666666664,221.16666666666666,19.110048533333334,72.58008126666667,0,4.833333333333333,0,MT MUMBAI EXPRESS_67,Passenger,IMO5553736,93.3,17.7,6.0,0.0
sentinel_455,274992570,67,2026-09-04 01:17:37+00:00,2026-09-04 04:41:41+00:00,5.7,8.4,7.08955223880597,196.0402985074627,19.003052970149255,72.69489473134328,0,4.866666666666666,0,FV MUMBAI EXPRESS_19,Fishing,IMO1115482,36.8,9.5,1.7,0.0
sentinel_455,285514406,6,2026-09-03 23:00:00+00:00,2026-09-03 23:17:58+00:00,16.9,18.1,17.616666666666667,308.93333333333334,19.165767666666667,72.56125283333334,0,4.833333333333333,0,MT SEA HORIZON_25,Passenger,IMO1258768,221.2,19.2,8.5,0.0
sentinel_455,368688902,26,2026-09-04 00:02:47+00:00,2026-09-04 01:21:19+00:00,11.2,13.0,12.13846153846154,31.196153846153848,19.073575961538463,72.576891,0,4.7,0,MT MUMBAI EXPRESS_99,Cargo,IMO1898516,213.1,17.8,11.2,0.0
sentinel_455,439670711,51,2026-09-04 02:21:55+00:00,2026-09-04 04:59:35+00:00,7.6,10.0,9.041176470588235,41.33137254901961,19.046102215686275,72.63898733333333,0,4.933333333333334,0,MV MUMBAI EXPRESS_14,Tanker,IMO3341057,203.1,18.7,8.5,0.0
sentinel_455,490612805,17,2026-09-03 23:14:03+00:00,2026-09-04 00:04:48+00:00,15.0,16.0,15.53529411764706,303.0764705882353,19.137831764705883,72.70706211764707,0,4.55,0,SY ARABIAN KNIGHT_48,Tanker,IMO4773549,247.2,22.2,9.9,0.0
sentinel_455,499317479,7,2026-09-03 23:00:00+00:00,2026-09-03 23:16:12+00:00,12.4,13.7,13.1,251.82857142857142,18.857319285714286,72.53762314285714,0,4.033333333333333,0,MV COASTAL PEARL_63,Cargo,IMO4547081,130.2,19.7,8.4,0.0
sentinel_455,569749767,11,2026-09-03 23:01:24+00:00,2026-09-03 23:33:21+00:00,17.8,18.8,18.263636363636365,120.5090909090909,18.85400927272727,72.58299218181818,0,4.733333333333333,0,MT MALABAR QUEEN_99,Container Ship,IMO7679508,249.9,27.1,9.8,0.0
sentinel_455,663550988,144,2026-09-04 03:56:55+00:00,2026-09-04 10:56:21+00:00,0.5,3.5,1.1590277777777778,70.22222222222223,19.14334527777778,72.58012919444444,0,4.916666666666667,34,FV MUMBAI EXPRESS_65,Fishing,IMO7614724,17.7,5.7,1.1,0.2361111111111111
sentinel_455,697169479,71,2026-09-03 23:45:24+00:00,2026-09-04 03:16:00+00:00,3.0,7.0,5.095774647887324,92.3,18.900984267605633,72.67297447887324,0,4.966666666666667,0,MT MUMBAI EXPRESS_41,Fishing,IMO1966769,36.2,5.8,3.1,0.0
sentinel_455,730915077,31,2026-09-03 23:04:52+00:00,2026-09-04 00:31:51+00:00,13.6,15.6,14.80967741935484,55.119354838709675,18.91756919354839,72.65614848387096,0,4.933333333333334,0,SY KONKAN TRADER_11,Cargo,IMO2293159,110.9,29.9,5.9,0.0
sentinel_455,790077090,45,2026-09-04 00:34:53+00:00,2026-09-04 02:59:19+00:00,6.2,9.0,7.751111111111111,288.53555555555556,18.971165822222222,72.67203915555555,0,4.966666666666667,0,SY COASTAL PEARL_51,Tanker,IMO8387790,210.9,33.7,12.3,0.0
sentinel_460,209053121,9,2026-09-03 23:00:00+00:00,2026-09-03 23:23:32+00:00,19.8,21.1,20.344444444444445,244.42222222222225,19.084829,72.57050366666667,0,4.866666666666666,0,FV WESTERN STAR_38,Passenger,IMO3093190,110.1,26.5,8.2,0.0
sentinel_460,218087708,24,2026-09-03 23:00:00+00:00,2026-09-04 00:04:45+00:00,12.0,13.1,12.470833333333333,205.63333333333333,18.917163125,72.75744304166666,0,4.866666666666666,0,MT ARABIAN KNIGHT_62,Tanker,IMO8890587,204.3,33.4,13.8,0.0
sentinel_460,250916077,15,2026-09-03 23:28:15+00:00,2026-09-04 00:11:19+00:00,17.0,19.0,18.026666666666664,221.16666666666666,19.110048533333334,72.58008126666667,0,4.833333333333333,0,MT MUMBAI EXPRESS_67,Passenger,IMO5553736,93.3,17.7,6.0,0.0
sentinel_460,274992570,67,2026-09-04 01:17:37+00:00,2026-09-04 04:41:41+00:00,5.7,8.4,7.08955223880597,196.0402985074627,19.003052970149255,72.69489473134328,0,4.866666666666666,0,FV MUMBAI EXPRESS_19,Fishing,IMO1115482,36.8,9.5,1.7,0.0
sentinel_460,285514406,6,2026-09-03 23:00:00+00:00,2026-09-03 23:17:58+00:00,16.9,18.1,17.616666666666667,308.93333333333334,19.165767666666667,72.56125283333334,0,4.833333333333333,0,MT SEA HORIZON_25,Passenger,IMO1258768,221.2,19.2,8.5,0.0
sentinel_460,368688902,26,2026-09-04 00:02:47+00:00,2026-09-04 01:21:19+00:00,11.2,13.0,12.13846153846154,31.196153846153848,19.073575961538463,72.576891,0,4.7,0,MT MUMBAI EXPRESS_99,Cargo,IMO1898516,213.1,17.8,11.2,0.0
sentinel_460,439670711,51,2026-09-04 02:21:55+00:00,2026-09-04 04:59:35+00:00,7.6,10.0,9.041176470588235,41.33137254901961,19.046102215686275,72.63898733333333,0,4.933333333333334,0,MV MUMBAI EXPRESS_14,Tanker,IMO3341057,203.1,18.7,8.5,0.0
sentinel_460,490612805,17,2026-09-03 23:14:03+00:00,2026-09-04 00:04:48+00:00,15.0,16.0,15.53529411764706,303.0764705882353,19.137831764705883,72.70706211764707,0,4.55,0,SY ARABIAN KNIGHT_48,Tanker,IMO4773549,247.2,22.2,9.9,0.0
sentinel_460,499317479,8,2026-09-03 23:00:00+00:00,2026-09-03 23:17:25+00:00,12.4,13.7,13.075,251.8125,18.85592575,72.533184125,0,4.033333333333333,0,MV COASTAL PEARL_63,Cargo,IMO4547081,130.2,19.7,8.4,0.0
sentinel_460,569749767,11,2026-09-03 23:01:24+00:00,2026-09-03 23:33:21+00:00,17.8,18.8,18.263636363636365,120.5090909090909,18.85400927272727,72.58299218181818,0,4.733333333333333,0,MT MALABAR QUEEN_99,Container Ship,IMO7679508,249.9,27.1,9.8,0.0
sentinel_460,663550988,144,2026-09-04 03:56:55+00:00,2026-09-04 10:56:21+00:00,0.5,3.5,1.1590277777777778,70.22222222222223,19.14334527777778,72.58012919444444,0,4.916666666666667,34,FV MUMBAI EXPRESS_65,Fishing,IMO7614724,17.7,5.7,1.1,0.2361111111111111
sentinel_460,697169479,71,2026-09-03 23:45:24+00:00,2026-09-04 03:16:00+00:00,3.0,7.0,5.095774647887324,92.3,18.900984267605633,72.67297447887324,0,4.966666666666667,0,MT MUMBAI EXPRESS_41,Fishing,IMO1966769,36.2,5.8,3.1,0.0
sentinel_460,730915077,31,2026-09-03 23:04:52+00:00,2026-09-04 00:31:51+00:00,13.6,15.6,14.80967741935484,55.119354838709675,18.91756919354839,72.65614848387096,0,4.933333333333334,0,SY KONKAN TRADER_11,Cargo,IMO2293159,110.9,29.9,5.9,0.0
sentinel_460,790077090,45,2026-09-04 00:34:53+00:00,2026-09-04 02:59:19+00:00,6.2,9.0,7.751111111111111,288.53555555555556,18.971165822222222,72.67203915555555,0,4.966666666666667,0,SY COASTAL PEARL_51,Tanker,IMO8387790,210.9,33.7,12.3,0.0
sentinel_462,209053121,9,2026-09-03 23:00:00+00:00,2026-09-03 23:23:32+00:00,19.8,21.1,20.344444444444445,244.42222222222225,19.084829,72.57050366666667,0,4.866666666666666,0,FV WESTERN STAR_38,Passenger,IMO3093190,110.1,26.5,8.2,0.0
sentinel_462,218087708,24,2026-09-03 23:00:00+00:00,2026-09-04 00:04:45+00:00,12.0,13.1,12.470833333333333,205.63333333333333,18.917163125,72.75744304166666,0,4.866666666666666,0,MT ARABIAN KNIGHT_62,Tanker,IMO8890587,204.3,33.4,13.8,0.0
sentinel_462,250916077,15,2026-09-03 23:28:15+00:00,2026-09-04 00:11:19+00:00,17.0,19.0,18.026666666666664,221.16666666666666,19.110048533333334,72.58008126666667,0,4.833333333333333,0,MT MUMBAI EXPRESS_67,Passenger,IMO5553736,93.3,17.7,6.0,0.0
sentinel_462,274992570,67,2026-09-04 01:17:37+00:00,2026-09-04 04:41:41+00:00,5.7,8.4,7.08955223880597,196.0402985074627,19.003052970149255,72.69489473134328,0,4.866666666666666,0,FV MUMBAI EXPRESS_19,Fishing,IMO1115482,36.8,9.5,1.7,0.0
sentinel_462,285514406,6,2026-09-03 23:00:00+00:00,2026-09-03 23:17:58+00:00,16.9,18.1,17.616666666666667,308.93333333333334,19.165767666666667,72.56125283333334,0,4.833333333333333,0,MT SEA HORIZON_25,Passenger,IMO1258768,221.2,19.2,8.5,0.0
sentinel_462,368688902,26,2026-09-04 00:02:47+00:00,2026-09-04 01:21:19+00:00,11.2,13.0,12.13846153846154,31.196153846153848,19.073575961538463,72.576891,0,4.7,0,MT MUMBAI EXPRESS_99,Cargo,IMO1898516,213.1,17.8,11.2,0.0
sentinel_462,439670711,51,2026-09-04 02:21:55+00:00,2026-09-04 04:59:35+00:00,7.6,10.0,9.041176470588235,41.33137254901961,19.046102215686275,72.63898733333333,0,4.933333333333334,0,MV MUMBAI EXPRESS_14,Tanker,IMO3341057,203.1,18.7,8.5,0.0
sentinel_462,490612805,17,2026-09-03 23:14:03+00:00,2026-09-04 00:04:48+00:00,15.0,16.0,15.53529411764706,303.0764705882353,19.137831764705883,72.70706211764707,0,4.55,0,SY ARABIAN KNIGHT_48,Tanker,IMO4773549,247.2,22.2,9.9,0.0
sentinel_462,499317479,7,2026-09-03 23:00:00+00:00,2026-09-03 23:16:12+00:00,12.4,13.7,13.1,251.82857142857142,18.857319285714286,72.53762314285714,0,4.033333333333333,0,MV COASTAL PEARL_63,Cargo,IMO4547081,130.2,19.7,8.4,0.0
sentinel_462,569749767,11,2026-09-03 23:01:24+00:00,2026-09-03 23:33:21+00:00,17.8,18.8,18.263636363636365,120.5090909090909,18.85400927272727,72.58299218181818,0,4.733333333333333,0,MT MALABAR QUEEN_99,Container Ship,IMO7679508,249.9,27.1,9.8,0.0
sentinel_462,663550988,144,2026-09-04 03:56:55+00:00,2026-09-04 10:56:21+00:00,0.5,3.5,1.1590277777777778,70.22222222222223,19.14334527777778,72.58012919444444,0,4.916666666666667,34,FV MUMBAI EXPRESS_65,Fishing,IMO7614724,17.7,5.7,1.1,0.2361111111111111
sentinel_462,697169479,71,2026-09-03 23:45:24+00:00,2026-09-04 03:16:00+00:00,3.0,7.0,5.095774647887324,92.3,18.900984267605633,72.67297447887324,0,4.966666666666667,0,MT MUMBAI EXPRESS_41,Fishing,IMO1966769,36.2,5.8,3.1,0.0
sentinel_462,730915077,31,2026-09-03 23:04:52+00:00,2026-09-04 00:31:51+00:00,13.6,15.6,14.80967741935484,55.119354838709675,18.91756919354839,72.65614848387096,0,4.933333333333334,0,SY KONKAN TRADER_11,Cargo,IMO2293159,110.9,29.9,5.9,0.0
sentinel_462,790077090,45,2026-09-04 00:34:53+00:00,2026-09-04 02:59:19+00:00,6.2,9.0,7.751111111111111,288.53555555555556,18.971165822222222,72.67203915555555,0,4.966666666666667,0,SY COASTAL PEARL_51,Tanker,IMO8387790,210.9,33.7,12.3,0.0
sentinel_464,209053121,9,2026-09-03 23:00:00+00:00,2026-09-03 23:23:32+00:00,19.8,21.1,20.344444444444445,244.42222222222225,19.084829,72.57050366666667,0,4.866666666666666,0,FV WESTERN STAR_38,Passenger,IMO3093190,110.1,26.5,8.2,0.0
sentinel_464,218087708,24,2026-09-03 23:00:00+00:00,2026-09-04 00:04:45+00:00,12.0,13.1,12.470833333333333,205.63333333333333,18.917163125,72.75744304166666,0,4.866666666666666,0,MT ARABIAN KNIGHT_62,Tanker,IMO8890587,204.3,33.4,13.8,0.0
sentinel_464,250916077,15,2026-09-03 23:28:15+00:00,2026-09-04 00:11:19+00:00,17.0,19.0,18.026666666666664,221.16666666666666,19.110048533333334,72.58008126666667,0,4.833333333333333,0,MT MUMBAI EXPRESS_67,Passenger,IMO5553736,93.3,17.7,6.0,0.0
sentinel_464,274992570,67,2026-09-04 01:17:37+00:00,2026-09-04 04:41:41+00:00,5.7,8.4,7.08955223880597,196.0402985074627,19.003052970149255,72.69489473134328,0,4.866666666666666,0,FV MUMBAI EXPRESS_19,Fishing,IMO1115482,36.8,9.5,1.7,0.0
sentinel_464,285514406,6,2026-09-03 23:00:00+00:00,2026-09-03 23:17:58+00:00,16.9,18.1,17.616666666666667,308.93333333333334,19.165767666666667,72.56125283333334,0,4.833333333333333,0,MT SEA HORIZON_25,Passenger,IMO1258768,221.2,19.2,8.5,0.0
sentinel_464,368688902,26,2026-09-04 00:02:47+00:00,2026-09-04 01:21:19+00:00,11.2,13.0,12.13846153846154,31.196153846153848,19.073575961538463,72.576891,0,4.7,0,MT MUMBAI EXPRESS_99,Cargo,IMO1898516,213.1,17.8,11.2,0.0
sentinel_464,439670711,51,2026-09-04 02:21:55+00:00,2026-09-04 04:59:35+00:00,7.6,10.0,9.041176470588235,41.33137254901961,19.046102215686275,72.63898733333333,0,4.933333333333334,0,MV MUMBAI EXPRESS_14,Tanker,IMO3341057,203.1,18.7,8.5,0.0
sentinel_464,490612805,17,2026-09-03 23:14:03+00:00,2026-09-04 00:04:48+00:00,15.0,16.0,15.53529411764706,303.0764705882353,19.137831764705883,72.70706211764707,0,4.55,0,SY ARABIAN KNIGHT_48,Tanker,IMO4773549,247.2,22.2,9.9,0.0
sentinel_464,499317479,7,2026-09-03 23:00:00+00:00,2026-09-03 23:16:12+00:00,12.4,13.7,13.1,251.82857142857142,18.857319285714286,72.53762314285714,0,4.033333333333333,0,MV COASTAL PEARL_63,Cargo,IMO4547081,130.2,19.7,8.4,0.0
sentinel_464,569749767,11,2026-09-03 23:01:24+00:00,2026-09-03 23:33:21+00:00,17.8,18.8,18.263636363636365,120.5090909090909,18.85400927272727,72.58299218181818,0,4.733333333333333,0,MT MALABAR QUEEN_99,Container Ship,IMO7679508,249.9,27.1,9.8,0.0
sentinel_464,663550988,144,2026-09-04 03:56:55+00:00,2026-09-04 10:56:21+00:00,0.5,3.5,1.1590277777777778,70.22222222222223,19.14334527777778,72.58012919444444,0,4.916666666666667,34,FV MUMBAI EXPRESS_65,Fishing,IMO7614724,17.7,5.7,1.1,0.2361111111111111
sentinel_464,697169479,71,2026-09-03 23:45:24+00:00,2026-09-04 03:16:00+00:00,3.0,7.0,5.095774647887324,92.3,18.900984267605633,72.67297447887324,0,4.966666666666667,0,MT MUMBAI EXPRESS_41,Fishing,IMO1966769,36.2,5.8,3.1,0.0
sentinel_464,730915077,31,2026-09-03 23:04:52+00:00,2026-09-04 00:31:51+00:00,13.6,15.6,14.80967741935484,55.119354838709675,18.91756919354839,72.65614848387096,0,4.933333333333334,0,SY KONKAN TRADER_11,Cargo,IMO2293159,110.9,29.9,5.9,0.0
sentinel_464,790077090,45,2026-09-04 00:34:53+00:00,2026-09-04 02:59:19+00:00,6.2,9.0,7.751111111111111,288.53555555555556,18.971165822222222,72.67203915555555,0,4.966666666666667,0,SY COASTAL PEARL_51,Tanker,IMO8387790,210.9,33.7,12.3,0.0
sentinel_465,209053121,9,2026-09-03 23:00:00+00:00,2026-09-03 23:23:32+00:00,19.8,21.1,20.344444444444445,244.42222222222225,19.084829,72.57050366666667,0,4.866666666666666,0,FV WESTERN STAR_38,Passenger,IMO3093190,110.1,26.5,8.2,0.0
sentinel_465,218087708,24,2026-09-03 23:00:00+00:00,2026-09-04 00:04:45+00:00,12.0,13.1,12.470833333333333,205.63333333333333,18.917163125,72.75744304166666,0,4.866666666666666,0,MT ARABIAN KNIGHT_62,Tanker,IMO8890587,204.3,33.4,13.8,0.0
sentinel_465,250916077,15,2026-09-03 23:28:15+00:00,2026-09-04 00:11:19+00:00,17.0,19.0,18.026666666666664,221.16666666666666,19.110048533333334,72.58008126666667,0,4.833333333333333,0,MT MUMBAI EXPRESS_67,Passenger,IMO5553736,93.3,17.7,6.0,0.0
sentinel_465,274992570,67,2026-09-04 01:17:37+00:00,2026-09-04 04:41:41+00:00,5.7,8.4,7.08955223880597,196.0402985074627,19.003052970149255,72.69489473134328,0,4.866666666666666,0,FV MUMBAI EXPRESS_19,Fishing,IMO1115482,36.8,9.5,1.7,0.0
sentinel_465,285514406,6,2026-09-03 23:00:00+00:00,2026-09-03 23:17:58+00:00,16.9,18.1,17.616666666666667,308.93333333333334,19.165767666666667,72.56125283333334,0,4.833333333333333,0,MT SEA HORIZON_25,Passenger,IMO1258768,221.2,19.2,8.5,0.0
sentinel_465,368688902,26,2026-09-04 00:02:47+00:00,2026-09-04 01:21:19+00:00,11.2,13.0,12.13846153846154,31.196153846153848,19.073575961538463,72.576891,0,4.7,0,MT MUMBAI EXPRESS_99,Cargo,IMO1898516,213.1,17.8,11.2,0.0
sentinel_465,439670711,51,2026-09-04 02:21:55+00:00,2026-09-04 04:59:35+00:00,7.6,10.0,9.041176470588235,41.33137254901961,19.046102215686275,72.63898733333333,0,4.933333333333334,0,MV MUMBAI EXPRESS_14,Tanker,IMO3341057,203.1,18.7,8.5,0.0
sentinel_465,490612805,17,2026-09-03 23:14:03+00:00,2026-09-04 00:04:48+00:00,15.0,16.0,15.53529411764706,303.0764705882353,19.137831764705883,72.70706211764707,0,4.55,0,SY ARABIAN KNIGHT_48,Tanker,IMO4773549,247.2,22.2,9.9,0.0
sentinel_465,499317479,7,2026-09-03 23:00:00+00:00,2026-09-03 23:16:12+00:00,12.4,13.7,13.1,251.82857142857142,18.857319285714286,72.53762314285714,0,4.033333333333333,0,MV COASTAL PEARL_63,Cargo,IMO4547081,130.2,19.7,8.4,0.0
sentinel_465,569749767,11,2026-09-03 23:01:24+00:00,2026-09-03 23:33:21+00:00,17.8,18.8,18.263636363636365,120.5090909090909,18.85400927272727,72.58299218181818,0,4.733333333333333,0,MT MALABAR QUEEN_99,Container Ship,IMO7679508,249.9,27.1,9.8,0.0
sentinel_465,663550988,144,2026-09-04 03:56:55+00:00,2026-09-04 10:56:21+00:00,0.5,3.5,1.1590277777777778,70.22222222222223,19.14334527777778,72.58012919444444,0,4.916666666666667,34,FV MUMBAI EXPRESS_65,Fishing,IMO7614724,17.7,5.7,1.1,0.2361111111111111
sentinel_465,697169479,71,2026-09-03 23:45:24+00:00,2026-09-04 03:16:00+00:00,3.0,7.0,5.095774647887324,92.3,18.900984267605633,72.67297447887324,0,4.966666666666667,0,MT MUMBAI EXPRESS_41,Fishing,IMO1966769,36.2,5.8,3.1,0.0
sentinel_465,730915077,31,2026-09-03 23:04:52+00:00,2026-09-04 00:31:51+00:00,13.6,15.6,14.80967741935484,55.119354838709675,18.91756919354839,72.65614848387096,0,4.933333333333334,0,SY KONKAN TRADER_11,Cargo,IMO2293159,110.9,29.9,5.9,0.0
sentinel_465,790077090,45,2026-09-04 00:34:53+00:00,2026-09-04 02:59:19+00:00,6.2,9.0,7.751111111111111,288.53555555555556,18.971165822222222,72.67203915555555,0,4.966666666666667,0,SY COASTAL PEARL_51,Tanker,IMO8387790,210.9,33.7,12.3,0.0
sentinel_466,209053121,10,2026-09-03 23:00:00+00:00,2026-09-03 23:27:15+00:00,19.8,21.1,20.39,244.53000000000003,19.0812527,72.5625692,0,4.866666666666666,0,FV WESTERN STAR_38,Passenger,IMO3093190,110.1,26.5,8.2,0.0
sentinel_466,218087708,24,2026-09-03 23:00:00+00:00,2026-09-04 00:04:45+00:00,12.0,13.1,12.470833333333333,205.63333333333333,18.917163125,72.75744304166666,0,4.866666666666666,0,MT ARABIAN KNIGHT_62,Tanker,IMO8890587,204.3,33.4,13.8,0.0
sentinel_466,250916077,16,2026-09-03 23:32:37+00:00,2026-09-04 00:18:19+00:00,17.3,19.0,18.125,221.04375,19.0926428125,72.5639943125,0,4.833333333333333,0,MT MUMBAI EXPRESS_67,Passenger,IMO5553736,93.3,17.7,6.0,0.0
sentinel_466,274992570,67,2026-09-04 01:20:41+00:00,2026-09-04 04:44:33+00:00,5.7,8.4,7.094029850746269,196.03432835820894,18.997287641791043,72.69314013432836,0,4.866666666666666,0,FV MUMBAI EXPRESS_19,Fishing,IMO1115482,36.8,9.5,1.7,0.0
sentinel_466,285514406,5,2026-09-03 23:00:00+00:00,2026-09-03 23:13:08+00:00,16.9,18.1,17.580000000000002,308.88,19.159926,72.5688712,0,4.233333333333333,0,MT SEA HORIZON_25,Passenger,IMO1258768,221.2,19.2,8.5,0.0
sentinel_466,368688902,30,2026-09-03 23:54:19+00:00,2026-09-04 01:21:19+00:00,11.2,13.0,12.093333333333334,31.373333333333335,19.057040566666668,72.56590033333333,0,4.7,0,MT MUMBAI EXPRESS_99,Cargo,IMO1898516,213.1,17.8,11.2,0.0
sentinel_466,439670711,52,2026-09-04 02:13:46+00:00,2026-09-04 04:57:01+00:00,7.6,10.1,9.078846153846154,41.17115384615385,19.03706380769231,72.63069638461539,0,4.933333333333334,0,MV MUMBAI EXPRESS_14,Tanker,IMO3341057,203.1,18.7,8.5,0.0
sentinel_466,490612805,16,2026-09-03 23:14:03+00:00,2026-09-04 00:02:19+00:00,15.0,16.0,15.5375,303.26875,19.13412575,72.7131336875,0,4.55,0,SY ARABIAN KNIGHT_48,Tanker,IMO4773549,247.2,22.2,9.9,0.0
sentinel_466,499317479,9,2026-09-03 23:00:00+00:00,2026-09-03 23:20:11+00:00,12.4,13.7,13.044444444444444,251.7888888888889,18.85449733333333,72.52863355555556,0,4.033333333333333,0,MV COASTAL PEARL_63,Cargo,IMO4547081,130.2,19.7,8.4,0.0
sentinel_466,569749767,13,2026-09-03 23:00:00+00:00,2026-09-03 23:34:25+00:00,17.8,18.9,18.292307692307695,120.56153846153846,18.854309076923077,72.58241253846154,0,4.733333333333333,0,MT MALABAR QUEEN_99,Container Ship,IMO7679508,249.9,27.1,9.8,0.0
sentinel_466,663550988,148,2026-09-04 03:44:33+00:00,2026-09-04 10:56:21+00:00,0.5,4.1,1.2324324324324325,70.04391891891892,19.14245602027027,72.57777672972973,0,4.916666666666667,34,FV MUMBAI EXPRESS_65,Fishing,IMO7614724,17.7,5.7,1.1,0.22972972972972974
sentinel_466,697169479,73,2026-09-03 23:36:31+00:00,2026-09-04 03:14:13+00:00,3.0,7.0,5.184931506849315,92.27534246575343,18.901384493150683,72.66353315068494,0,4.966666666666667,0,MT MUMBAI EXPRESS_41,Fishing,IMO1966769,36.2,5.8,3.1,0.0
sentinel_466,730915077,33,2026-09-03 23:00:00+00:00,2026-09-04 00:31:51+00:00,13.6,15.6,14.812121212121212,55.21818181818182,18.911221121212122,72.64639266666667,0,4.933333333333334,0,SY KONKAN TRADER_11,Cargo,IMO2293159,110.9,29.9,5.9,0.0
sentinel_466,790077090,48,2026-09-04 00:34:53+00:00,2026-09-04 03:09:00+00:00,6.2,9.0,7.6875,288.75208333333336,18.9749013125,72.6610038125,0,4.966666666666667,0,SY COASTAL PEARL_51,Tanker,IMO8387790,210.9,33.7,12.3,0.0
sentinel_470,209053121,9,2026-09-03 23:00:00+00:00,2026-09-03 23:23:32+00:00,19.8,21.1,20.344444444444445,244.42222222222225,19.084829,72.57050366666667,0,4.866666666666666,0,FV WESTERN STAR_38,Passenger,IMO3093190,110.1,26.5,8.2,0.0
sentinel_470,218087708,24,2026-09-03 23:00:00+00:00,2026-09-04 00:04:45+00:00,12.0,13.1,12.470833333333333,205.63333333333333,18.917163125,72.75744304166666,0,4.866666666666666,0,MT ARABIAN KNIGHT_62,Tanker,IMO8890587,204.3,33.4,13.8,0.0
sentinel_470,250916077,15,2026-09-03 23:28:15+00:00,2026-09-04 00:11:19+00:00,17.0,19.0,18.026666666666664,221.16666666666666,19.110048533333334,72.58008126666667,0,4.833333333333333,0,MT MUMBAI EXPRESS_67,Passenger,IMO5553736,93.3,17.7,6.0,0.0
sentinel_470,274992570,67,2026-09-04 01:17:37+00:00,2026-09-04 04:41:41+00:00,5.7,8.4,7.08955223880597,196.0402985074627,19.003052970149255,72.69489473134328,0,4.866666666666666,0,FV MUMBAI EXPRESS_19,Fishing,IMO1115482,36.8,9.5,1.7,0.0
sentinel_470,285514406,6,2026-09-03 23:00:00+00:00,2026-09-03 23:17:58+00:00,16.9,18.1,17.616666666666667,308.93333333333334,19.165767666666667,72.56125283333334,0,4.833333333333333,0,MT SEA HORIZON_25,Passenger,IMO1258768,221.2,19.2,8.5,0.0
sentinel_470,368688902,26,2026-09-04 00:02:47+00:00,2026-09-04 01:21:19+00:00,11.2,13.0,12.13846153846154,31.196153846153848,19.073575961538463,72.576891,0,4.7,0,MT MUMBAI EXPRESS_99,Cargo,IMO1898516,213.1,17.8,11.2,0.0
sentinel_470,439670711,51,2026-09-04 02:21:55+00:00,2026-09-04 04:59:35+00:00,7.6,10.0,9.041176470588235,41.33137254901961,19.046102215686275,72.63898733333333,0,4.933333333333334,0,MV MUMBAI EXPRESS_14,Tanker,IMO3341057,203.1,18.7,8.5,0.0
sentinel_470,490612805,17,2026-09-03 23:14:03+00:00,2026-09-04 00:04:48+00:00,15.0,16.0,15.53529411764706,303.0764705882353,19.137831764705883,72.70706211764707,0,4.55,0,SY ARABIAN KNIGHT_48,Tanker,IMO4773549,247.2,22.2,9.9,0.0
sentinel_470,499317479,8,2026-09-03 23:00:00+00:00,2026-09-03 23:17:25+00:00,12.4,13.7,13.075,251.8125,18.85592575,72.533184125,0,4.033333333333333,0,MV COASTAL PEARL_63,Cargo,IMO4547081,130.2,19.7,8.4,0.0
sentinel_470,569749767,11,2026-09-03 23:01:24+00:00,2026-09-03 23:33:21+00:00,17.8,18.8,18.263636363636365,120.5090909090909,18.85400927272727,72.58299218181818,0,4.733333333333333,0,MT MALABAR QUEEN_99,Container Ship,IMO7679508,249.9,27.1,9.8,0.0
sentinel_470,663550988,144,2026-09-04 03:56:55+00:00,2026-09-04 10:56:21+00:00,0.5,3.5,1.1590277777777778,70.22222222222223,19.14334527777778,72.58012919444444,0,4.916666666666667,34,FV MUMBAI EXPRESS_65,Fishing,IMO7614724,17.7,5.7,1.1,0.2361111111111111
sentinel_470,697169479,71,2026-09-03 23:45:24+00:00,2026-09-04 03:16:00+00:00,3.0,7.0,5.095774647887324,92.3,18.900984267605633,72.67297447887324,0,4.966666666666667,0,MT MUMBAI EXPRESS_41,Fishing,IMO1966769,36.2,5.8,3.1,0.0
sentinel_470,730915077,31,2026-09-03 23:04:52+00:00,2026-09-04 00:31:51+00:00,13.6,15.6,14.80967741935484,55.119354838709675,18.91756919354839,72.65614848387096,0,4.933333333333334,0,SY KONKAN TRADER_11,Cargo,IMO2293159,110.9,29.9,5.9,0.0
sentinel_470,790077090,45,2026-09-04 00:34:53+00:00,2026-09-04 02:59:19+00:00,6.2,9.0,7.751111111111111,288.53555555555556,18.971165822222222,72.67203915555555,0,4.966666666666667,0,SY COASTAL PEARL_51,Tanker,IMO8387790,210.9,33.7,12.3,0.0
sentinel_474,209053121,10,2026-09-03 23:00:00+00:00,2026-09-03 23:27:15+00:00,19.8,21.1,20.39,244.53000000000003,19.0812527,72.5625692,0,4.866666666666666,0,FV WESTERN STAR_38,Passenger,IMO3093190,110.1,26.5,8.2,0.0
sentinel_474,218087708,24,2026-09-03 23:00:00+00:00,2026-09-04 00:04:45+00:00,12.0,13.1,12.470833333333333,205.63333333333333,18.917163125,72.75744304166666,0,4.866666666666666,0,MT ARABIAN KNIGHT_62,Tanker,IMO8890587,204.3,33.4,13.8,0.0
sentinel_474,250916077,16,2026-09-03 23:32:37+00:00,2026-09-04 00:18:19+00:00,17.3,19.0,18.125,221.04375,19.0926428125,72.5639943125,0,4.833333333333333,0,MT MUMBAI EXPRESS_67,Passenger,IMO5553736,93.3,17.7,6.0,0.0
sentinel_474,274992570,66,2026-09-04 01:20:41+00:00,2026-09-04 04:41:41+00:00,5.7,8.4,7.1030303030303035,196.01363636363635,19.00009674242424,72.69402951515151,0,4.866666666666666,0,FV MUMBAI EXPRESS_19,Fishing,IMO1115482,36.8,9.5,1.7,0.0
sentinel_474,285514406,6,2026-09-03 23:00:00+00:00,2026-09-03 23:17:58+00:00,16.9,18.1,17.616666666666667,308.93333333333334,19.165767666666667,72.56125283333334,0,4.833333333333333,0,MT SEA HORIZON_25,Passenger,IMO1258768,221.2,19.2,8.5,0.0
sentinel_474,368688902,30,2026-09-03 23:54:19+00:00,2026-09-04 01:21:19+00:00,11.2,13.0,12.093333333333334,31.373333333333335,19.057040566666668,72.56590033333333,0,4.7,0,MT MUMBAI EXPRESS_99,Cargo,IMO1898516,213.1,17.8,11.2,0.0
sentinel_474,439670711,53,2026-09-04 02:13:46+00:00,2026-09-04 04:59:35+00:00,7.6,10.1,9.081132075471698,41.194339622641515,19.040023716981132,72.63349758490567,0,4.933333333333334,0,MV MUMBAI EXPRESS_14,Tanker,IMO3341057,203.1,18.7,8.5,0.0
sentinel_474,490612805,16,2026-09-03 23:14:03+00:00,2026-09-04 00:02:19+00:00,15.0,16.0,15.5375,303.26875,19.13412575,72.7131336875,0,4.55,0,SY ARABIAN KNIGHT_48,Tanker,IMO4773549,247.2,22.2,9.9,0.0
sentinel_474,499317479,9,2026-09-03 23:00:00+00:00,2026-09-03 23:20:11+00:00,12.4,13.7,13.044444444444444,251.7888888888889,18.85449733333333,72.52863355555556,0,4.033333333333333,0,MV COASTAL PEARL_63,Cargo,IMO4547081,130.2,19.7,8.4,0.0
sentinel_474,569749767,13,2026-09-03 23:00:00+00:00,2026-09-03 23:34:25+00:00,17.8,18.9,18.292307692307695,120.56153846153846,18.854309076923077,72.58241253846154,0,4.733333333333333,0,MT MALABAR QUEEN_99,Container Ship,IMO7679508,249.9,27.1,9.8,0.0
sentinel_474,663550988,148,2026-09-04 03:44:33+00:00,2026-09-04 10:56:21+00:00,0.5,4.1,1.2324324324324325,70.04391891891892,19.14245602027027,72.57777672972973,0,4.916666666666667,34,FV MUMBAI EXPRESS_65,Fishing,IMO7614724,17.7,5.7,1.1,0.22972972972972974
sentinel_474,697169479,73,2026-09-03 23:36:31+00:00,2026-09-04 03:14:13+00:00,3.0,7.0,5.184931506849315,92.27534246575343,18.901384493150683,72.66353315068494,0,4.966666666666667,0,MT MUMBAI EXPRESS_41,Fishing,IMO1966769,36.2,5.8,3.1,0.0
sentinel_474,730915077,32,2026-09-03 23:02:27+00:00,2026-09-04 00:31:51+00:00,13.6,15.6,14.803125,55.15625,18.91438303125,72.65126078125,0,4.933333333333334,0,SY KONKAN TRADER_11,Cargo,IMO2293159,110.9,29.9,5.9,0.0
sentinel_474,790077090,48,2026-09-04 00:34:53+00:00,2026-09-04 03:09:00+00:00,6.2,9.0,7.6875,288.75208333333336,18.9749013125,72.6610038125,0,4.966666666666667,0,SY COASTAL PEARL_51,Tanker,IMO8387790,210.9,33.7,12.3,0.0
sentinel_476,209053121,9,2026-09-03 23:00:00+00:00,2026-09-03 23:23:32+00:00,19.8,21.1,20.344444444444445,244.42222222222225,19.084829,72.57050366666667,0,4.866666666666666,0,FV WESTERN STAR_38,Passenger,IMO3093190,110.1,26.5,8.2,0.0
sentinel_476,218087708,24,2026-09-03 23:00:00+00:00,2026-09-04 00:04:45+00:00,12.0,13.1,12.470833333333333,205.63333333333333,18.917163125,72.75744304166666,0,4.866666666666666,0,MT ARABIAN KNIGHT_62,Tanker,IMO8890587,204.3,33.4,13.8,0.0
sentinel_476,250916077,15,2026-09-03 23:28:15+00:00,2026-09-04 00:11:19+00:00,17.0,19.0,18.026666666666664,221.16666666666666,19.110048533333334,72.58008126666667,0,4.833333333333333,0,MT MUMBAI EXPRESS_67,Passenger,IMO5553736,93.3,17.7,6.0,0.0
sentinel_476,274992570,67,2026-09-04 01:17:37+00:00,2026-09-04 04:41:41+00:00,5.7,8.4,7.08955223880597,196.0402985074627,19.003052970149255,72.69489473134328,0,4.866666666666666,0,FV MUMBAI EXPRESS_19,Fishing,IMO1115482,36.8,9.5,1.7,0.0
sentinel_476,285514406,6,2026-09-03 23:00:00+00:00,2026-09-03 23:17:58+00:00,16.9,18.1,17.616666666666667,308.93333333333334,19.165767666666667,72.56125283333334,0,4.833333333333333,0,MT SEA HORIZON_25,Passenger,IMO1258768,221.2,19.2,8.5,0.0
sentinel_476,368688902,26,2026-09-04 00:02:47+00:00,2026-09-04 01:21:19+00:00,11.2,13.0,12.13846153846154,31.196153846153848,19.073575961538463,72.576891,0,4.7,0,MT MUMBAI EXPRESS_99,Cargo,IMO1898516,213.1,17.8,11.2,0.0
sentinel_476,439670711,51,2026-09-04 02:21:55+00:00,2026-09-04 04:59:35+00:00,7.6,10.0,9.041176470588235,41.33137254901961,19.046102215686275,72.63898733333333,0,4.933333333333334,0,MV MUMBAI EXPRESS_14,Tanker,IMO3341057,203.1,18.7,8.5,0.0
sentinel_476,490612805,17,2026-09-03 23:14:03+00:00,2026-09-04 00:04:48+00:00,15.0,16.0,15.53529411764706,303.0764705882353,19.137831764705883,72.70706211764707,0,4.55,0,SY ARABIAN KNIGHT_48,Tanker,IMO4773549,247.2,22.2,9.9,0.0
sentinel_476,499317479,7,2026-09-03 23:00:00+00:00,2026-09-03 23:16:12+00:00,12.4,13.7,13.1,251.82857142857142,18.857319285714286,72.53762314285714,0,4.033333333333333,0,MV COASTAL PEARL_63,Cargo,IMO4547081,130.2,19.7,8.4,0.0
sentinel_476,569749767,11,2026-09-03 23:01:24+00:00,2026-09-03 23:33:21+00:00,17.8,18.8,18.263636363636365,120.5090909090909,18.85400927272727,72.58299218181818,0,4.733333333333333,0,MT MALABAR QUEEN_99,Container Ship,IMO7679508,249.9,27.1,9.8,0.0
sentinel_476,663550988,144,2026-09-04 03:56:55+00:00,2026-09-04 10:56:21+00:00,0.5,3.5,1.1590277777777778,70.22222222222223,19.14334527777778,72.58012919444444,0,4.916666666666667,34,FV MUMBAI EXPRESS_65,Fishing,IMO7614724,17.7,5.7,1.1,0.2361111111111111
sentinel_476,697169479,71,2026-09-03 23:45:24+00:00,2026-09-04 03:16:00+00:00,3.0,7.0,5.095774647887324,92.3,18.900984267605633,72.67297447887324,0,4.966666666666667,0,MT MUMBAI EXPRESS_41,Fishing,IMO1966769,36.2,5.8,3.1,0.0
sentinel_476,730915077,31,2026-09-03 23:04:52+00:00,2026-09-04 00:31:51+00:00,13.6,15.6,14.80967741935484,55.119354838709675,18.91756919354839,72.65614848387096,0,4.933333333333334,0,SY KONKAN TRADER_11,Cargo,IMO2293159,110.9,29.9,5.9,0.0
sentinel_476,790077090,45,2026-09-04 00:34:53+00:00,2026-09-04 02:59:19+00:00,6.2,9.0,7.751111111111111,288.53555555555556,18.971165822222222,72.67203915555555,0,4.966666666666667,0,SY COASTAL PEARL_51,Tanker,IMO8387790,210.9,33.7,12.3,0.0
sentinel_479,209053121,9,2026-09-03 23:00:00+00:00,2026-09-03 23:23:32+00:00,19.8,21.1,20.344444444444445,244.42222222222225,19.084829,72.57050366666667,0,4.866666666666666,0,FV WESTERN STAR_38,Passenger,IMO3093190,110.1,26.5,8.2,0.0
sentinel_479,218087708,24,2026-09-03 23:00:00+00:00,2026-09-04 00:04:45+00:00,12.0,13.1,12.470833333333333,205.63333333333333,18.917163125,72.75744304166666,0,4.866666666666666,0,MT ARABIAN KNIGHT_62,Tanker,IMO8890587,204.3,33.4,13.8,0.0
sentinel_479,250916077,15,2026-09-03 23:32:37+00:00,2026-09-04 00:15:56+00:00,17.3,19.0,18.12,221.06,19.09817273333333,72.56903893333333,0,4.833333333333333,0,MT MUMBAI EXPRESS_67,Passenger,IMO5553736,93.3,17.7,6.0,0.0
sentinel_479,274992570,65,2026-09-04 01:24:36+00:00,2026-09-04 04:41:41+00:00,5.7,8.4,7.115384615384615,195.98769230769233,18.997126815384615,72.69316392307692,0,4.866666666666666,0,FV MUMBAI EXPRESS_19,Fishing,IMO1115482,36.8,9.5,1.7,0.0
sentinel_479,285514406,5,2026-09-03 23:00:00+00:00,2026-09-03 23:13:08+00:00,16.9,18.1,17.580000000000002,308.88,19.159926,72.5688712,0,4.233333333333333,0,MT SEA HORIZON_25,Passenger,IMO1258768,221.2,19.2,8.5,0.0
sentinel_479,368688902,27,2026-09-04 00:01:11+00:00,2026-09-04 01:21:19+00:00,11.2,13.0,12.12962962962963,31.244444444444444,19.069392296296297,72.57411351851852,0,4.7,0,MT MUMBAI EXPRESS_99,Cargo,IMO1898516,213.1,17.8,11.2,0.0
sentinel_479,439670711,51,2026-09-04 02:18:42+00:00,2026-09-04 04:57:01+00:00,7.6,10.1,9.058823529411764,41.245098039215684,19.04015276470588,72.63347325490196,0,4.933333333333334,0,MV MUMBAI EXPRESS_14,Tanker,IMO3341057,203.1,18.7,8.5,0.0
sentinel_479,490612805,17,2026-09-03 23:09:11+00:00,2026-09-04 00:02:19+00:00,15.0,16.0,15.564705882352943,303.31176470588235,19.130071470588234,72.71955335294118,0,4.866666666666666,0,SY ARABIAN KNIGHT_48,Tanker,IMO4773549,247.2,22.2,9.9,0.0
sentinel_479,499317479,8,2026-09-03 23:00:00+00:00,2026-09-03 23:17:25+00:00,12.4,13.7,13.075,251.8125,18.85592575,72.533184125,0,4.033333333333333,0,MV COASTAL PEARL_63,Cargo,IMO4547081,130.2,19.7,8.4,0.0
sentinel_479,569749767,12,2026-09-03 23:00:00+00:00,2026-09-03 23:33:21+00:00,17.8,18.8,18.241666666666667,120.46666666666665,18.857841833333335,72.57607616666667,0,4.733333333333333,0,MT MALABAR QUEEN_99,Container Ship,IMO7679508,249.9,27.1,9.8,0.0
sentinel_479,663550988,145,2026-09-04 03:52:26+00:00,2026-09-04 10:56:21+00:00,0.5,3.7,1.176551724137931,70.17448275862068,19.143134179310344,72.57956283448276,0,4.916666666666667,34,FV MUMBAI EXPRESS_65,Fishing,IMO7614724,17.7,5.7,1.1,0.23448275862068965
sentinel_479,697169479,73,2026-09-03 23:41:07+00:00,2026-09-04 03:17:49+00:00,3.0,7.0,5.1000000000000005,92.23424657534247,18.90103895890411,72.67263112328767,0,4.966666666666667,0,MT MUMBAI EXPRESS_41,Fishing,IMO1966769,36.2,5.8,3.1,0.0
sentinel_479,730915077,32,2026-09-03 23:02:27+00:00,2026-09-04 00:31:51+00:00,13.6,15.6,14.803125,55.15625,18.91438303125,72.65126078125,0,4.933333333333334,0,SY KONKAN TRADER_11,Cargo,IMO2293159,110.9,29.9,5.9,0.0
sentinel_479,790077090,48,2026-09-04 00:33:27+00:00,2026-09-04 03:04:32+00:00,6.1,9.0,7.672916666666667,288.60833333333335,18.972660625,72.66795564583333,0,4.966666666666667,0,SY COASTAL PEARL_51,Tanker,IMO8387790,210.9,33.7,12.3,0.0
sentinel_480,209053121,9,2026-09-03 23:00:00+00:00,2026-09-03 23:23:32+00:00,19.8,21.1,20.344444444444445,244.42222222222225,19.084829,72.57050366666667,0,4.866666666666666,0,FV WESTERN STAR_38,Passenger,IMO3093190,110.1,26.5,8.2,0.0
sentinel_480,218087708,24,2026-09-03 23:00:00+00:00,2026-09-04 00:04:45+00:00,12.0,13.1,12.470833333333333,205.63333333333333,18.917163125,72.75744304166666,0,4.866666666666666,0,MT ARABIAN KNIGHT_62,Tanker,IMO8890587,204.3,33.4,13.8,0.0
sentinel_480,250916077,15,2026-09-03 23:28:15+00:00,2026-09-04 00:11:19+00:00,17.0,19.0,18.026666666666664,221.16666666666666,19.110048533333334,72.58008126666667,0,4.833333333333333,0,MT MUMBAI EXPRESS_67,Passenger,IMO5553736,93.3,17.7,6.0,0.0
sentinel_480,274992570,67,2026-09-04 01:17:37+00:00,2026-09-04 04:41:41+00:00,5.7,8.4,7.08955223880597,196.0402985074627,19.003052970149255,72.69489473134328,0,4.866666666666666,0,FV MUMBAI EXPRESS_19,Fishing,IMO1115482,36.8,9.5,1.7,0.0
sentinel_480,285514406,6,2026-09-03 23:00:00+00:00,2026-09-03 23:17:58+00:00,16.9,18.1,17.616666666666667,308.93333333333334,19.165767666666667,72.56125283333334,0,4.833333333333333,0,MT SEA HORIZON_25,Passenger,IMO1258768,221.2,19.2,8.5,0.0
sentinel_480,368688902,26,2026-09-04 00:02:47+00:00,2026-09-04 01:21:19+00:00,11.2,13.0,12.13846153846154,31.196153846153848,19.073575961538463,72.576891,0,4.7,0,MT MUMBAI EXPRESS_99,Cargo,IMO1898516,213.1,17.8,11.2,0.0
sentinel_480,439670711,51,2026-09-04 02:21:55+00:00,2026-09-04 04:59:35+00:00,7.6,10.0,9.041176470588235,41.33137254901961,19.046102215686275,72.63898733333333,0,4.933333333333334,0,MV MUMBAI EXPRESS_14,Tanker,IMO3341057,203.1,18.7,8.5,0.0
sentinel_480,490612805,17,2026-09-03 23:14:03+00:00,2026-09-04 00:04:48+00:00,15.0,16.0,15.53529411764706,303.0764705882353,19.137831764705883,72.70706211764707,0,4.55,0,SY ARABIAN KNIGHT_48,Tanker,IMO4773549,247.2,22.2,9.9,0.0
sentinel_480,499317479,7,2026-09-03 23:00:00+00:00,2026-09-03 23:16:12+00:00,12.4,13.7,13.1,251.82857142857142,18.857319285714286,72.53762314285714,0,4.033333333333333,0,MV COASTAL PEARL_63,Cargo,IMO4547081,130.2,19.7,8.4,0.0
sentinel_480,569749767,11,2026-09-03 23:01:24+00:00,2026-09-03 23:33:21+00:00,17.8,18.8,18.263636363636365,120.5090909090909,18.85400927272727,72.58299218181818,0,4.733333333333333,0,MT MALABAR QUEEN_99,Container Ship,IMO7679508,249.9,27.1,9.8,0.0
sentinel_480,663550988,144,2026-09-04 03:56:55+00:00,2026-09-04 10:56:21+00:00,0.5,3.5,1.1590277777777778,70.22222222222223,19.14334527777778,72.58012919444444,0,4.916666666666667,34,FV MUMBAI EXPRESS_65,Fishing,IMO7614724,17.7,5.7,1.1,0.2361111111111111
sentinel_480,697169479,71,2026-09-03 23:45:24+00:00,2026-09-04 03:16:00+00:00,3.0,7.0,5.095774647887324,92.3,18.900984267605633,72.67297447887324,0,4.966666666666667,0,MT MUMBAI EXPRESS_41,Fishing,IMO1966769,36.2,5.8,3.1,0.0
sentinel_480,730915077,31,2026-09-03 23:04:52+00:00,2026-09-04 00:31:51+00:00,13.6,15.6,14.80967741935484,55.119354838709675,18.91756919354839,72.65614848387096,0,4.933333333333334,0,SY KONKAN TRADER_11,Cargo,IMO2293159,110.9,29.9,5.9,0.0
sentinel_480,790077090,45,2026-09-04 00:34:53+00:00,2026-09-04 02:59:19+00:00,6.2,9.0,7.751111111111111,288.53555555555556,18.971165822222222,72.67203915555555,0,4.966666666666667,0,SY COASTAL PEARL_51,Tanker,IMO8387790,210.9,33.7,12.3,0.0
sentinel_481,209053121,9,2026-09-03 23:00:00+00:00,2026-09-03 23:23:32+00:00,19.8,21.1,20.344444444444445,244.42222222222225,19.084829,72.57050366666667,0,4.866666666666666,0,FV WESTERN STAR_38,Passenger,IMO3093190,110.1,26.5,8.2,0.0
sentinel_481,218087708,24,2026-09-03 23:00:00+00:00,2026-09-04 00:04:45+00:00,12.0,13.1,12.470833333333333,205.63333333333333,18.917163125,72.75744304166666,0,4.866666666666666,0,MT ARABIAN KNIGHT_62,Tanker,IMO8890587,204.3,33.4,13.8,0.0
sentinel_481,250916077,15,2026-09-03 23:32:37+00:00,2026-09-04 00:15:56+00:00,17.3,19.0,18.12,221.06,19.09817273333333,72.56903893333333,0,4.833333333333333,0,MT MUMBAI EXPRESS_67,Passenger,IMO5553736,93.3,17.7,6.0,0.0
sentinel_481,274992570,65,2026-09-04 01:28:56+00:00,2026-09-04 04:44:33+00:00,5.7,8.4,7.121538461538461,195.99076923076922,18.991361338461537,72.69141541538461,0,4.866666666666666,0,FV MUMBAI EXPRESS_19,Fishing,IMO1115482,36.8,9.5,1.7,0.0
sentinel_481,285514406,5,2026-09-03 23:00:00+00:00,2026-09-03 23:13:08+00:00,16.9,18.1,17.580000000000002,308.88,19.159926,72.5688712,0,4.233333333333333,0,MT SEA HORIZON_25,Passenger,IMO1258768,221.2,19.2,8.5,0.0
sentinel_481,368688902,27,2026-09-03 23:57:42+00:00,2026-09-04 01:18:48+00:00,11.2,13.0,12.107407407407406,31.4,19.060508666666667,72.56837707407406,0,4.7,0,MT MUMBAI EXPRESS_99,Cargo,IMO1898516,213.1,17.8,11.2,0.0
sentinel_481,439670711,49,2026-09-04 02:18:42+00:00,2026-09-04 04:52:10+00:00,7.6,10.1,9.061224489795919,41.21836734693878,19.03415493877551,72.62779195918367,0,4.933333333333334,0,MV MUMBAI EXPRESS_14,Tanker,IMO3341057,203.1,18.7,8.5,0.0
sentinel_481,490612805,15,2026-09-03 23:14:03+00:00,2026-09-03 23:58:38+00:00,15.0,16.0,15.506666666666666,303.42,19.130302066666665,72.71935006666666,0,4.55,0,SY ARABIAN KNIGHT_48,Tanker,IMO4773549,247.2,22.2,9.9,0.0
sentinel_481,499317479,8,2026-09-03 23:00:00+00:00,2026-09-03 23:17:25+00:00,12.4,13.7,13.075,251.8125,18.85592575,72.533184125,0,4.033333333333333,0,MV COASTAL PEARL_63,Cargo,IMO4547081,130.2,19.7,8.4,0.0
sentinel_481,569749767,13,2026-09-03 23:00:00+00:00,2026-09-03 23:34:25+00:00,17.8,18.9,18.292307692307695,120.56153846153846,18.854309076923077,72.58241253846154,0,4.733333333333333,0,MT MALABAR QUEEN_99,Container Ship,IMO7679508,249.9,27.1,9.8,0.0
sentinel_481,663550988,146,2026-09-04 03:48:19+00:00,2026-09-04 10:56:21+00:00,0.5,4.1,1.1965753424657533,70.12945205479451,19.142911602739723,72.5789735890411,0,4.916666666666667,34,FV MUMBAI EXPRESS_65,Fishing,IMO7614724,17.7,5.7,1.1,0.2328767123287671
sentinel_481,697169479,72,2026-09-03 23:41:07+00:00,2026-09-04 03:16:00+00:00,3.0,7.0,5.1194444444444445,92.27638888888889,18.901099152777775,72.67053943055555,0,4.966666666666667,0,MT MUMBAI EXPRESS_41,Fishing,IMO1966769,36.2,5.8,3.1,0.0
sentinel_481,730915077,32,2026-09-03 23:02:27+00:00,2026-09-04 00:31:51+00:00,13.6,15.6,14.803125,55.15625,18.91438303125,72.65126078125,0,4.933333333333334,0,SY KONKAN TRADER_11,Cargo,IMO2293159,110.9,29.9,5.9,0.0
sentinel_481,790077090,47,2026-09-04 00:34:53+00:00,2026-09-04 03:04:32+00:00,6.2,9.0,7.706382978723404,288.6659574468085,18.973658063829788,72.66466027659574,0,4.966666666666667,0,SY COASTAL PEARL_51,Tanker,IMO8387790,210.9,33.7,12.3,0.0
sentinel_503,209053121,10,2026-09-03 23:00:00+00:00,2026-09-03 23:27:15+00:00,19.8,21.1,20.39,244.53000000000003,19.0812527,72.5625692,0,4.866666666666666,0,FV WESTERN STAR_38,Passenger,IMO3093190,110.1,26.5,8.2,0.0
sentinel_503,218087708,23,2026-09-03 23:01:57+00:00,2026-09-04 00:04:45+00:00,12.0,13.1,12.447826086956523,205.54782608695655,18.91259991304348,72.75504452173912,0,4.866666666666666,0,MT ARABIAN KNIGHT_62,Tanker,IMO8890587,204.3,33.4,13.8,0.0
sentinel_503,250916077,15,2026-09-03 23:32:37+00:00,2026-09-04 00:15:56+00:00,17.3,19.0,18.12,221.06,19.09817273333333,72.56903893333333,0,4.833333333333333,0,MT MUMBAI EXPRESS_67,Passenger,IMO5553736,93.3,17.7,6.0,0.0
sentinel_503,274992570,66,2026-09-04 01:20:41+00:00,2026-09-04 04:41:41+00:00,5.7,8.4,7.1030303030303035,196.01363636363635,19.00009674242424,72.69402951515151,0,4.866666666666666,0,FV MUMBAI EXPRESS_19,Fishing,IMO1115482,36.8,9.5,1.7,0.0
sentinel_503,285514406,6,2026-09-03 23:00:00+00:00,2026-09-03 23:17:58+00:00,16.9,18.1,17.616666666666667,308.93333333333334,19.165767666666667,72.56125283333334,0,4.833333333333333,0,MT SEA HORIZON_25,Passenger,IMO1258768,221.2,19.2,8.5,0.0
sentinel_503,368688902,29,2026-09-03 23:55:36+00:00,2026-09-04 01:21:19+00:00,11.2,13.0,12.10689655172414,31.32758620689655,19.061018999999998,72.56854751724137,0,4.7,0,MT MUMBAI EXPRESS_99,Cargo,IMO1898516,213.1,17.8,11.2,0.0
sentinel_503,439670711,52,2026-09-04 02:18:42+00:00,2026-09-04 04:59:35+00:00,7.6,10.1,9.061538461538461,41.267307692307696,19.04311019230769,72.63627492307693,0,4.933333333333334,0,MV MUMBAI EXPRESS_14,Tanker,IMO3341057,203.1,18.7,8.5,0.0
sentinel_503,490612805,16,2026-09-03 23:14:03+00:00,2026-09-04 00:02:19+00:00,15.0,16.0,15.5375,303.26875,19.13412575,72.7131336875,0,4.55,0,SY ARABIAN KNIGHT_48,Tanker,IMO4773549,247.2,22.2,9.9,0.0
sentinel_503,499317479,9,2026-09-03 23:00:00+00:00,2026-09-03 23:20:11+00:00,12.4,13.7,13.044444444444444,251.7888888888889,18.85449733333333,72.52863355555556,0,4.033333333333333,0,MV COASTAL PEARL_63,Cargo,IMO4547081,130.2,19.7,8.4,0.0
sentinel_503,569749767,12,2026-09-03 23:00:00+00:00,2026-09-03 23:33:21+00:00,17.8,18.8,18.241666666666667,120.46666666666665,18.857841833333335,72.57607616666667,0,4.733333333333333,0,MT MALABAR QUEEN_99,Container Ship,IMO7679508,249.9,27.1,9.8,0.0
sentinel_503,663550988,147,2026-09-04 03:46:01+00:00,2026-09-04 10:56:21+00:00,0.5,4.1,1.2156462585034014,70.0891156462585,19.14268457142857,72.57837597278912,0,4.916666666666667,34,FV MUMBAI EXPRESS_65,Fishing,IMO7614724,17.7,5.7,1.1,0.23129251700680273
sentinel_503,697169479,70,2026-09-03 23:38:07+00:00,2026-09-04 03:05:49+00:00,3.0,7.0,5.2057142857142855,92.40428571428572,18.901408571428572,72.66163055714286,0,4.966666666666667,0,MT MUMBAI EXPRESS_41,Fishing,IMO1966769,36.2,5.8,3.1,0.0
sentinel_503,730915077,30,2026-09-03 23:02:27+00:00,2026-09-04 00:26:07+00:00,13.6,15.6,14.753333333333334,55.16,18.907131733333337,72.6403725,0,4.933333333333334,0,SY KONKAN TRADER_11,Cargo,IMO2293159,110.9,29.9,5.9,0.0
sentinel_503,790077090,45,2026-09-04 00:42:24+00:00,2026-09-04 03:04:32+00:00,6.2,9.0,7.762222222222222,288.77777777777777,18.97572282222222,72.65786284444444,0,4.966666666666667,0,SY COASTAL PEARL_51,Tanker,IMO8387790,210.9,33.7,12.3,0.0
sentinel_504,209053121,9,2026-09-03 23:00:00+00:00,2026-09-03 23:23:32+00:00,19.8,21.1,20.344444444444445,244.42222222222225,19.084829,72.57050366666667,0,4.866666666666666,0,FV WESTERN STAR_38,Passenger,IMO3093190,110.1,26.5,8.2,0.0
sentinel_504,218087708,24,2026-09-03 23:00:00+00:00,2026-09-04 00:04:45+00:00,12.0,13.1,12.470833333333333,205.63333333333333,18.917163125,72.75744304166666,0,4.866666666666666,0,MT ARABIAN KNIGHT_62,Tanker,IMO8890587,204.3,33.4,13.8,0.0
sentinel_504,250916077,15,2026-09-03 23:28:15+00:00,2026-09-04 00:11:19+00:00,17.0,19.0,18.026666666666664,221.16666666666666,19.110048533333334,72.58008126666667,0,4.833333333333333,0,MT MUMBAI EXPRESS_67,Passenger,IMO5553736,93.3,17.7,6.0,0.0
sentinel_504,274992570,67,2026-09-04 01:17:37+00:00,2026-09-04 04:41:41+00:00,5.7,8.4,7.08955223880597,196.0402985074627,19.003052970149255,72.69489473134328,0,4.866666666666666,0,FV MUMBAI EXPRESS_19,Fishing,IMO1115482,36.8,9.5,1.7,0.0
sentinel_504,285514406,6,2026-09-03 23:00:00+00:00,2026-09-03 23:17:58+00:00,16.9,18.1,17.616666666666667,308.93333333333334,19.165767666666667,72.56125283333334,0,4.833333333333333,0,MT SEA HORIZON_25,Passenger,IMO1258768,221.2,19.2,8.5,0.0
sentinel_504,368688902,26,2026-09-04 00:02:47+00:00,2026-09-04 01:21:19+00:00,11.2,13.0,12.13846153846154,31.196153846153848,19.073575961538463,72.576891,0,4.7,0,MT MUMBAI EXPRESS_99,Cargo,IMO1898516,213.1,17.8,11.2,0.0
sentinel_504,439670711,51,2026-09-04 02:21:55+00:00,2026-09-04 04:59:35+00:00,7.6,10.0,9.041176470588235,41.33137254901961,19.046102215686275,72.63898733333333,0,4.933333333333334,0,MV MUMBAI EXPRESS_14,Tanker,IMO3341057,203.1,18.7,8.5,0.0
sentinel_504,490612805,17,2026-09-03 23:14:03+00:00,2026-09-04 00:04:48+00:00,15.0,16.0,15.53529411764706,303.0764705882353,19.137831764705883,72.70706211764707,0,4.55,0,SY ARABIAN KNIGHT_48,Tanker,IMO4773549,247.2,22.2,9.9,0.0
sentinel_504,499317479,7,2026-09-03 23:00:00+00:00,2026-09-03 23:16:12+00:00,12.4,13.7,13.1,251.82857142857142,18.857319285714286,72.53762314285714,0,4.033333333333333,0,MV COASTAL PEARL_63,Cargo,IMO4547081,130.2,19.7,8.4,0.0
sentinel_504,569749767,11,2026-09-03 23:01:24+00:00,2026-09-03 23:33:21+00:00,17.8,18.8,18.263636363636365,120.5090909090909,18.85400927272727,72.58299218181818,0,4.733333333333333,0,MT MALABAR QUEEN_99,Container Ship,IMO7679508,249.9,27.1,9.8,0.0
sentinel_504,663550988,144,2026-09-04 03:56:55+00:00,2026-09-04 10:56:21+00:00,0.5,3.5,1.1590277777777778,70.22222222222223,19.14334527777778,72.58012919444444,0,4.916666666666667,34,FV MUMBAI EXPRESS_65,Fishing,IMO7614724,17.7,5.7,1.1,0.2361111111111111
sentinel_504,697169479,70,2026-09-03 23:45:24+00:00,2026-09-04 03:14:13+00:00,3.0,7.0,5.12,92.35142857142857,18.90104594285714,72.6708536,0,4.966666666666667,0,MT MUMBAI EXPRESS_41,Fishing,IMO1966769,36.2,5.8,3.1,0.0
sentinel_504,730915077,31,2026-09-03 23:04:52+00:00,2026-09-04 00:31:51+00:00,13.6,15.6,14.80967741935484,55.119354838709675,18.91756919354839,72.65614848387096,0,4.933333333333334,0,SY KONKAN TRADER_11,Cargo,IMO2293159,110.9,29.9,5.9,0.0
sentinel_504,790077090,44,2026-09-04 00:37:52+00:00,2026-09-04 02:59:19+00:00,6.2,9.0,7.777272727272727,288.59090909090907,18.97218215909091,72.66866804545454,0,4.966666666666667,0,SY COASTAL PEARL_51,Tanker,IMO8387790,210.9,33.7,12.3,0.0
sentinel_517,209053121,9,2026-09-03 23:00:00+00:00,2026-09-03 23:23:32+00:00,19.8,21.1,20.344444444444445,244.42222222222225,19.084829,72.57050366666667,0,4.866666666666666,0,FV WESTERN STAR_38,Passenger,IMO3093190,110.1,26.5,8.2,0.0
sentinel_517,218087708,24,2026-09-03 23:00:00+00:00,2026-09-04 00:04:45+00:00,12.0,13.1,12.470833333333333,205.63333333333333,18.917163125,72.75744304166666,0,4.866666666666666,0,MT ARABIAN KNIGHT_62,Tanker,IMO8890587,204.3,33.4,13.8,0.0
sentinel_517,250916077,15,2026-09-03 23:28:15+00:00,2026-09-04 00:11:19+00:00,17.0,19.0,18.026666666666664,221.16666666666666,19.110048533333334,72.58008126666667,0,4.833333333333333,0,MT MUMBAI EXPRESS_67,Passenger,IMO5553736,93.3,17.7,6.0,0.0
sentinel_517,274992570,67,2026-09-04 01:17:37+00:00,2026-09-04 04:41:41+00:00,5.7,8.4,7.08955223880597,196.0402985074627,19.003052970149255,72.69489473134328,0,4.866666666666666,0,FV MUMBAI EXPRESS_19,Fishing,IMO1115482,36.8,9.5,1.7,0.0
sentinel_517,285514406,6,2026-09-03 23:00:00+00:00,2026-09-03 23:17:58+00:00,16.9,18.1,17.616666666666667,308.93333333333334,19.165767666666667,72.56125283333334,0,4.833333333333333,0,MT SEA HORIZON_25,Passenger,IMO1258768,221.2,19.2,8.5,0.0
sentinel_517,368688902,26,2026-09-04 00:02:47+00:00,2026-09-04 01:21:19+00:00,11.2,13.0,12.13846153846154,31.196153846153848,19.073575961538463,72.576891,0,4.7,0,MT MUMBAI EXPRESS_99,Cargo,IMO1898516,213.1,17.8,11.2,0.0
sentinel_517,439670711,51,2026-09-04 02:21:55+00:00,2026-09-04 04:59:35+00:00,7.6,10.0,9.041176470588235,41.33137254901961,19.046102215686275,72.63898733333333,0,4.933333333333334,0,MV MUMBAI EXPRESS_14,Tanker,IMO3341057,203.1,18.7,8.5,0.0
sentinel_517,490612805,17,2026-09-03 23:14:03+00:00,2026-09-04 00:04:48+00:00,15.0,16.0,15.53529411764706,303.0764705882353,19.137831764705883,72.70706211764707,0,4.55,0,SY ARABIAN KNIGHT_48,Tanker,IMO4773549,247.2,22.2,9.9,0.0
sentinel_517,499317479,7,2026-09-03 23:00:00+00:00,2026-09-03 23:16:12+00:00,12.4,13.7,13.1,251.82857142857142,18.857319285714286,72.53762314285714,0,4.033333333333333,0,MV COASTAL PEARL_63,Cargo,IMO4547081,130.2,19.7,8.4,0.0
sentinel_517,569749767,11,2026-09-03 23:01:24+00:00,2026-09-03 23:33:21+00:00,17.8,18.8,18.263636363636365,120.5090909090909,18.85400927272727,72.58299218181818,0,4.733333333333333,0,MT MALABAR QUEEN_99,Container Ship,IMO7679508,249.9,27.1,9.8,0.0
sentinel_517,663550988,144,2026-09-04 03:56:55+00:00,2026-09-04 10:56:21+00:00,0.5,3.5,1.1590277777777778,70.22222222222223,19.14334527777778,72.58012919444444,0,4.916666666666667,34,FV MUMBAI EXPRESS_65,Fishing,IMO7614724,17.7,5.7,1.1,0.2361111111111111
sentinel_517,697169479,71,2026-09-03 23:45:24+00:00,2026-09-04 03:16:00+00:00,3.0,7.0,5.095774647887324,92.3,18.900984267605633,72.67297447887324,0,4.966666666666667,0,MT MUMBAI EXPRESS_41,Fishing,IMO1966769,36.2,5.8,3.1,0.0
sentinel_517,730915077,31,2026-09-03 23:04:52+00:00,2026-09-04 00:31:51+00:00,13.6,15.6,14.80967741935484,55.119354838709675,18.91756919354839,72.65614848387096,0,4.933333333333334,0,SY KONKAN TRADER_11,Cargo,IMO2293159,110.9,29.9,5.9,0.0
sentinel_517,790077090,45,2026-09-04 00:34:53+00:00,2026-09-04 02:59:19+00:00,6.2,9.0,7.751111111111111,288.53555555555556,18.971165822222222,72.67203915555555,0,4.966666666666667,0,SY COASTAL PEARL_51,Tanker,IMO8387790,210.9,33.7,12.3,0.0
sentinel_525,209053121,9,2026-09-03 23:00:00+00:00,2026-09-03 23:23:32+00:00,19.8,21.1,20.344444444444445,244.42222222222225,19.084829,72.57050366666667,0,4.866666666666666,0,FV WESTERN STAR_38,Passenger,IMO3093190,110.1,26.5,8.2,0.0
sentinel_525,218087708,24,2026-09-03 23:00:00+00:00,2026-09-04 00:04:45+00:00,12.0,13.1,12.470833333333333,205.63333333333333,18.917163125,72.75744304166666,0,4.866666666666666,0,MT ARABIAN KNIGHT_62,Tanker,IMO8890587,204.3,33.4,13.8,0.0
sentinel_525,250916077,15,2026-09-03 23:28:15+00:00,2026-09-04 00:11:19+00:00,17.0,19.0,18.026666666666664,221.16666666666666,19.110048533333334,72.58008126666667,0,4.833333333333333,0,MT MUMBAI EXPRESS_67,Passenger,IMO5553736,93.3,17.7,6.0,0.0
sentinel_525,274992570,67,2026-09-04 01:17:37+00:00,2026-09-04 04:41:41+00:00,5.7,8.4,7.08955223880597,196.0402985074627,19.003052970149255,72.69489473134328,0,4.866666666666666,0,FV MUMBAI EXPRESS_19,Fishing,IMO1115482,36.8,9.5,1.7,0.0
sentinel_525,285514406,6,2026-09-03 23:00:00+00:00,2026-09-03 23:17:58+00:00,16.9,18.1,17.616666666666667,308.93333333333334,19.165767666666667,72.56125283333334,0,4.833333333333333,0,MT SEA HORIZON_25,Passenger,IMO1258768,221.2,19.2,8.5,0.0
sentinel_525,368688902,26,2026-09-04 00:02:47+00:00,2026-09-04 01:21:19+00:00,11.2,13.0,12.13846153846154,31.196153846153848,19.073575961538463,72.576891,0,4.7,0,MT MUMBAI EXPRESS_99,Cargo,IMO1898516,213.1,17.8,11.2,0.0
sentinel_525,439670711,51,2026-09-04 02:21:55+00:00,2026-09-04 04:59:35+00:00,7.6,10.0,9.041176470588235,41.33137254901961,19.046102215686275,72.63898733333333,0,4.933333333333334,0,MV MUMBAI EXPRESS_14,Tanker,IMO3341057,203.1,18.7,8.5,0.0
sentinel_525,490612805,17,2026-09-03 23:14:03+00:00,2026-09-04 00:04:48+00:00,15.0,16.0,15.53529411764706,303.0764705882353,19.137831764705883,72.70706211764707,0,4.55,0,SY ARABIAN KNIGHT_48,Tanker,IMO4773549,247.2,22.2,9.9,0.0
sentinel_525,499317479,7,2026-09-03 23:00:00+00:00,2026-09-03 23:16:12+00:00,12.4,13.7,13.1,251.82857142857142,18.857319285714286,72.53762314285714,0,4.033333333333333,0,MV COASTAL PEARL_63,Cargo,IMO4547081,130.2,19.7,8.4,0.0
sentinel_525,569749767,11,2026-09-03 23:01:24+00:00,2026-09-03 23:33:21+00:00,17.8,18.8,18.263636363636365,120.5090909090909,18.85400927272727,72.58299218181818,0,4.733333333333333,0,MT MALABAR QUEEN_99,Container Ship,IMO7679508,249.9,27.1,9.8,0.0
sentinel_525,663550988,144,2026-09-04 03:56:55+00:00,2026-09-04 10:56:21+00:00,0.5,3.5,1.1590277777777778,70.22222222222223,19.14334527777778,72.58012919444444,0,4.916666666666667,34,FV MUMBAI EXPRESS_65,Fishing,IMO7614724,17.7,5.7,1.1,0.2361111111111111
sentinel_525,697169479,71,2026-09-03 23:45:24+00:00,2026-09-04 03:16:00+00:00,3.0,7.0,5.095774647887324,92.3,18.900984267605633,72.67297447887324,0,4.966666666666667,0,MT MUMBAI EXPRESS_41,Fishing,IMO1966769,36.2,5.8,3.1,0.0
sentinel_525,730915077,31,2026-09-03 23:04:52+00:00,2026-09-04 00:31:51+00:00,13.6,15.6,14.80967741935484,55.119354838709675,18.91756919354839,72.65614848387096,0,4.933333333333334,0,SY KONKAN TRADER_11,Cargo,IMO2293159,110.9,29.9,5.9,0.0
sentinel_525,790077090,45,2026-09-04 00:34:53+00:00,2026-09-04 02:59:19+00:00,6.2,9.0,7.751111111111111,288.53555555555556,18.971165822222222,72.67203915555555,0,4.966666666666667,0,SY COASTAL PEARL_51,Tanker,IMO8387790,210.9,33.7,12.3,0.0
sentinel_533,209053121,9,2026-09-03 23:00:00+00:00,2026-09-03 23:23:32+00:00,19.8,21.1,20.344444444444445,244.42222222222225,19.084829,72.57050366666667,0,4.866666666666666,0,FV WESTERN STAR_38,Passenger,IMO3093190,110.1,26.5,8.2,0.0
sentinel_533,218087708,24,2026-09-03 23:00:00+00:00,2026-09-04 00:04:45+00:00,12.0,13.1,12.470833333333333,205.63333333333333,18.917163125,72.75744304166666,0,4.866666666666666,0,MT ARABIAN KNIGHT_62,Tanker,IMO8890587,204.3,33.4,13.8,0.0
sentinel_533,250916077,14,2026-09-03 23:34:35+00:00,2026-09-04 00:15:56+00:00,17.3,19.0,18.178571428571427,221.00714285714284,19.092198999999997,72.56341514285714,0,4.833333333333333,0,MT MUMBAI EXPRESS_67,Passenger,IMO5553736,93.3,17.7,6.0,0.0
sentinel_533,274992570,63,2026-09-04 01:28:56+00:00,2026-09-04 04:39:17+00:00,5.7,8.4,7.147619047619048,195.94285714285715,18.99698573015873,72.69319957142856,0,4.866666666666666,0,FV MUMBAI EXPRESS_19,Fishing,IMO1115482,36.8,9.5,1.7,0.0
sentinel_533,285514406,5,2026-09-03 23:00:00+00:00,2026-09-03 23:13:08+00:00,16.9,18.1,17.580000000000002,308.88,19.159926,72.5688712,0,4.233333333333333,0,MT SEA HORIZON_25,Passenger,IMO1258768,221.2,19.2,8.5,0.0
sentinel_533,368688902,26,2026-09-03 23:57:42+00:00,2026-09-04 01:16:35+00:00,11.2,13.0,12.076923076923077,31.51153846153846,19.055803576923076,72.56540323076923,0,4.7,0,MT MUMBAI EXPRESS_99,Cargo,IMO1898516,213.1,17.8,11.2,0.0
sentinel_533,439670711,49,2026-09-04 02:18:42+00:00,2026-09-04 04:52:10+00:00,7.6,10.1,9.061224489795919,41.21836734693878,19.03415493877551,72.62779195918367,0,4.933333333333334,0,MV MUMBAI EXPRESS_14,Tanker,IMO3341057,203.1,18.7,8.5,0.0
sentinel_533,490612805,15,2026-09-03 23:09:11+00:00,2026-09-03 23:54:05+00:00,15.0,16.0,15.54,303.5933333333333,19.1224332,72.73188866666666,0,4.866666666666666,0,SY ARABIAN KNIGHT_48,Tanker,IMO4773549,247.2,22.2,9.9,0.0
sentinel_533,499317479,8,2026-09-03 23:00:00+00:00,2026-09-03 23:17:25+00:00,12.4,13.7,13.075,251.8125,18.85592575,72.533184125,0,4.033333333333333,0,MV COASTAL PEARL_63,Cargo,IMO4547081,130.2,19.7,8.4,0.0
sentinel_533,569749767,11,2026-09-03 23:00:00+00:00,2026-09-03 23:30:46+00:00,17.8,18.8,18.21818181818182,120.39090909090909,18.861759727272727,72.5690351818182,0,4.733333333333333,0,MT MALABAR QUEEN_99,Container Ship,IMO7679508,249.9,27.1,9.8,0.0
sentinel_533,663550988,146,2026-09-04 03:48:19+00:00,2026-09-04 10:56:21+00:00,0.5,4.1,1.1965753424657533,70.12945205479451,19.142911602739723,72.5789735890411,0,4.916666666666667,34,FV MUMBAI EXPRESS_65,Fishing,IMO7614724,17.7,5.7,1.1,0.2328767123287671
sentinel_533,697169479,73,2026-09-03 23:41:07+00:00,2026-09-04 03:17:49+00:00,3.0,7.0,5.1000000000000005,92.23424657534247,18.90103895890411,72.67263112328767,0,4.966666666666667,0,MT MUMBAI EXPRESS_41,Fishing,IMO1966769,36.2,5.8,3.1,0.0
sentinel_533,730915077,31,2026-09-03 23:04:52+00:00,2026-09-04 00:31:51+00:00,13.6,15.6,14.80967741935484,55.119354838709675,18.91756919354839,72.65614848387096,0,4.933333333333334,0,SY KONKAN TRADER_11,Cargo,IMO2293159,110.9,29.9,5.9,0.0
sentinel_533,790077090,48,2026-09-04 00:33:27+00:00,2026-09-04 03:04:32+00:00,6.1,9.0,7.672916666666667,288.60833333333335,18.972660625,72.66795564583333,0,4.966666666666667,0,SY COASTAL PEARL_51,Tanker,IMO8387790,210.9,33.7,12.3,0.0
sentinel_565,209053121,9,2026-09-03 23:00:00+00:00,2026-09-03 23:23:32+00:00,19.8,21.1,20.344444444444445,244.42222222222225,19.084829,72.57050366666667,0,4.866666666666666,0,FV WESTERN STAR_38,Passenger,IMO3093190,110.1,26.5,8.2,0.0
sentinel_565,218087708,24,2026-09-03 23:00:00+00:00,2026-09-04 00:04:45+00:00,12.0,13.1,12.470833333333333,205.63333333333333,18.917163125,72.75744304166666,0,4.866666666666666,0,MT ARABIAN KNIGHT_62,Tanker,IMO8890587,204.3,33.4,13.8,0.0
sentinel_565,250916077,15,2026-09-03 23:28:15+00:00,2026-09-04 00:11:19+00:00,17.0,19.0,18.026666666666664,221.16666666666666,19.110048533333334,72.58008126666667,0,4.833333333333333,0,MT MUMBAI EXPRESS_67,Passenger,IMO5553736,93.3,17.7,6.0,0.0
sentinel_565,274992570,67,2026-09-04 01:17:37+00:00,2026-09-04 04:41:41+00:00,5.7,8.4,7.08955223880597,196.0402985074627,19.003052970149255,72.69489473134328,0,4.866666666666666,0,FV MUMBAI EXPRESS_19,Fishing,IMO1115482,36.8,9.5,1.7,0.0
sentinel_565,285514406,6,2026-09-03 23:00:00+00:00,2026-09-03 23:17:58+00:00,16.9,18.1,17.616666666666667,308.93333333333334,19.165767666666667,72.56125283333334,0,4.833333333333333,0,MT SEA HORIZON_25,Passenger,IMO1258768,221.2,19.2,8.5,0.0
sentinel_565,368688902,26,2026-09-04 00:02:47+00:00,2026-09-04 01:21:19+00:00,11.2,13.0,12.13846153846154,31.196153846153848,19.073575961538463,72.576891,0,4.7,0,MT MUMBAI EXPRESS_99,Cargo,IMO1898516,213.1,17.8,11.2,0.0
sentinel_565,439670711,51,2026-09-04 02:21:55+00:00,2026-09-04 04:59:35+00:00,7.6,10.0,9.041176470588235,41.33137254901961,19.046102215686275,72.63898733333333,0,4.933333333333334,0,MV MUMBAI EXPRESS_14,Tanker,IMO3341057,203.1,18.7,8.5,0.0
sentinel_565,490612805,17,2026-09-03 23:14:03+00:00,2026-09-04 00:04:48+00:00,15.0,16.0,15.53529411764706,303.0764705882353,19.137831764705883,72.70706211764707,0,4.55,0,SY ARABIAN KNIGHT_48,Tanker,IMO4773549,247.2,22.2,9.9,0.0
sentinel_565,499317479,7,2026-09-03 23:00:00+00:00,2026-09-03 23:16:12+00:00,12.4,13.7,13.1,251.82857142857142,18.857319285714286,72.53762314285714,0,4.033333333333333,0,MV COASTAL PEARL_63,Cargo,IMO4547081,130.2,19.7,8.4,0.0
sentinel_565,569749767,11,2026-09-03 23:01:24+00:00,2026-09-03 23:33:21+00:00,17.8,18.8,18.263636363636365,120.5090909090909,18.85400927272727,72.58299218181818,0,4.733333333333333,0,MT MALABAR QUEEN_99,Container Ship,IMO7679508,249.9,27.1,9.8,0.0
sentinel_565,663550988,144,2026-09-04 03:56:55+00:00,2026-09-04 10:56:21+00:00,0.5,3.5,1.1590277777777778,70.22222222222223,19.14334527777778,72.58012919444444,0,4.916666666666667,34,FV MUMBAI EXPRESS_65,Fishing,IMO7614724,17.7,5.7,1.1,0.2361111111111111
sentinel_565,697169479,71,2026-09-03 23:45:24+00:00,2026-09-04 03:16:00+00:00,3.0,7.0,5.095774647887324,92.3,18.900984267605633,72.67297447887324,0,4.966666666666667,0,MT MUMBAI EXPRESS_41,Fishing,IMO1966769,36.2,5.8,3.1,0.0
sentinel_565,730915077,31,2026-09-03 23:04:52+00:00,2026-09-04 00:31:51+00:00,13.6,15.6,14.80967741935484,55.119354838709675,18.91756919354839,72.65614848387096,0,4.933333333333334,0,SY KONKAN TRADER_11,Cargo,IMO2293159,110.9,29.9,5.9,0.0
sentinel_565,790077090,45,2026-09-04 00:34:53+00:00,2026-09-04 02:59:19+00:00,6.2,9.0,7.751111111111111,288.53555555555556,18.971165822222222,72.67203915555555,0,4.966666666666667,0,SY COASTAL PEARL_51,Tanker,IMO8387790,210.9,33.7,12.3,0.0
sentinel_576,209053121,9,2026-09-03 23:00:00+00:00,2026-09-03 23:23:32+00:00,19.8,21.1,20.344444444444445,244.42222222222225,19.084829,72.57050366666667,0,4.866666666666666,0,FV WESTERN STAR_38,Passenger,IMO3093190,110.1,26.5,8.2,0.0
sentinel_576,218087708,24,2026-09-03 23:00:00+00:00,2026-09-04 00:04:45+00:00,12.0,13.1,12.470833333333333,205.63333333333333,18.917163125,72.75744304166666,0,4.866666666666666,0,MT ARABIAN KNIGHT_62,Tanker,IMO8890587,204.3,33.4,13.8,0.0
sentinel_576,250916077,15,2026-09-03 23:28:15+00:00,2026-09-04 00:11:19+00:00,17.0,19.0,18.026666666666664,221.16666666666666,19.110048533333334,72.58008126666667,0,4.833333333333333,0,MT MUMBAI EXPRESS_67,Passenger,IMO5553736,93.3,17.7,6.0,0.0
sentinel_576,274992570,67,2026-09-04 01:17:37+00:00,2026-09-04 04:41:41+00:00,5.7,8.4,7.08955223880597,196.0402985074627,19.003052970149255,72.69489473134328,0,4.866666666666666,0,FV MUMBAI EXPRESS_19,Fishing,IMO1115482,36.8,9.5,1.7,0.0
sentinel_576,285514406,6,2026-09-03 23:00:00+00:00,2026-09-03 23:17:58+00:00,16.9,18.1,17.616666666666667,308.93333333333334,19.165767666666667,72.56125283333334,0,4.833333333333333,0,MT SEA HORIZON_25,Passenger,IMO1258768,221.2,19.2,8.5,0.0
sentinel_576,368688902,26,2026-09-04 00:02:47+00:00,2026-09-04 01:21:19+00:00,11.2,13.0,12.13846153846154,31.196153846153848,19.073575961538463,72.576891,0,4.7,0,MT MUMBAI EXPRESS_99,Cargo,IMO1898516,213.1,17.8,11.2,0.0
sentinel_576,439670711,51,2026-09-04 02:21:55+00:00,2026-09-04 04:59:35+00:00,7.6,10.0,9.041176470588235,41.33137254901961,19.046102215686275,72.63898733333333,0,4.933333333333334,0,MV MUMBAI EXPRESS_14,Tanker,IMO3341057,203.1,18.7,8.5,0.0
sentinel_576,490612805,17,2026-09-03 23:14:03+00:00,2026-09-04 00:04:48+00:00,15.0,16.0,15.53529411764706,303.0764705882353,19.137831764705883,72.70706211764707,0,4.55,0,SY ARABIAN KNIGHT_48,Tanker,IMO4773549,247.2,22.2,9.9,0.0
sentinel_576,499317479,7,2026-09-03 23:00:00+00:00,2026-09-03 23:16:12+00:00,12.4,13.7,13.1,251.82857142857142,18.857319285714286,72.53762314285714,0,4.033333333333333,0,MV COASTAL PEARL_63,Cargo,IMO4547081,130.2,19.7,8.4,0.0
sentinel_576,569749767,11,2026-09-03 23:01:24+00:00,2026-09-03 23:33:21+00:00,17.8,18.8,18.263636363636365,120.5090909090909,18.85400927272727,72.58299218181818,0,4.733333333333333,0,MT MALABAR QUEEN_99,Container Ship,IMO7679508,249.9,27.1,9.8,0.0
sentinel_576,663550988,144,2026-09-04 03:56:55+00:00,2026-09-04 10:56:21+00:00,0.5,3.5,1.1590277777777778,70.22222222222223,19.14334527777778,72.58012919444444,0,4.916666666666667,34,FV MUMBAI EXPRESS_65,Fishing,IMO7614724,17.7,5.7,1.1,0.2361111111111111
sentinel_576,697169479,71,2026-09-03 23:45:24+00:00,2026-09-04 03:16:00+00:00,3.0,7.0,5.095774647887324,92.3,18.900984267605633,72.67297447887324,0,4.966666666666667,0,MT MUMBAI EXPRESS_41,Fishing,IMO1966769,36.2,5.8,3.1,0.0
sentinel_576,730915077,31,2026-09-03 23:04:52+00:00,2026-09-04 00:31:51+00:00,13.6,15.6,14.80967741935484,55.119354838709675,18.91756919354839,72.65614848387096,0,4.933333333333334,0,SY KONKAN TRADER_11,Cargo,IMO2293159,110.9,29.9,5.9,0.0
sentinel_576,790077090,45,2026-09-04 00:34:53+00:00,2026-09-04 02:59:19+00:00,6.2,9.0,7.751111111111111,288.53555555555556,18.971165822222222,72.67203915555555,0,4.966666666666667,0,SY COASTAL PEARL_51,Tanker,IMO8387790,210.9,33.7,12.3,0.0
sentinel_58,209053121,9,2026-09-03 23:00:00+00:00,2026-09-03 23:23:32+00:00,19.8,21.1,20.344444444444445,244.42222222222225,19.084829,72.57050366666667,0,4.866666666666666,0,FV WESTERN STAR_38,Passenger,IMO3093190,110.1,26.5,8.2,0.0
sentinel_58,218087708,23,2026-09-03 23:00:00+00:00,2026-09-03 23:59:57+00:00,12.0,13.1,12.47391304347826,205.7217391304348,18.921383304347827,72.75953334782608,0,4.866666666666666,0,MT ARABIAN KNIGHT_62,Tanker,IMO8890587,204.3,33.4,13.8,0.0
sentinel_58,250916077,14,2026-09-03 23:32:37+00:00,2026-09-04 00:11:19+00:00,17.3,19.0,18.1,221.12857142857143,19.103826285714288,72.57421171428571,0,4.833333333333333,0,MT MUMBAI EXPRESS_67,Passenger,IMO5553736,93.3,17.7,6.0,0.0
sentinel_58,274992570,63,2026-09-04 01:24:36+00:00,2026-09-04 04:35:14+00:00,5.7,8.4,7.1460317460317455,195.9269841269841,19.00279907936508,72.69495753968255,0,4.866666666666666,0,FV MUMBAI EXPRESS_19,Fishing,IMO1115482,36.8,9.5,1.7,0.0
sentinel_58,285514406,5,2026-09-03 23:00:00+00:00,2026-09-03 23:13:08+00:00,16.9,18.1,17.580000000000002,308.88,19.159926,72.5688712,0,4.233333333333333,0,MT SEA HORIZON_25,Passenger,IMO1258768,221.2,19.2,8.5,0.0
sentinel_58,368688902,25,2026-09-04 00:02:47+00:00,2026-09-04 01:18:48+00:00,11.2,13.0,12.12,31.316,19.06889136,72.57395812,0,4.7,0,MT MUMBAI EXPRESS_99,Cargo,IMO1898516,213.1,17.8,11.2,0.0
sentinel_58,439670711,50,2026-09-04 02:21:55+00:00,2026-09-04 04:57:01+00:00,7.6,10.0,9.038,41.31,19.04314548,72.63618388,0,4.933333333333334,0,MV MUMBAI EXPRESS_14,Tanker,IMO3341057,203.1,18.7,8.5,0.0
sentinel_58,490612805,17,2026-09-03 23:08:04+00:00,2026-09-03 23:58:38+00:00,15.0,16.0,15.564705882352943,303.44117647058823,19.12248317647059,72.73171694117647,0,4.866666666666666,0,SY ARABIAN KNIGHT_48,Tanker,IMO4773549,247.2,22.2,9.9,0.0
sentinel_58,499317479,7,2026-09-03 23:00:00+00:00,2026-09-03 23:16:12+00:00,12.4,13.7,13.1,251.82857142857142,18.857319285714286,72.53762314285714,0,4.033333333333333,0,MV COASTAL PEARL_63,Cargo,IMO4547081,130.2,19.7,8.4,0.0
sentinel_58,569749767,10,2026-09-03 23:01:24+00:00,2026-09-03 23:30:46+00:00,17.8,18.8,18.240000000000002,120.42999999999999,18.857935700000002,72.57593870000001,0,4.733333333333333,0,MT MALABAR QUEEN_99,Container Ship,IMO7679508,249.9,27.1,9.8,0.0
sentinel_58,663550988,144,2026-09-04 03:56:55+00:00,2026-09-04 10:56:21+00:00,0.5,3.5,1.1590277777777778,70.22222222222223,19.14334527777778,72.58012919444444,0,4.916666666666667,34,FV MUMBAI EXPRESS_65,Fishing,IMO7614724,17.7,5.7,1.1,0.2361111111111111
sentinel_58,697169479,73,2026-09-03 23:45:24+00:00,2026-09-04 03:22:19+00:00,3.0,7.0,5.054794520547945,92.2068493150685,18.90086787671233,72.67715732876712,0,4.966666666666667,0,MT MUMBAI EXPRESS_41,Fishing,IMO1966769,36.2,5.8,3.1,0.0
sentinel_58,730915077,30,2026-09-03 23:09:48+00:00,2026-09-04 00:31:51+00:00,13.6,15.6,14.826666666666666,55.059999999999995,18.9207876,72.66107623333333,0,4.8,0,SY KONKAN TRADER_11,Cargo,IMO2293159,110.9,29.9,5.9,0.0
sentinel_58,790077090,46,2026-09-04 00:33:27+00:00,2026-09-04 02:59:19+00:00,6.1,9.0,7.715217391304347,288.4782608695652,18.970179195652175,72.67531739130435,0,4.966666666666667,0,SY COASTAL PEARL_51,Tanker,IMO8387790,210.9,33.7,12.3,0.0
sentinel_59,209053121,9,2026-09-03 23:00:00+00:00,2026-09-03 23:23:32+00:00,19.8,21.1,20.344444444444445,244.42222222222225,19.084829,72.57050366666667,0,4.866666666666666,0,FV WESTERN STAR_38,Passenger,IMO3093190,110.1,26.5,8.2,0.0
sentinel_59,218087708,24,2026-09-03 23:00:00+00:00,2026-09-04 00:04:45+00:00,12.0,13.1,12.470833333333333,205.63333333333333,18.917163125,72.75744304166666,0,4.866666666666666,0,MT ARABIAN KNIGHT_62,Tanker,IMO8890587,204.3,33.4,13.8,0.0
sentinel_59,250916077,15,2026-09-03 23:28:15+00:00,2026-09-04 00:11:19+00:00,17.0,19.0,18.026666666666664,221.16666666666666,19.110048533333334,72.58008126666667,0,4.833333333333333,0,MT MUMBAI EXPRESS_67,Passenger,IMO5553736,93.3,17.7,6.0,0.0
sentinel_59,274992570,68,2026-09-04 01:17:37+00:00,2026-09-04 04:44:33+00:00,5.7,8.4,7.080882352941177,196.06029411764706,19.000241705882356,72.69400570588236,0,4.866666666666666,0,FV MUMBAI EXPRESS_19,Fishing,IMO1115482,36.8,9.5,1.7,0.0
sentinel_59,285514406,6,2026-09-03 23:00:00+00:00,2026-09-03 23:17:58+00:00,16.9,18.1,17.616666666666667,308.93333333333334,19.165767666666667,72.56125283333334,0,4.833333333333333,0,MT SEA HORIZON_25,Passenger,IMO1258768,221.2,19.2,8.5,0.0
sentinel_59,368688902,26,2026-09-04 00:02:47+00:00,2026-09-04 01:21:19+00:00,11.2,13.0,12.13846153846154,31.196153846153848,19.073575961538463,72.576891,0,4.7,0,MT MUMBAI EXPRESS_99,Cargo,IMO1898516,213.1,17.8,11.2,0.0
sentinel_59,439670711,52,2026-09-04 02:21:55+00:00,2026-09-04 05:02:53+00:00,7.6,10.0,9.053846153846154,41.35192307692308,19.04906507692308,72.64179886538462,0,4.933333333333334,0,MV MUMBAI EXPRESS_14,Tanker,IMO3341057,203.1,18.7,8.5,0.0
sentinel_59,490612805,17,2026-09-03 23:14:03+00:00,2026-09-04 00:04:48+00:00,15.0,16.0,15.53529411764706,303.0764705882353,19.137831764705883,72.70706211764707,0,4.55,0,SY ARABIAN KNIGHT_48,Tanker,IMO4773549,247.2,22.2,9.9,0.0
sentinel_59,499317479,7,2026-09-03 23:00:00+00:00,2026-09-03 23:16:12+00:00,12.4,13.7,13.1,251.82857142857142,18.857319285714286,72.53762314285714,0,4.033333333333333,0,MV COASTAL PEARL_63,Cargo,IMO4547081,130.2,19.7,8.4,0.0
sentinel_59,569749767,12,2026-09-03 23:01:24+00:00,2026-09-03 23:34:25+00:00,17.8,18.9,18.316666666666666,120.60833333333333,18.8505015,72.58928025,0,4.733333333333333,0,MT MALABAR QUEEN_99,Container Ship,IMO7679508,249.9,27.1,9.8,0.0
sentinel_59,663550988,143,2026-09-04 03:59:51+00:00,2026-09-04 10:56:21+00:00,0.5,3.2,1.1426573426573428,70.27272727272727,19.14354474125874,72.58067283216783,0,4.916666666666667,34,FV MUMBAI EXPRESS_65,Fishing,IMO7614724,17.7,5.7,1.1,0.23776223776223776
sentinel_59,697169479,70,2026-09-03 23:45:24+00:00,2026-09-04 03:14:13+00:00,3.0,7.0,5.12,92.35142857142857,18.90104594285714,72.6708536,0,4.966666666666667,0,MT MUMBAI EXPRESS_41,Fishing,IMO1966769,36.2,5.8,3.1,0.0
sentinel_59,730915077,31,2026-09-03 23:04:52+00:00,2026-09-04 00:31:51+00:00,13.6,15.6,14.80967741935484,55.119354838709675,18.91756919354839,72.65614848387096,0,4.933333333333334,0,SY KONKAN TRADER_11,Cargo,IMO2293159,110.9,29.9,5.9,0.0
sentinel_59,790077090,45,2026-09-04 00:34:53+00:00,2026-09-04 02:59:19+00:00,6.2,9.0,7.751111111111111,288.53555555555556,18.971165822222222,72.67203915555555,0,4.966666666666667,0,SY COASTAL PEARL_51,Tanker,IMO8387790,210.9,33.7,12.3,0.0
sentinel_591,209053121,9,2026-09-03 23:00:00+00:00,2026-09-03 23:23:32+00:00,19.8,21.1,20.344444444444445,244.42222222222225,19.084829,72.57050366666667,0,4.866666666666666,0,FV WESTERN STAR_38,Passenger,IMO3093190,110.1,26.5,8.2,0.0
sentinel_591,218087708,24,2026-09-03 23:00:00+00:00,2026-09-04 00:04:45+00:00,12.0,13.1,12.470833333333333,205.63333333333333,18.917163125,72.75744304166666,0,4.866666666666666,0,MT ARABIAN KNIGHT_62,Tanker,IMO8890587,204.3,33.4,13.8,0.0
sentinel_591,250916077,15,2026-09-03 23:28:15+00:00,2026-09-04 00:11:19+00:00,17.0,19.0,18.026666666666664,221.16666666666666,19.110048533333334,72.58008126666667,0,4.833333333333333,0,MT MUMBAI EXPRESS_67,Passenger,IMO5553736,93.3,17.7,6.0,0.0
sentinel_591,274992570,67,2026-09-04 01:17:37+00:00,2026-09-04 04:41:41+00:00,5.7,8.4,7.08955223880597,196.0402985074627,19.003052970149255,72.69489473134328,0,4.866666666666666,0,FV MUMBAI EXPRESS_19,Fishing,IMO1115482,36.8,9.5,1.7,0.0
sentinel_591,285514406,6,2026-09-03 23:00:00+00:00,2026-09-03 23:17:58+00:00,16.9,18.1,17.616666666666667,308.93333333333334,19.165767666666667,72.56125283333334,0,4.833333333333333,0,MT SEA HORIZON_25,Passenger,IMO1258768,221.2,19.2,8.5,0.0
sentinel_591,368688902,26,2026-09-04 00:02:47+00:00,2026-09-04 01:21:19+00:00,11.2,13.0,12.13846153846154,31.196153846153848,19.073575961538463,72.576891,0,4.7,0,MT MUMBAI EXPRESS_99,Cargo,IMO1898516,213.1,17.8,11.2,0.0
sentinel_591,439670711,51,2026-09-04 02:21:55+00:00,2026-09-04 04:59:35+00:00,7.6,10.0,9.041176470588235,41.33137254901961,19.046102215686275,72.63898733333333,0,4.933333333333334,0,MV MUMBAI EXPRESS_14,Tanker,IMO3341057,203.1,18.7,8.5,0.0
sentinel_591,490612805,17,2026-09-03 23:14:03+00:00,2026-09-04 00:04:48+00:00,15.0,16.0,15.53529411764706,303.0764705882353,19.137831764705883,72.70706211764707,0,4.55,0,SY ARABIAN KNIGHT_48,Tanker,IMO4773549,247.2,22.2,9.9,0.0
sentinel_591,499317479,7,2026-09-03 23:00:00+00:00,2026-09-03 23:16:12+00:00,12.4,13.7,13.1,251.82857142857142,18.857319285714286,72.53762314285714,0,4.033333333333333,0,MV COASTAL PEARL_63,Cargo,IMO4547081,130.2,19.7,8.4,0.0
sentinel_591,569749767,11,2026-09-03 23:01:24+00:00,2026-09-03 23:33:21+00:00,17.8,18.8,18.263636363636365,120.5090909090909,18.85400927272727,72.58299218181818,0,4.733333333333333,0,MT MALABAR QUEEN_99,Container Ship,IMO7679508,249.9,27.1,9.8,0.0
sentinel_591,663550988,144,2026-09-04 03:56:55+00:00,2026-09-04 10:56:21+00:00,0.5,3.5,1.1590277777777778,70.22222222222223,19.14334527777778,72.58012919444444,0,4.916666666666667,34,FV MUMBAI EXPRESS_65,Fishing,IMO7614724,17.7,5.7,1.1,0.2361111111111111
sentinel_591,697169479,71,2026-09-03 23:45:24+00:00,2026-09-04 03:16:00+00:00,3.0,7.0,5.095774647887324,92.3,18.900984267605633,72.67297447887324,0,4.966666666666667,0,MT MUMBAI EXPRESS_41,Fishing,IMO1966769,36.2,5.8,3.1,0.0
sentinel_591,730915077,31,2026-09-03 23:04:52+00:00,2026-09-04 00:31:51+00:00,13.6,15.6,14.80967741935484,55.119354838709675,18.91756919354839,72.65614848387096,0,4.933333333333334,0,SY KONKAN TRADER_11,Cargo,IMO2293159,110.9,29.9,5.9,0.0
sentinel_591,790077090,45,2026-09-04 00:34:53+00:00,2026-09-04 02:59:19+00:00,6.2,9.0,7.751111111111111,288.53555555555556,18.971165822222222,72.67203915555555,0,4.966666666666667,0,SY COASTAL PEARL_51,Tanker,IMO8387790,210.9,33.7,12.3,0.0
sentinel_592,209053121,9,2026-09-03 23:00:00+00:00,2026-09-03 23:23:32+00:00,19.8,21.1,20.344444444444445,244.42222222222225,19.084829,72.57050366666667,0,4.866666666666666,0,FV WESTERN STAR_38,Passenger,IMO3093190,110.1,26.5,8.2,0.0
sentinel_592,218087708,24,2026-09-03 23:00:00+00:00,2026-09-04 00:04:45+00:00,12.0,13.1,12.470833333333333,205.63333333333333,18.917163125,72.75744304166666,0,4.866666666666666,0,MT ARABIAN KNIGHT_62,Tanker,IMO8890587,204.3,33.4,13.8,0.0
sentinel_592,250916077,15,2026-09-03 23:28:15+00:00,2026-09-04 00:11:19+00:00,17.0,19.0,18.026666666666664,221.16666666666666,19.110048533333334,72.58008126666667,0,4.833333333333333,0,MT MUMBAI EXPRESS_67,Passenger,IMO5553736,93.3,17.7,6.0,0.0
sentinel_592,274992570,67,2026-09-04 01:17:37+00:00,2026-09-04 04:41:41+00:00,5.7,8.4,7.08955223880597,196.0402985074627,19.003052970149255,72.69489473134328,0,4.866666666666666,0,FV MUMBAI EXPRESS_19,Fishing,IMO1115482,36.8,9.5,1.7,0.0
sentinel_592,285514406,6,2026-09-03 23:00:00+00:00,2026-09-03 23:17:58+00:00,16.9,18.1,17.616666666666667,308.93333333333334,19.165767666666667,72.56125283333334,0,4.833333333333333,0,MT SEA HORIZON_25,Passenger,IMO1258768,221.2,19.2,8.5,0.0
sentinel_592,368688902,26,2026-09-04 00:02:47+00:00,2026-09-04 01:21:19+00:00,11.2,13.0,12.13846153846154,31.196153846153848,19.073575961538463,72.576891,0,4.7,0,MT MUMBAI EXPRESS_99,Cargo,IMO1898516,213.1,17.8,11.2,0.0
sentinel_592,439670711,51,2026-09-04 02:21:55+00:00,2026-09-04 04:59:35+00:00,7.6,10.0,9.041176470588235,41.33137254901961,19.046102215686275,72.63898733333333,0,4.933333333333334,0,MV MUMBAI EXPRESS_14,Tanker,IMO3341057,203.1,18.7,8.5,0.0
sentinel_592,490612805,17,2026-09-03 23:14:03+00:00,2026-09-04 00:04:48+00:00,15.0,16.0,15.53529411764706,303.0764705882353,19.137831764705883,72.70706211764707,0,4.55,0,SY ARABIAN KNIGHT_48,Tanker,IMO4773549,247.2,22.2,9.9,0.0
sentinel_592,499317479,7,2026-09-03 23:00:00+00:00,2026-09-03 23:16:12+00:00,12.4,13.7,13.1,251.82857142857142,18.857319285714286,72.53762314285714,0,4.033333333333333,0,MV COASTAL PEARL_63,Cargo,IMO4547081,130.2,19.7,8.4,0.0
sentinel_592,569749767,11,2026-09-03 23:01:24+00:00,2026-09-03 23:33:21+00:00,17.8,18.8,18.263636363636365,120.5090909090909,18.85400927272727,72.58299218181818,0,4.733333333333333,0,MT MALABAR QUEEN_99,Container Ship,IMO7679508,249.9,27.1,9.8,0.0
sentinel_592,663550988,144,2026-09-04 03:56:55+00:00,2026-09-04 10:56:21+00:00,0.5,3.5,1.1590277777777778,70.22222222222223,19.14334527777778,72.58012919444444,0,4.916666666666667,34,FV MUMBAI EXPRESS_65,Fishing,IMO7614724,17.7,5.7,1.1,0.2361111111111111
sentinel_592,697169479,71,2026-09-03 23:45:24+00:00,2026-09-04 03:16:00+00:00,3.0,7.0,5.095774647887324,92.3,18.900984267605633,72.67297447887324,0,4.966666666666667,0,MT MUMBAI EXPRESS_41,Fishing,IMO1966769,36.2,5.8,3.1,0.0
sentinel_592,730915077,31,2026-09-03 23:04:52+00:00,2026-09-04 00:31:51+00:00,13.6,15.6,14.80967741935484,55.119354838709675,18.91756919354839,72.65614848387096,0,4.933333333333334,0,SY KONKAN TRADER_11,Cargo,IMO2293159,110.9,29.9,5.9,0.0
sentinel_592,790077090,45,2026-09-04 00:34:53+00:00,2026-09-04 02:59:19+00:00,6.2,9.0,7.751111111111111,288.53555555555556,18.971165822222222,72.67203915555555,0,4.966666666666667,0,SY COASTAL PEARL_51,Tanker,IMO8387790,210.9,33.7,12.3,0.0
sentinel_595,209053121,9,2026-09-03 23:00:00+00:00,2026-09-03 23:23:32+00:00,19.8,21.1,20.344444444444445,244.42222222222225,19.084829,72.57050366666667,0,4.866666666666666,0,FV WESTERN STAR_38,Passenger,IMO3093190,110.1,26.5,8.2,0.0
sentinel_595,218087708,24,2026-09-03 23:00:00+00:00,2026-09-04 00:04:45+00:00,12.0,13.1,12.470833333333333,205.63333333333333,18.917163125,72.75744304166666,0,4.866666666666666,0,MT ARABIAN KNIGHT_62,Tanker,IMO8890587,204.3,33.4,13.8,0.0
sentinel_595,250916077,15,2026-09-03 23:28:15+00:00,2026-09-04 00:11:19+00:00,17.0,19.0,18.026666666666664,221.16666666666666,19.110048533333334,72.58008126666667,0,4.833333333333333,0,MT MUMBAI EXPRESS_67,Passenger,IMO5553736,93.3,17.7,6.0,0.0
sentinel_595,274992570,67,2026-09-04 01:17:37+00:00,2026-09-04 04:41:41+00:00,5.7,8.4,7.08955223880597,196.0402985074627,19.003052970149255,72.69489473134328,0,4.866666666666666,0,FV MUMBAI EXPRESS_19,Fishing,IMO1115482,36.8,9.5,1.7,0.0
sentinel_595,285514406,6,2026-09-03 23:00:00+00:00,2026-09-03 23:17:58+00:00,16.9,18.1,17.616666666666667,308.93333333333334,19.165767666666667,72.56125283333334,0,4.833333333333333,0,MT SEA HORIZON_25,Passenger,IMO1258768,221.2,19.2,8.5,0.0
sentinel_595,368688902,26,2026-09-04 00:02:47+00:00,2026-09-04 01:21:19+00:00,11.2,13.0,12.13846153846154,31.196153846153848,19.073575961538463,72.576891,0,4.7,0,MT MUMBAI EXPRESS_99,Cargo,IMO1898516,213.1,17.8,11.2,0.0
sentinel_595,439670711,51,2026-09-04 02:21:55+00:00,2026-09-04 04:59:35+00:00,7.6,10.0,9.041176470588235,41.33137254901961,19.046102215686275,72.63898733333333,0,4.933333333333334,0,MV MUMBAI EXPRESS_14,Tanker,IMO3341057,203.1,18.7,8.5,0.0
sentinel_595,490612805,17,2026-09-03 23:14:03+00:00,2026-09-04 00:04:48+00:00,15.0,16.0,15.53529411764706,303.0764705882353,19.137831764705883,72.70706211764707,0,4.55,0,SY ARABIAN KNIGHT_48,Tanker,IMO4773549,247.2,22.2,9.9,0.0
sentinel_595,499317479,7,2026-09-03 23:00:00+00:00,2026-09-03 23:16:12+00:00,12.4,13.7,13.1,251.82857142857142,18.857319285714286,72.53762314285714,0,4.033333333333333,0,MV COASTAL PEARL_63,Cargo,IMO4547081,130.2,19.7,8.4,0.0
sentinel_595,569749767,11,2026-09-03 23:01:24+00:00,2026-09-03 23:33:21+00:00,17.8,18.8,18.263636363636365,120.5090909090909,18.85400927272727,72.58299218181818,0,4.733333333333333,0,MT MALABAR QUEEN_99,Container Ship,IMO7679508,249.9,27.1,9.8,0.0
sentinel_595,663550988,144,2026-09-04 03:56:55+00:00,2026-09-04 10:56:21+00:00,0.5,3.5,1.1590277777777778,70.22222222222223,19.14334527777778,72.58012919444444,0,4.916666666666667,34,FV MUMBAI EXPRESS_65,Fishing,IMO7614724,17.7,5.7,1.1,0.2361111111111111
sentinel_595,697169479,71,2026-09-03 23:45:24+00:00,2026-09-04 03:16:00+00:00,3.0,7.0,5.095774647887324,92.3,18.900984267605633,72.67297447887324,0,4.966666666666667,0,MT MUMBAI EXPRESS_41,Fishing,IMO1966769,36.2,5.8,3.1,0.0
sentinel_595,730915077,31,2026-09-03 23:04:52+00:00,2026-09-04 00:31:51+00:00,13.6,15.6,14.80967741935484,55.119354838709675,18.91756919354839,72.65614848387096,0,4.933333333333334,0,SY KONKAN TRADER_11,Cargo,IMO2293159,110.9,29.9,5.9,0.0
sentinel_595,790077090,45,2026-09-04 00:34:53+00:00,2026-09-04 02:59:19+00:00,6.2,9.0,7.751111111111111,288.53555555555556,18.971165822222222,72.67203915555555,0,4.966666666666667,0,SY COASTAL PEARL_51,Tanker,IMO8387790,210.9,33.7,12.3,0.0
sentinel_599,209053121,9,2026-09-03 23:00:00+00:00,2026-09-03 23:23:32+00:00,19.8,21.1,20.344444444444445,244.42222222222225,19.084829,72.57050366666667,0,4.866666666666666,0,FV WESTERN STAR_38,Passenger,IMO3093190,110.1,26.5,8.2,0.0
sentinel_599,218087708,24,2026-09-03 23:00:00+00:00,2026-09-04 00:04:45+00:00,12.0,13.1,12.470833333333333,205.63333333333333,18.917163125,72.75744304166666,0,4.866666666666666,0,MT ARABIAN KNIGHT_62,Tanker,IMO8890587,204.3,33.4,13.8,0.0
sentinel_599,250916077,15,2026-09-03 23:28:15+00:00,2026-09-04 00:11:19+00:00,17.0,19.0,18.026666666666664,221.16666666666666,19.110048533333334,72.58008126666667,0,4.833333333333333,0,MT MUMBAI EXPRESS_67,Passenger,IMO5553736,93.3,17.7,6.0,0.0
sentinel_599,274992570,67,2026-09-04 01:17:37+00:00,2026-09-04 04:41:41+00:00,5.7,8.4,7.08955223880597,196.0402985074627,19.003052970149255,72.69489473134328,0,4.866666666666666,0,FV MUMBAI EXPRESS_19,Fishing,IMO1115482,36.8,9.5,1.7,0.0
sentinel_599,285514406,6,2026-09-03 23:00:00+00:00,2026-09-03 23:17:58+00:00,16.9,18.1,17.616666666666667,308.93333333333334,19.165767666666667,72.56125283333334,0,4.833333333333333,0,MT SEA HORIZON_25,Passenger,IMO1258768,221.2,19.2,8.5,0.0
sentinel_599,368688902,26,2026-09-04 00:02:47+00:00,2026-09-04 01:21:19+00:00,11.2,13.0,12.13846153846154,31.196153846153848,19.073575961538463,72.576891,0,4.7,0,MT MUMBAI EXPRESS_99,Cargo,IMO1898516,213.1,17.8,11.2,0.0
sentinel_599,439670711,51,2026-09-04 02:21:55+00:00,2026-09-04 04:59:35+00:00,7.6,10.0,9.041176470588235,41.33137254901961,19.046102215686275,72.63898733333333,0,4.933333333333334,0,MV MUMBAI EXPRESS_14,Tanker,IMO3341057,203.1,18.7,8.5,0.0
sentinel_599,490612805,17,2026-09-03 23:14:03+00:00,2026-09-04 00:04:48+00:00,15.0,16.0,15.53529411764706,303.0764705882353,19.137831764705883,72.70706211764707,0,4.55,0,SY ARABIAN KNIGHT_48,Tanker,IMO4773549,247.2,22.2,9.9,0.0
sentinel_599,499317479,7,2026-09-03 23:00:00+00:00,2026-09-03 23:16:12+00:00,12.4,13.7,13.1,251.82857142857142,18.857319285714286,72.53762314285714,0,4.033333333333333,0,MV COASTAL PEARL_63,Cargo,IMO4547081,130.2,19.7,8.4,0.0
sentinel_599,569749767,11,2026-09-03 23:01:24+00:00,2026-09-03 23:33:21+00:00,17.8,18.8,18.263636363636365,120.5090909090909,18.85400927272727,72.58299218181818,0,4.733333333333333,0,MT MALABAR QUEEN_99,Container Ship,IMO7679508,249.9,27.1,9.8,0.0
sentinel_599,663550988,144,2026-09-04 03:56:55+00:00,2026-09-04 10:56:21+00:00,0.5,3.5,1.1590277777777778,70.22222222222223,19.14334527777778,72.58012919444444,0,4.916666666666667,34,FV MUMBAI EXPRESS_65,Fishing,IMO7614724,17.7,5.7,1.1,0.2361111111111111
sentinel_599,697169479,71,2026-09-03 23:45:24+00:00,2026-09-04 03:16:00+00:00,3.0,7.0,5.095774647887324,92.3,18.900984267605633,72.67297447887324,0,4.966666666666667,0,MT MUMBAI EXPRESS_41,Fishing,IMO1966769,36.2,5.8,3.1,0.0
sentinel_599,730915077,31,2026-09-03 23:04:52+00:00,2026-09-04 00:31:51+00:00,13.6,15.6,14.80967741935484,55.119354838709675,18.91756919354839,72.65614848387096,0,4.933333333333334,0,SY KONKAN TRADER_11,Cargo,IMO2293159,110.9,29.9,5.9,0.0
sentinel_599,790077090,45,2026-09-04 00:34:53+00:00,2026-09-04 02:59:19+00:00,6.2,9.0,7.751111111111111,288.53555555555556,18.971165822222222,72.67203915555555,0,4.966666666666667,0,SY COASTAL PEARL_51,Tanker,IMO8387790,210.9,33.7,12.3,0.0
sentinel_60,209053121,10,2026-09-03 23:00:00+00:00,2026-09-03 23:27:15+00:00,19.8,21.1,20.39,244.53000000000003,19.0812527,72.5625692,0,4.866666666666666,0,FV WESTERN STAR_38,Passenger,IMO3093190,110.1,26.5,8.2,0.0
sentinel_60,218087708,22,2026-09-03 23:06:15+00:00,2026-09-04 00:04:45+00:00,12.0,13.1,12.418181818181818,205.45909090909092,18.907905863636362,72.75258504545455,0,4.866666666666666,0,MT ARABIAN KNIGHT_62,Tanker,IMO8890587,204.3,33.4,13.8,0.0
sentinel_60,250916077,16,2026-09-03 23:32:37+00:00,2026-09-04 00:18:19+00:00,17.3,19.0,18.125,221.04375,19.0926428125,72.5639943125,0,4.833333333333333,0,MT MUMBAI EXPRESS_67,Passenger,IMO5553736,93.3,17.7,6.0,0.0
sentinel_60,274992570,64,2026-09-04 01:28:56+00:00,2026-09-04 04:41:41+00:00,5.7,8.4,7.13125,195.96875,18.994165625,72.692305640625,0,4.866666666666666,0,FV MUMBAI EXPRESS_19,Fishing,IMO1115482,36.8,9.5,1.7,0.0
sentinel_60,285514406,5,2026-09-03 23:00:00+00:00,2026-09-03 23:13:08+00:00,16.9,18.1,17.580000000000002,308.88,19.159926,72.5688712,0,4.233333333333333,0,MT SEA HORIZON_25,Passenger,IMO1258768,221.2,19.2,8.5,0.0
sentinel_60,368688902,29,2026-09-03 23:54:19+00:00,2026-09-04 01:18:48+00:00,11.2,13.0,12.075862068965517,31.482758620689655,19.052431931034484,72.562993,0,4.7,0,MT MUMBAI EXPRESS_99,Cargo,IMO1898516,213.1,17.8,11.2,0.0
sentinel_60,439670711,51,2026-09-04 02:13:46+00:00,2026-09-04 04:54:42+00:00,7.6,10.1,9.084313725490196,41.15686274509804,19.034078666666666,72.62787152941176,0,4.933333333333334,0,MV MUMBAI EXPRESS_14,Tanker,IMO3341057,203.1,18.7,8.5,0.0
sentinel_60,490612805,15,2026-09-03 23:14:03+00:00,2026-09-03 23:58:38+00:00,15.0,16.0,15.506666666666666,303.42,19.130302066666665,72.71935006666666,0,4.55,0,SY ARABIAN KNIGHT_48,Tanker,IMO4773549,247.2,22.2,9.9,0.0
sentinel_60,499317479,9,2026-09-03 23:00:00+00:00,2026-09-03 23:20:11+00:00,12.4,13.7,13.044444444444444,251.7888888888889,18.85449733333333,72.52863355555556,0,4.033333333333333,0,MV COASTAL PEARL_63,Cargo,IMO4547081,130.2,19.7,8.4,0.0
sentinel_60,569749767,12,2026-09-03 23:00:00+00:00,2026-09-03 23:33:21+00:00,17.8,18.8,18.241666666666667,120.46666666666665,18.857841833333335,72.57607616666667,0,4.733333333333333,0,MT MALABAR QUEEN_99,Container Ship,IMO7679508,249.9,27.1,9.8,0.0
sentinel_60,663550988,148,2026-09-04 03:44:33+00:00,2026-09-04 10:56:21+00:00,0.5,4.1,1.2324324324324325,70.04391891891892,19.14245602027027,72.57777672972973,0,4.916666666666667,34,FV MUMBAI EXPRESS_65,Fishing,IMO7614724,17.7,5.7,1.1,0.22972972972972974
sentinel_60,697169479,70,2026-09-03 23:36:31+00:00,2026-09-04 03:03:50+00:00,3.0,7.0,5.244285714285715,92.42428571428572,18.90159224285714,72.65704341428571,0,4.966666666666667,0,MT MUMBAI EXPRESS_41,Fishing,IMO1966769,36.2,5.8,3.1,0.0
sentinel_60,730915077,30,2026-09-03 23:02:27+00:00,2026-09-04 00:26:07+00:00,13.6,15.6,14.753333333333334,55.16,18.907131733333337,72.6403725,0,4.933333333333334,0,SY KONKAN TRADER_11,Cargo,IMO2293159,110.9,29.9,5.9,0.0
sentinel_60,790077090,46,2026-09-04 00:42:24+00:00,2026-09-04 03:09:00+00:00,6.2,9.0,7.7413043478260875,288.8652173913043,18.976975239130436,72.65419517391305,0,4.966666666666667,0,SY COASTAL PEARL_51,Tanker,IMO8387790,210.9,33.7,12.3,0.0
sentinel_610,209053121,9,2026-09-03 23:00:00+00:00,2026-09-03 23:23:32+00:00,19.8,21.1,20.344444444444445,244.42222222222225,19.084829,72.57050366666667,0,4.866666666666666,0,FV WESTERN STAR_38,Passenger,IMO3093190,110.1,26.5,8.2,0.0
sentinel_610,218087708,24,2026-09-03 23:00:00+00:00,2026-09-04 00:04:45+00:00,12.0,13.1,12.470833333333333,205.63333333333333,18.917163125,72.75744304166666,0,4.866666666666666,0,MT ARABIAN KNIGHT_62,Tanker,IMO8890587,204.3,33.4,13.8,0.0
sentinel_610,250916077,15,2026-09-03 23:28:15+00:00,2026-09-04 00:11:19+00:00,17.0,19.0,18.026666666666664,221.16666666666666,19.110048533333334,72.58008126666667,0,4.833333333333333,0,MT MUMBAI EXPRESS_67,Passenger,IMO5553736,93.3,17.7,6.0,0.0
sentinel_610,274992570,67,2026-09-04 01:17:37+00:00,2026-09-04 04:41:41+00:00,5.7,8.4,7.08955223880597,196.0402985074627,19.003052970149255,72.69489473134328,0,4.866666666666666,0,FV MUMBAI EXPRESS_19,Fishing,IMO1115482,36.8,9.5,1.7,0.0
sentinel_610,285514406,6,2026-09-03 23:00:00+00:00,2026-09-03 23:17:58+00:00,16.9,18.1,17.616666666666667,308.93333333333334,19.165767666666667,72.56125283333334,0,4.833333333333333,0,MT SEA HORIZON_25,Passenger,IMO1258768,221.2,19.2,8.5,0.0
sentinel_610,368688902,26,2026-09-04 00:02:47+00:00,2026-09-04 01:21:19+00:00,11.2,13.0,12.13846153846154,31.196153846153848,19.073575961538463,72.576891,0,4.7,0,MT MUMBAI EXPRESS_99,Cargo,IMO1898516,213.1,17.8,11.2,0.0
sentinel_610,439670711,51,2026-09-04 02:21:55+00:00,2026-09-04 04:59:35+00:00,7.6,10.0,9.041176470588235,41.33137254901961,19.046102215686275,72.63898733333333,0,4.933333333333334,0,MV MUMBAI EXPRESS_14,Tanker,IMO3341057,203.1,18.7,8.5,0.0
sentinel_610,490612805,17,2026-09-03 23:14:03+00:00,2026-09-04 00:04:48+00:00,15.0,16.0,15.53529411764706,303.0764705882353,19.137831764705883,72.70706211764707,0,4.55,0,SY ARABIAN KNIGHT_48,Tanker,IMO4773549,247.2,22.2,9.9,0.0
sentinel_610,499317479,7,2026-09-03 23:00:00+00:00,2026-09-03 23:16:12+00:00,12.4,13.7,13.1,251.82857142857142,18.857319285714286,72.53762314285714,0,4.033333333333333,0,MV COASTAL PEARL_63,Cargo,IMO4547081,130.2,19.7,8.4,0.0
sentinel_610,569749767,11,2026-09-03 23:01:24+00:00,2026-09-03 23:33:21+00:00,17.8,18.8,18.263636363636365,120.5090909090909,18.85400927272727,72.58299218181818,0,4.733333333333333,0,MT MALABAR QUEEN_99,Container Ship,IMO7679508,249.9,27.1,9.8,0.0
sentinel_610,663550988,144,2026-09-04 03:56:55+00:00,2026-09-04 10:56:21+00:00,0.5,3.5,1.1590277777777778,70.22222222222223,19.14334527777778,72.58012919444444,0,4.916666666666667,34,FV MUMBAI EXPRESS_65,Fishing,IMO7614724,17.7,5.7,1.1,0.2361111111111111
sentinel_610,697169479,71,2026-09-03 23:45:24+00:00,2026-09-04 03:16:00+00:00,3.0,7.0,5.095774647887324,92.3,18.900984267605633,72.67297447887324,0,4.966666666666667,0,MT MUMBAI EXPRESS_41,Fishing,IMO1966769,36.2,5.8,3.1,0.0
sentinel_610,730915077,31,2026-09-03 23:04:52+00:00,2026-09-04 00:31:51+00:00,13.6,15.6,14.80967741935484,55.119354838709675,18.91756919354839,72.65614848387096,0,4.933333333333334,0,SY KONKAN TRADER_11,Cargo,IMO2293159,110.9,29.9,5.9,0.0
sentinel_610,790077090,45,2026-09-04 00:34:53+00:00,2026-09-04 02:59:19+00:00,6.2,9.0,7.751111111111111,288.53555555555556,18.971165822222222,72.67203915555555,0,4.966666666666667,0,SY COASTAL PEARL_51,Tanker,IMO8387790,210.9,33.7,12.3,0.0
sentinel_630,209053121,9,2026-09-03 23:00:00+00:00,2026-09-03 23:23:32+00:00,19.8,21.1,20.344444444444445,244.42222222222225,19.084829,72.57050366666667,0,4.866666666666666,0,FV WESTERN STAR_38,Passenger,IMO3093190,110.1,26.5,8.2,0.0
sentinel_630,218087708,24,2026-09-03 23:00:00+00:00,2026-09-04 00:04:45+00:00,12.0,13.1,12.470833333333333,205.63333333333333,18.917163125,72.75744304166666,0,4.866666666666666,0,MT ARABIAN KNIGHT_62,Tanker,IMO8890587,204.3,33.4,13.8,0.0
sentinel_630,250916077,15,2026-09-03 23:28:15+00:00,2026-09-04 00:11:19+00:00,17.0,19.0,18.026666666666664,221.16666666666666,19.110048533333334,72.58008126666667,0,4.833333333333333,0,MT MUMBAI EXPRESS_67,Passenger,IMO5553736,93.3,17.7,6.0,0.0
sentinel_630,274992570,67,2026-09-04 01:17:37+00:00,2026-09-04 04:41:41+00:00,5.7,8.4,7.08955223880597,196.0402985074627,19.003052970149255,72.69489473134328,0,4.866666666666666,0,FV MUMBAI EXPRESS_19,Fishing,IMO1115482,36.8,9.5,1.7,0.0
sentinel_630,285514406,6,2026-09-03 23:00:00+00:00,2026-09-03 23:17:58+00:00,16.9,18.1,17.616666666666667,308.93333333333334,19.165767666666667,72.56125283333334,0,4.833333333333333,0,MT SEA HORIZON_25,Passenger,IMO1258768,221.2,19.2,8.5,0.0
sentinel_630,368688902,26,2026-09-04 00:02:47+00:00,2026-09-04 01:21:19+00:00,11.2,13.0,12.13846153846154,31.196153846153848,19.073575961538463,72.576891,0,4.7,0,MT MUMBAI EXPRESS_99,Cargo,IMO1898516,213.1,17.8,11.2,0.0
sentinel_630,439670711,51,2026-09-04 02:21:55+00:00,2026-09-04 04:59:35+00:00,7.6,10.0,9.041176470588235,41.33137254901961,19.046102215686275,72.63898733333333,0,4.933333333333334,0,MV MUMBAI EXPRESS_14,Tanker,IMO3341057,203.1,18.7,8.5,0.0
sentinel_630,490612805,17,2026-09-03 23:14:03+00:00,2026-09-04 00:04:48+00:00,15.0,16.0,15.53529411764706,303.0764705882353,19.137831764705883,72.70706211764707,0,4.55,0,SY ARABIAN KNIGHT_48,Tanker,IMO4773549,247.2,22.2,9.9,0.0
sentinel_630,499317479,7,2026-09-03 23:00:00+00:00,2026-09-03 23:16:12+00:00,12.4,13.7,13.1,251.82857142857142,18.857319285714286,72.53762314285714,0,4.033333333333333,0,MV COASTAL PEARL_63,Cargo,IMO4547081,130.2,19.7,8.4,0.0
sentinel_630,569749767,11,2026-09-03 23:01:24+00:00,2026-09-03 23:33:21+00:00,17.8,18.8,18.263636363636365,120.5090909090909,18.85400927272727,72.58299218181818,0,4.733333333333333,0,MT MALABAR QUEEN_99,Container Ship,IMO7679508,249.9,27.1,9.8,0.0
sentinel_630,663550988,144,2026-09-04 03:56:55+00:00,2026-09-04 10:56:21+00:00,0.5,3.5,1.1590277777777778,70.22222222222223,19.14334527777778,72.58012919444444,0,4.916666666666667,34,FV MUMBAI EXPRESS_65,Fishing,IMO7614724,17.7,5.7,1.1,0.2361111111111111
sentinel_630,697169479,71,2026-09-03 23:45:24+00:00,2026-09-04 03:16:00+00:00,3.0,7.0,5.095774647887324,92.3,18.900984267605633,72.67297447887324,0,4.966666666666667,0,MT MUMBAI EXPRESS_41,Fishing,IMO1966769,36.2,5.8,3.1,0.0
sentinel_630,730915077,31,2026-09-03 23:04:52+00:00,2026-09-04 00:31:51+00:00,13.6,15.6,14.80967741935484,55.119354838709675,18.91756919354839,72.65614848387096,0,4.933333333333334,0,SY KONKAN TRADER_11,Cargo,IMO2293159,110.9,29.9,5.9,0.0
sentinel_630,790077090,45,2026-09-04 00:34:53+00:00,2026-09-04 02:59:19+00:00,6.2,9.0,7.751111111111111,288.53555555555556,18.971165822222222,72.67203915555555,0,4.966666666666667,0,SY COASTAL PEARL_51,Tanker,IMO8387790,210.9,33.7,12.3,0.0
sentinel_633,209053121,9,2026-09-03 23:00:00+00:00,2026-09-03 23:23:32+00:00,19.8,21.1,20.344444444444445,244.42222222222225,19.084829,72.57050366666667,0,4.866666666666666,0,FV WESTERN STAR_38,Passenger,IMO3093190,110.1,26.5,8.2,0.0
sentinel_633,218087708,24,2026-09-03 23:00:00+00:00,2026-09-04 00:04:45+00:00,12.0,13.1,12.470833333333333,205.63333333333333,18.917163125,72.75744304166666,0,4.866666666666666,0,MT ARABIAN KNIGHT_62,Tanker,IMO8890587,204.3,33.4,13.8,0.0
sentinel_633,250916077,14,2026-09-03 23:32:37+00:00,2026-09-04 00:11:19+00:00,17.3,19.0,18.1,221.12857142857143,19.103826285714288,72.57421171428571,0,4.833333333333333,0,MT MUMBAI EXPRESS_67,Passenger,IMO5553736,93.3,17.7,6.0,0.0
sentinel_633,274992570,65,2026-09-04 01:24:36+00:00,2026-09-04 04:41:41+00:00,5.7,8.4,7.115384615384615,195.98769230769233,18.997126815384615,72.69316392307692,0,4.866666666666666,0,FV MUMBAI EXPRESS_19,Fishing,IMO1115482,36.8,9.5,1.7,0.0
sentinel_633,285514406,5,2026-09-03 23:00:00+00:00,2026-09-03 23:13:08+00:00,16.9,18.1,17.580000000000002,308.88,19.159926,72.5688712,0,4.233333333333333,0,MT SEA HORIZON_25,Passenger,IMO1258768,221.2,19.2,8.5,0.0
sentinel_633,368688902,26,2026-09-04 00:01:11+00:00,2026-09-04 01:18:48+00:00,11.2,13.0,12.11153846153846,31.361538461538462,19.06472696153846,72.57118661538462,0,4.7,0,MT MUMBAI EXPRESS_99,Cargo,IMO1898516,213.1,17.8,11.2,0.0
sentinel_633,439670711,50,2026-09-04 02:21:55+00:00,2026-09-04 04:57:01+00:00,7.6,10.0,9.038,41.31,19.04314548,72.63618388,0,4.933333333333334,0,MV MUMBAI EXPRESS_14,Tanker,IMO3341057,203.1,18.7,8.5,0.0
sentinel_633,490612805,15,2026-09-03 23:14:03+00:00,2026-09-03 23:58:38+00:00,15.0,16.0,15.506666666666666,303.42,19.130302066666665,72.71935006666666,0,4.55,0,SY ARABIAN KNIGHT_48,Tanker,IMO4773549,247.2,22.2,9.9,0.0
sentinel_633,499317479,8,2026-09-03 23:00:00+00:00,2026-09-03 23:17:25+00:00,12.4,13.7,13.075,251.8125,18.85592575,72.533184125,0,4.033333333333333,0,MV COASTAL PEARL_63,Cargo,IMO4547081,130.2,19.7,8.4,0.0
sentinel_633,569749767,11,2026-09-03 23:00:00+00:00,2026-09-03 23:30:46+00:00,17.8,18.8,18.21818181818182,120.39090909090909,18.861759727272727,72.5690351818182,0,4.733333333333333,0,MT MALABAR QUEEN_99,Container Ship,IMO7679508,249.9,27.1,9.8,0.0
sentinel_633,663550988,144,2026-09-04 03:56:55+00:00,2026-09-04 10:56:21+00:00,0.5,3.5,1.1590277777777778,70.22222222222223,19.14334527777778,72.58012919444444,0,4.916666666666667,34,FV MUMBAI EXPRESS_65,Fishing,IMO7614724,17.7,5.7,1.1,0.2361111111111111
sentinel_633,697169479,71,2026-09-03 23:45:24+00:00,2026-09-04 03:16:00+00:00,3.0,7.0,5.095774647887324,92.3,18.900984267605633,72.67297447887324,0,4.966666666666667,0,MT MUMBAI EXPRESS_41,Fishing,IMO1966769,36.2,5.8,3.1,0.0
sentinel_633,730915077,32,2026-09-03 23:02:27+00:00,2026-09-04 00:31:51+00:00,13.6,15.6,14.803125,55.15625,18.91438303125,72.65126078125,0,4.933333333333334,0,SY KONKAN TRADER_11,Cargo,IMO2293159,110.9,29.9,5.9,0.0
sentinel_633,790077090,46,2026-09-04 00:34:53+00:00,2026-09-04 03:02:54+00:00,6.2,9.0,7.730434782608696,288.5934782608696,18.97242686956522,72.66830263043478,0,4.966666666666667,0,SY COASTAL PEARL_51,Tanker,IMO8387790,210.9,33.7,12.3,0.0
sentinel_663,209053121,10,2026-09-03 23:00:00+00:00,2026-09-03 23:27:15+00:00,19.8,21.1,20.39,244.53000000000003,19.0812527,72.5625692,0,4.866666666666666,0,FV WESTERN STAR_38,Passenger,IMO3093190,110.1,26.5,8.2,0.0
sentinel_663,218087708,23,2026-09-03 23:01:57+00:00,2026-09-04 00:04:45+00:00,12.0,13.1,12.447826086956523,205.54782608695655,18.91259991304348,72.75504452173912,0,4.866666666666666,0,MT ARABIAN KNIGHT_62,Tanker,IMO8890587,204.3,33.4,13.8,0.0
sentinel_663,250916077,16,2026-09-03 23:32:37+00:00,2026-09-04 00:18:19+00:00,17.3,19.0,18.125,221.04375,19.0926428125,72.5639943125,0,4.833333333333333,0,MT MUMBAI EXPRESS_67,Passenger,IMO5553736,93.3,17.7,6.0,0.0
sentinel_663,274992570,64,2026-09-04 01:28:56+00:00,2026-09-04 04:41:41+00:00,5.7,8.4,7.13125,195.96875,18.994165625,72.692305640625,0,4.866666666666666,0,FV MUMBAI EXPRESS_19,Fishing,IMO1115482,36.8,9.5,1.7,0.0
sentinel_663,285514406,5,2026-09-03 23:00:00+00:00,2026-09-03 23:13:08+00:00,16.9,18.1,17.580000000000002,308.88,19.159926,72.5688712,0,4.233333333333333,0,MT SEA HORIZON_25,Passenger,IMO1258768,221.2,19.2,8.5,0.0
sentinel_663,368688902,29,2026-09-03 23:54:19+00:00,2026-09-04 01:18:48+00:00,11.2,13.0,12.075862068965517,31.482758620689655,19.052431931034484,72.562993,0,4.7,0,MT MUMBAI EXPRESS_99,Cargo,IMO1898516,213.1,17.8,11.2,0.0
sentinel_663,439670711,51,2026-09-04 02:13:46+00:00,2026-09-04 04:54:42+00:00,7.6,10.1,9.084313725490196,41.15686274509804,19.034078666666666,72.62787152941176,0,4.933333333333334,0,MV MUMBAI EXPRESS_14,Tanker,IMO3341057,203.1,18.7,8.5,0.0
sentinel_663,490612805,15,2026-09-03 23:14:03+00:00,2026-09-03 23:58:38+00:00,15.0,16.0,15.506666666666666,303.42,19.130302066666665,72.71935006666666,0,4.55,0,SY ARABIAN KNIGHT_48,Tanker,IMO4773549,247.2,22.2,9.9,0.0
sentinel_663,499317479,9,2026-09-03 23:00:00+00:00,2026-09-03 23:20:11+00:00,12.4,13.7,13.044444444444444,251.7888888888889,18.85449733333333,72.52863355555556,0,4.033333333333333,0,MV COASTAL PEARL_63,Cargo,IMO4547081,130.2,19.7,8.4,0.0
sentinel_663,569749767,12,2026-09-03 23:00:00+00:00,2026-09-03 23:33:21+00:00,17.8,18.8,18.241666666666667,120.46666666666665,18.857841833333335,72.57607616666667,0,4.733333333333333,0,MT MALABAR QUEEN_99,Container Ship,IMO7679508,249.9,27.1,9.8,0.0
sentinel_663,663550988,148,2026-09-04 03:44:33+00:00,2026-09-04 10:56:21+00:00,0.5,4.1,1.2324324324324325,70.04391891891892,19.14245602027027,72.57777672972973,0,4.916666666666667,34,FV MUMBAI EXPRESS_65,Fishing,IMO7614724,17.7,5.7,1.1,0.22972972972972974
sentinel_663,697169479,70,2026-09-03 23:36:31+00:00,2026-09-04 03:03:50+00:00,3.0,7.0,5.244285714285715,92.42428571428572,18.90159224285714,72.65704341428571,0,4.966666666666667,0,MT MUMBAI EXPRESS_41,Fishing,IMO1966769,36.2,5.8,3.1,0.0
sentinel_663,730915077,30,2026-09-03 23:02:27+00:00,2026-09-04 00:26:07+00:00,13.6,15.6,14.753333333333334,55.16,18.907131733333337,72.6403725,0,4.933333333333334,0,SY KONKAN TRADER_11,Cargo,IMO2293159,110.9,29.9,5.9,0.0
sentinel_663,790077090,46,2026-09-04 00:42:24+00:00,2026-09-04 03:09:00+00:00,6.2,9.0,7.7413043478260875,288.8652173913043,18.976975239130436,72.65419517391305,0,4.966666666666667,0,SY COASTAL PEARL_51,Tanker,IMO8387790,210.9,33.7,12.3,0.0
sentinel_678,209053121,9,2026-09-03 23:00:00+00:00,2026-09-03 23:23:32+00:00,19.8,21.1,20.344444444444445,244.42222222222225,19.084829,72.57050366666667,0,4.866666666666666,0,FV WESTERN STAR_38,Passenger,IMO3093190,110.1,26.5,8.2,0.0
sentinel_678,218087708,24,2026-09-03 23:00:00+00:00,2026-09-04 00:04:45+00:00,12.0,13.1,12.470833333333333,205.63333333333333,18.917163125,72.75744304166666,0,4.866666666666666,0,MT ARABIAN KNIGHT_62,Tanker,IMO8890587,204.3,33.4,13.8,0.0
sentinel_678,250916077,15,2026-09-03 23:28:15+00:00,2026-09-04 00:11:19+00:00,17.0,19.0,18.026666666666664,221.16666666666666,19.110048533333334,72.58008126666667,0,4.833333333333333,0,MT MUMBAI EXPRESS_67,Passenger,IMO5553736,93.3,17.7,6.0,0.0
sentinel_678,274992570,67,2026-09-04 01:17:37+00:00,2026-09-04 04:41:41+00:00,5.7,8.4,7.08955223880597,196.0402985074627,19.003052970149255,72.69489473134328,0,4.866666666666666,0,FV MUMBAI EXPRESS_19,Fishing,IMO1115482,36.8,9.5,1.7,0.0
sentinel_678,285514406,6,2026-09-03 23:00:00+00:00,2026-09-03 23:17:58+00:00,16.9,18.1,17.616666666666667,308.93333333333334,19.165767666666667,72.56125283333334,0,4.833333333333333,0,MT SEA HORIZON_25,Passenger,IMO1258768,221.2,19.2,8.5,0.0
sentinel_678,368688902,26,2026-09-04 00:02:47+00:00,2026-09-04 01:21:19+00:00,11.2,13.0,12.13846153846154,31.196153846153848,19.073575961538463,72.576891,0,4.7,0,MT MUMBAI EXPRESS_99,Cargo,IMO1898516,213.1,17.8,11.2,0.0
sentinel_678,439670711,51,2026-09-04 02:21:55+00:00,2026-09-04 04:59:35+00:00,7.6,10.0,9.041176470588235,41.33137254901961,19.046102215686275,72.63898733333333,0,4.933333333333334,0,MV MUMBAI EXPRESS_14,Tanker,IMO3341057,203.1,18.7,8.5,0.0
sentinel_678,490612805,17,2026-09-03 23:14:03+00:00,2026-09-04 00:04:48+00:00,15.0,16.0,15.53529411764706,303.0764705882353,19.137831764705883,72.70706211764707,0,4.55,0,SY ARABIAN KNIGHT_48,Tanker,IMO4773549,247.2,22.2,9.9,0.0
sentinel_678,499317479,7,2026-09-03 23:00:00+00:00,2026-09-03 23:16:12+00:00,12.4,13.7,13.1,251.82857142857142,18.857319285714286,72.53762314285714,0,4.033333333333333,0,MV COASTAL PEARL_63,Cargo,IMO4547081,130.2,19.7,8.4,0.0
sentinel_678,569749767,11,2026-09-03 23:01:24+00:00,2026-09-03 23:33:21+00:00,17.8,18.8,18.263636363636365,120.5090909090909,18.85400927272727,72.58299218181818,0,4.733333333333333,0,MT MALABAR QUEEN_99,Container Ship,IMO7679508,249.9,27.1,9.8,0.0
sentinel_678,663550988,144,2026-09-04 03:56:55+00:00,2026-09-04 10:56:21+00:00,0.5,3.5,1.1590277777777778,70.22222222222223,19.14334527777778,72.58012919444444,0,4.916666666666667,34,FV MUMBAI EXPRESS_65,Fishing,IMO7614724,17.7,5.7,1.1,0.2361111111111111
sentinel_678,697169479,71,2026-09-03 23:45:24+00:00,2026-09-04 03:16:00+00:00,3.0,7.0,5.095774647887324,92.3,18.900984267605633,72.67297447887324,0,4.966666666666667,0,MT MUMBAI EXPRESS_41,Fishing,IMO1966769,36.2,5.8,3.1,0.0
sentinel_678,730915077,31,2026-09-03 23:04:52+00:00,2026-09-04 00:31:51+00:00,13.6,15.6,14.80967741935484,55.119354838709675,18.91756919354839,72.65614848387096,0,4.933333333333334,0,SY KONKAN TRADER_11,Cargo,IMO2293159,110.9,29.9,5.9,0.0
sentinel_678,790077090,45,2026-09-04 00:34:53+00:00,2026-09-04 02:59:19+00:00,6.2,9.0,7.751111111111111,288.53555555555556,18.971165822222222,72.67203915555555,0,4.966666666666667,0,SY COASTAL PEARL_51,Tanker,IMO8387790,210.9,33.7,12.3,0.0
sentinel_679,209053121,9,2026-09-03 23:00:00+00:00,2026-09-03 23:23:32+00:00,19.8,21.1,20.344444444444445,244.42222222222225,19.084829,72.57050366666667,0,4.866666666666666,0,FV WESTERN STAR_38,Passenger,IMO3093190,110.1,26.5,8.2,0.0
sentinel_679,218087708,24,2026-09-03 23:00:00+00:00,2026-09-04 00:04:45+00:00,12.0,13.1,12.470833333333333,205.63333333333333,18.917163125,72.75744304166666,0,4.866666666666666,0,MT ARABIAN KNIGHT_62,Tanker,IMO8890587,204.3,33.4,13.8,0.0
sentinel_679,250916077,15,2026-09-03 23:28:15+00:00,2026-09-04 00:11:19+00:00,17.0,19.0,18.026666666666664,221.16666666666666,19.110048533333334,72.58008126666667,0,4.833333333333333,0,MT MUMBAI EXPRESS_67,Passenger,IMO5553736,93.3,17.7,6.0,0.0
sentinel_679,274992570,67,2026-09-04 01:17:37+00:00,2026-09-04 04:41:41+00:00,5.7,8.4,7.08955223880597,196.0402985074627,19.003052970149255,72.69489473134328,0,4.866666666666666,0,FV MUMBAI EXPRESS_19,Fishing,IMO1115482,36.8,9.5,1.7,0.0
sentinel_679,285514406,6,2026-09-03 23:00:00+00:00,2026-09-03 23:17:58+00:00,16.9,18.1,17.616666666666667,308.93333333333334,19.165767666666667,72.56125283333334,0,4.833333333333333,0,MT SEA HORIZON_25,Passenger,IMO1258768,221.2,19.2,8.5,0.0
sentinel_679,368688902,26,2026-09-04 00:02:47+00:00,2026-09-04 01:21:19+00:00,11.2,13.0,12.13846153846154,31.196153846153848,19.073575961538463,72.576891,0,4.7,0,MT MUMBAI EXPRESS_99,Cargo,IMO1898516,213.1,17.8,11.2,0.0
sentinel_679,439670711,51,2026-09-04 02:21:55+00:00,2026-09-04 04:59:35+00:00,7.6,10.0,9.041176470588235,41.33137254901961,19.046102215686275,72.63898733333333,0,4.933333333333334,0,MV MUMBAI EXPRESS_14,Tanker,IMO3341057,203.1,18.7,8.5,0.0
sentinel_679,490612805,17,2026-09-03 23:14:03+00:00,2026-09-04 00:04:48+00:00,15.0,16.0,15.53529411764706,303.0764705882353,19.137831764705883,72.70706211764707,0,4.55,0,SY ARABIAN KNIGHT_48,Tanker,IMO4773549,247.2,22.2,9.9,0.0
sentinel_679,499317479,7,2026-09-03 23:00:00+00:00,2026-09-03 23:16:12+00:00,12.4,13.7,13.1,251.82857142857142,18.857319285714286,72.53762314285714,0,4.033333333333333,0,MV COASTAL PEARL_63,Cargo,IMO4547081,130.2,19.7,8.4,0.0
sentinel_679,569749767,11,2026-09-03 23:01:24+00:00,2026-09-03 23:33:21+00:00,17.8,18.8,18.263636363636365,120.5090909090909,18.85400927272727,72.58299218181818,0,4.733333333333333,0,MT MALABAR QUEEN_99,Container Ship,IMO7679508,249.9,27.1,9.8,0.0
sentinel_679,663550988,144,2026-09-04 03:56:55+00:00,2026-09-04 10:56:21+00:00,0.5,3.5,1.1590277777777778,70.22222222222223,19.14334527777778,72.58012919444444,0,4.916666666666667,34,FV MUMBAI EXPRESS_65,Fishing,IMO7614724,17.7,5.7,1.1,0.2361111111111111
sentinel_679,697169479,71,2026-09-03 23:45:24+00:00,2026-09-04 03:16:00+00:00,3.0,7.0,5.095774647887324,92.3,18.900984267605633,72.67297447887324,0,4.966666666666667,0,MT MUMBAI EXPRESS_41,Fishing,IMO1966769,36.2,5.8,3.1,0.0
sentinel_679,730915077,31,2026-09-03 23:04:52+00:00,2026-09-04 00:31:51+00:00,13.6,15.6,14.80967741935484,55.119354838709675,18.91756919354839,72.65614848387096,0,4.933333333333334,0,SY KONKAN TRADER_11,Cargo,IMO2293159,110.9,29.9,5.9,0.0
sentinel_679,790077090,45,2026-09-04 00:34:53+00:00,2026-09-04 02:59:19+00:00,6.2,9.0,7.751111111111111,288.53555555555556,18.971165822222222,72.67203915555555,0,4.966666666666667,0,SY COASTAL PEARL_51,Tanker,IMO8387790,210.9,33.7,12.3,0.0
sentinel_691,209053121,9,2026-09-03 23:00:00+00:00,2026-09-03 23:23:32+00:00,19.8,21.1,20.344444444444445,244.42222222222225,19.084829,72.57050366666667,0,4.866666666666666,0,FV WESTERN STAR_38,Passenger,IMO3093190,110.1,26.5,8.2,0.0
sentinel_691,218087708,24,2026-09-03 23:00:00+00:00,2026-09-04 00:04:45+00:00,12.0,13.1,12.470833333333333,205.63333333333333,18.917163125,72.75744304166666,0,4.866666666666666,0,MT ARABIAN KNIGHT_62,Tanker,IMO8890587,204.3,33.4,13.8,0.0
sentinel_691,250916077,15,2026-09-03 23:28:15+00:00,2026-09-04 00:11:19+00:00,17.0,19.0,18.026666666666664,221.16666666666666,19.110048533333334,72.58008126666667,0,4.833333333333333,0,MT MUMBAI EXPRESS_67,Passenger,IMO5553736,93.3,17.7,6.0,0.0
sentinel_691,274992570,67,2026-09-04 01:17:37+00:00,2026-09-04 04:41:41+00:00,5.7,8.4,7.08955223880597,196.0402985074627,19.003052970149255,72.69489473134328,0,4.866666666666666,0,FV MUMBAI EXPRESS_19,Fishing,IMO1115482,36.8,9.5,1.7,0.0
sentinel_691,285514406,6,2026-09-03 23:00:00+00:00,2026-09-03 23:17:58+00:00,16.9,18.1,17.616666666666667,308.93333333333334,19.165767666666667,72.56125283333334,0,4.833333333333333,0,MT SEA HORIZON_25,Passenger,IMO1258768,221.2,19.2,8.5,0.0
sentinel_691,368688902,26,2026-09-04 00:02:47+00:00,2026-09-04 01:21:19+00:00,11.2,13.0,12.13846153846154,31.196153846153848,19.073575961538463,72.576891,0,4.7,0,MT MUMBAI EXPRESS_99,Cargo,IMO1898516,213.1,17.8,11.2,0.0
sentinel_691,439670711,51,2026-09-04 02:21:55+00:00,2026-09-04 04:59:35+00:00,7.6,10.0,9.041176470588235,41.33137254901961,19.046102215686275,72.63898733333333,0,4.933333333333334,0,MV MUMBAI EXPRESS_14,Tanker,IMO3341057,203.1,18.7,8.5,0.0
sentinel_691,490612805,17,2026-09-03 23:14:03+00:00,2026-09-04 00:04:48+00:00,15.0,16.0,15.53529411764706,303.0764705882353,19.137831764705883,72.70706211764707,0,4.55,0,SY ARABIAN KNIGHT_48,Tanker,IMO4773549,247.2,22.2,9.9,0.0
sentinel_691,499317479,7,2026-09-03 23:00:00+00:00,2026-09-03 23:16:12+00:00,12.4,13.7,13.1,251.82857142857142,18.857319285714286,72.53762314285714,0,4.033333333333333,0,MV COASTAL PEARL_63,Cargo,IMO4547081,130.2,19.7,8.4,0.0
sentinel_691,569749767,11,2026-09-03 23:01:24+00:00,2026-09-03 23:33:21+00:00,17.8,18.8,18.263636363636365,120.5090909090909,18.85400927272727,72.58299218181818,0,4.733333333333333,0,MT MALABAR QUEEN_99,Container Ship,IMO7679508,249.9,27.1,9.8,0.0
sentinel_691,663550988,144,2026-09-04 03:56:55+00:00,2026-09-04 10:56:21+00:00,0.5,3.5,1.1590277777777778,70.22222222222223,19.14334527777778,72.58012919444444,0,4.916666666666667,34,FV MUMBAI EXPRESS_65,Fishing,IMO7614724,17.7,5.7,1.1,0.2361111111111111
sentinel_691,697169479,71,2026-09-03 23:45:24+00:00,2026-09-04 03:16:00+00:00,3.0,7.0,5.095774647887324,92.3,18.900984267605633,72.67297447887324,0,4.966666666666667,0,MT MUMBAI EXPRESS_41,Fishing,IMO1966769,36.2,5.8,3.1,0.0
sentinel_691,730915077,31,2026-09-03 23:04:52+00:00,2026-09-04 00:31:51+00:00,13.6,15.6,14.80967741935484,55.119354838709675,18.91756919354839,72.65614848387096,0,4.933333333333334,0,SY KONKAN TRADER_11,Cargo,IMO2293159,110.9,29.9,5.9,0.0
sentinel_691,790077090,45,2026-09-04 00:34:53+00:00,2026-09-04 02:59:19+00:00,6.2,9.0,7.751111111111111,288.53555555555556,18.971165822222222,72.67203915555555,0,4.966666666666667,0,SY COASTAL PEARL_51,Tanker,IMO8387790,210.9,33.7,12.3,0.0
sentinel_693,209053121,10,2026-09-03 23:00:00+00:00,2026-09-03 23:27:15+00:00,19.8,21.1,20.39,244.53000000000003,19.0812527,72.5625692,0,4.866666666666666,0,FV WESTERN STAR_38,Passenger,IMO3093190,110.1,26.5,8.2,0.0
sentinel_693,218087708,24,2026-09-03 23:00:00+00:00,2026-09-04 00:04:45+00:00,12.0,13.1,12.470833333333333,205.63333333333333,18.917163125,72.75744304166666,0,4.866666666666666,0,MT ARABIAN KNIGHT_62,Tanker,IMO8890587,204.3,33.4,13.8,0.0
sentinel_693,250916077,15,2026-09-03 23:32:37+00:00,2026-09-04 00:15:56+00:00,17.3,19.0,18.12,221.06,19.09817273333333,72.56903893333333,0,4.833333333333333,0,MT MUMBAI EXPRESS_67,Passenger,IMO5553736,93.3,17.7,6.0,0.0
sentinel_693,274992570,65,2026-09-04 01:28:56+00:00,2026-09-04 04:44:33+00:00,5.7,8.4,7.121538461538461,195.99076923076922,18.991361338461537,72.69141541538461,0,4.866666666666666,0,FV MUMBAI EXPRESS_19,Fishing,IMO1115482,36.8,9.5,1.7,0.0
sentinel_693,285514406,5,2026-09-03 23:00:00+00:00,2026-09-03 23:13:08+00:00,16.9,18.1,17.580000000000002,308.88,19.159926,72.5688712,0,4.233333333333333,0,MT SEA HORIZON_25,Passenger,IMO1258768,221.2,19.2,8.5,0.0
sentinel_693,368688902,28,2026-09-03 23:55:36+00:00,2026-09-04 01:18:48+00:00,11.2,13.0,12.089285714285714,31.439285714285713,19.056387857142855,72.56563089285714,0,4.7,0,MT MUMBAI EXPRESS_99,Cargo,IMO1898516,213.1,17.8,11.2,0.0
sentinel_693,439670711,50,2026-09-04 02:18:42+00:00,2026-09-04 04:54:42+00:00,7.6,10.1,9.064,41.232,19.0371697,72.63064744,0,4.933333333333334,0,MV MUMBAI EXPRESS_14,Tanker,IMO3341057,203.1,18.7,8.5,0.0
sentinel_693,490612805,16,2026-09-03 23:09:11+00:00,2026-09-03 23:58:38+00:00,15.0,16.0,15.5375,303.45625,19.126233374999998,72.7257824375,0,4.866666666666666,0,SY ARABIAN KNIGHT_48,Tanker,IMO4773549,247.2,22.2,9.9,0.0
sentinel_693,499317479,9,2026-09-03 23:00:00+00:00,2026-09-03 23:20:11+00:00,12.4,13.7,13.044444444444444,251.7888888888889,18.85449733333333,72.52863355555556,0,4.033333333333333,0,MV COASTAL PEARL_63,Cargo,IMO4547081,130.2,19.7,8.4,0.0
sentinel_693,569749767,13,2026-09-03 23:00:00+00:00,2026-09-03 23:34:25+00:00,17.8,18.9,18.292307692307695,120.56153846153846,18.854309076923077,72.58241253846154,0,4.733333333333333,0,MT MALABAR QUEEN_99,Container Ship,IMO7679508,249.9,27.1,9.8,0.0
sentinel_693,663550988,147,2026-09-04 03:46:01+00:00,2026-09-04 10:56:21+00:00,0.5,4.1,1.2156462585034014,70.0891156462585,19.14268457142857,72.57837597278912,0,4.916666666666667,34,FV MUMBAI EXPRESS_65,Fishing,IMO7614724,17.7,5.7,1.1,0.23129251700680273
sentinel_693,697169479,73,2026-09-03 23:38:07+00:00,2026-09-04 03:16:00+00:00,3.0,7.0,5.13972602739726,92.24931506849315,18.901211246575343,72.66809157534247,0,4.966666666666667,0,MT MUMBAI EXPRESS_41,Fishing,IMO1966769,36.2,5.8,3.1,0.0
sentinel_693,730915077,32,2026-09-03 23:02:27+00:00,2026-09-04 00:31:51+00:00,13.6,15.6,14.803125,55.15625,18.91438303125,72.65126078125,0,4.933333333333334,0,SY KONKAN TRADER_11,Cargo,IMO2293159,110.9,29.9,5.9,0.0
sentinel_693,790077090,47,2026-09-04 00:34:53+00:00,2026-09-04 03:04:32+00:00,6.2,9.0,7.706382978723404,288.6659574468085,18.973658063829788,72.66466027659574,0,4.966666666666667,0,SY COASTAL PEARL_51,Tanker,IMO8387790,210.9,33.7,12.3,0.0
sentinel_705,209053121,9,2026-09-03 23:00:00+00:00,2026-09-03 23:23:32+00:00,19.8,21.1,20.344444444444445,244.42222222222225,19.084829,72.57050366666667,0,4.866666666666666,0,FV WESTERN STAR_38,Passenger,IMO3093190,110.1,26.5,8.2,0.0
sentinel_705,218087708,24,2026-09-03 23:00:00+00:00,2026-09-04 00:04:45+00:00,12.0,13.1,12.470833333333333,205.63333333333333,18.917163125,72.75744304166666,0,4.866666666666666,0,MT ARABIAN KNIGHT_62,Tanker,IMO8890587,204.3,33.4,13.8,0.0
sentinel_705,250916077,15,2026-09-03 23:28:15+00:00,2026-09-04 00:11:19+00:00,17.0,19.0,18.026666666666664,221.16666666666666,19.110048533333334,72.58008126666667,0,4.833333333333333,0,MT MUMBAI EXPRESS_67,Passenger,IMO5553736,93.3,17.7,6.0,0.0
sentinel_705,274992570,67,2026-09-04 01:17:37+00:00,2026-09-04 04:41:41+00:00,5.7,8.4,7.08955223880597,196.0402985074627,19.003052970149255,72.69489473134328,0,4.866666666666666,0,FV MUMBAI EXPRESS_19,Fishing,IMO1115482,36.8,9.5,1.7,0.0
sentinel_705,285514406,6,2026-09-03 23:00:00+00:00,2026-09-03 23:17:58+00:00,16.9,18.1,17.616666666666667,308.93333333333334,19.165767666666667,72.56125283333334,0,4.833333333333333,0,MT SEA HORIZON_25,Passenger,IMO1258768,221.2,19.2,8.5,0.0
sentinel_705,368688902,26,2026-09-04 00:02:47+00:00,2026-09-04 01:21:19+00:00,11.2,13.0,12.13846153846154,31.196153846153848,19.073575961538463,72.576891,0,4.7,0,MT MUMBAI EXPRESS_99,Cargo,IMO1898516,213.1,17.8,11.2,0.0
sentinel_705,439670711,51,2026-09-04 02:21:55+00:00,2026-09-04 04:59:35+00:00,7.6,10.0,9.041176470588235,41.33137254901961,19.046102215686275,72.63898733333333,0,4.933333333333334,0,MV MUMBAI EXPRESS_14,Tanker,IMO3341057,203.1,18.7,8.5,0.0
sentinel_705,490612805,17,2026-09-03 23:14:03+00:00,2026-09-04 00:04:48+00:00,15.0,16.0,15.53529411764706,303.0764705882353,19.137831764705883,72.70706211764707,0,4.55,0,SY ARABIAN KNIGHT_48,Tanker,IMO4773549,247.2,22.2,9.9,0.0
sentinel_705,499317479,8,2026-09-03 23:00:00+00:00,2026-09-03 23:17:25+00:00,12.4,13.7,13.075,251.8125,18.85592575,72.533184125,0,4.033333333333333,0,MV COASTAL PEARL_63,Cargo,IMO4547081,130.2,19.7,8.4,0.0
sentinel_705,569749767,11,2026-09-03 23:01:24+00:00,2026-09-03 23:33:21+00:00,17.8,18.8,18.263636363636365,120.5090909090909,18.85400927272727,72.58299218181818,0,4.733333333333333,0,MT MALABAR QUEEN_99,Container Ship,IMO7679508,249.9,27.1,9.8,0.0
sentinel_705,663550988,144,2026-09-04 03:56:55+00:00,2026-09-04 10:56:21+00:00,0.5,3.5,1.1590277777777778,70.22222222222223,19.14334527777778,72.58012919444444,0,4.916666666666667,34,FV MUMBAI EXPRESS_65,Fishing,IMO7614724,17.7,5.7,1.1,0.2361111111111111
sentinel_705,697169479,71,2026-09-03 23:45:24+00:00,2026-09-04 03:16:00+00:00,3.0,7.0,5.095774647887324,92.3,18.900984267605633,72.67297447887324,0,4.966666666666667,0,MT MUMBAI EXPRESS_41,Fishing,IMO1966769,36.2,5.8,3.1,0.0
sentinel_705,730915077,31,2026-09-03 23:04:52+00:00,2026-09-04 00:31:51+00:00,13.6,15.6,14.80967741935484,55.119354838709675,18.91756919354839,72.65614848387096,0,4.933333333333334,0,SY KONKAN TRADER_11,Cargo,IMO2293159,110.9,29.9,5.9,0.0
sentinel_705,790077090,45,2026-09-04 00:34:53+00:00,2026-09-04 02:59:19+00:00,6.2,9.0,7.751111111111111,288.53555555555556,18.971165822222222,72.67203915555555,0,4.966666666666667,0,SY COASTAL PEARL_51,Tanker,IMO8387790,210.9,33.7,12.3,0.0
sentinel_718,209053121,10,2026-09-03 23:00:00+00:00,2026-09-03 23:27:15+00:00,19.8,21.1,20.39,244.53000000000003,19.0812527,72.5625692,0,4.866666666666666,0,FV WESTERN STAR_38,Passenger,IMO3093190,110.1,26.5,8.2,0.0
sentinel_718,218087708,24,2026-09-03 23:00:00+00:00,2026-09-04 00:04:45+00:00,12.0,13.1,12.470833333333333,205.63333333333333,18.917163125,72.75744304166666,0,4.866666666666666,0,MT ARABIAN KNIGHT_62,Tanker,IMO8890587,204.3,33.4,13.8,0.0
sentinel_718,250916077,16,2026-09-03 23:32:37+00:00,2026-09-04 00:18:19+00:00,17.3,19.0,18.125,221.04375,19.0926428125,72.5639943125,0,4.833333333333333,0,MT MUMBAI EXPRESS_67,Passenger,IMO5553736,93.3,17.7,6.0,0.0
sentinel_718,274992570,67,2026-09-04 01:20:41+00:00,2026-09-04 04:44:33+00:00,5.7,8.4,7.094029850746269,196.03432835820894,18.997287641791043,72.69314013432836,0,4.866666666666666,0,FV MUMBAI EXPRESS_19,Fishing,IMO1115482,36.8,9.5,1.7,0.0
sentinel_718,285514406,5,2026-09-03 23:00:00+00:00,2026-09-03 23:13:08+00:00,16.9,18.1,17.580000000000002,308.88,19.159926,72.5688712,0,4.233333333333333,0,MT SEA HORIZON_25,Passenger,IMO1258768,221.2,19.2,8.5,0.0
sentinel_718,368688902,30,2026-09-03 23:54:19+00:00,2026-09-04 01:21:19+00:00,11.2,13.0,12.093333333333334,31.373333333333335,19.057040566666668,72.56590033333333,0,4.7,0,MT MUMBAI EXPRESS_99,Cargo,IMO1898516,213.1,17.8,11.2,0.0
sentinel_718,439670711,52,2026-09-04 02:13:46+00:00,2026-09-04 04:57:01+00:00,7.6,10.1,9.078846153846154,41.17115384615385,19.03706380769231,72.63069638461539,0,4.933333333333334,0,MV MUMBAI EXPRESS_14,Tanker,IMO3341057,203.1,18.7,8.5,0.0
sentinel_718,490612805,16,2026-09-03 23:14:03+00:00,2026-09-04 00:02:19+00:00,15.0,16.0,15.5375,303.26875,19.13412575,72.7131336875,0,4.55,0,SY ARABIAN KNIGHT_48,Tanker,IMO4773549,247.2,22.2,9.9,0.0
sentinel_718,499317479,9,2026-09-03 23:00:00+00:00,2026-09-03 23:20:11+00:00,12.4,13.7,13.044444444444444,251.7888888888889,18.85449733333333,72.52863355555556,0,4.033333333333333,0,MV COASTAL PEARL_63,Cargo,IMO4547081,130.2,19.7,8.4,0.0
sentinel_718,569749767,13,2026-09-03 23:00:00+00:00,2026-09-03 23:34:25+00:00,17.8,18.9,18.292307692307695,120.56153846153846,18.854309076923077,72.58241253846154,0,4.733333333333333,0,MT MALABAR QUEEN_99,Container Ship,IMO7679508,249.9,27.1,9.8,0.0
sentinel_718,663550988,148,2026-09-04 03:44:33+00:00,2026-09-04 10:56:21+00:00,0.5,4.1,1.2324324324324325,70.04391891891892,19.14245602027027,72.57777672972973,0,4.916666666666667,34,FV MUMBAI EXPRESS_65,Fishing,IMO7614724,17.7,5.7,1.1,0.22972972972972974
sentinel_718,697169479,74,2026-09-03 23:36:31+00:00,2026-09-04 03:16:00+00:00,3.0,7.0,5.16081081081081,92.22702702702703,18.901320743243243,72.66566697297297,0,4.966666666666667,0,MT MUMBAI EXPRESS_41,Fishing,IMO1966769,36.2,5.8,3.1,0.0
sentinel_718,730915077,33,2026-09-03 23:00:00+00:00,2026-09-04 00:31:51+00:00,13.6,15.6,14.812121212121212,55.21818181818182,18.911221121212122,72.64639266666667,0,4.933333333333334,0,SY KONKAN TRADER_11,Cargo,IMO2293159,110.9,29.9,5.9,0.0
sentinel_718,790077090,48,2026-09-04 00:34:53+00:00,2026-09-04 03:09:00+00:00,6.2,9.0,7.6875,288.75208333333336,18.9749013125,72.6610038125,0,4.966666666666667,0,SY COASTAL PEARL_51,Tanker,IMO8387790,210.9,33.7,12.3,0.0
sentinel_719,209053121,9,2026-09-03 23:00:00+00:00,2026-09-03 23:23:32+00:00,19.8,21.1,20.344444444444445,244.42222222222225,19.084829,72.57050366666667,0,4.866666666666666,0,FV WESTERN STAR_38,Passenger,IMO3093190,110.1,26.5,8.2,0.0
sentinel_719,218087708,24,2026-09-03 23:00:00+00:00,2026-09-04 00:04:45+00:00,12.0,13.1,12.470833333333333,205.63333333333333,18.917163125,72.75744304166666,0,4.866666666666666,0,MT ARABIAN KNIGHT_62,Tanker,IMO8890587,204.3,33.4,13.8,0.0
sentinel_719,250916077,15,2026-09-03 23:28:15+00:00,2026-09-04 00:11:19+00:00,17.0,19.0,18.026666666666664,221.16666666666666,19.110048533333334,72.58008126666667,0,4.833333333333333,0,MT MUMBAI EXPRESS_67,Passenger,IMO5553736,93.3,17.7,6.0,0.0
sentinel_719,274992570,67,2026-09-04 01:17:37+00:00,2026-09-04 04:41:41+00:00,5.7,8.4,7.08955223880597,196.0402985074627,19.003052970149255,72.69489473134328,0,4.866666666666666,0,FV MUMBAI EXPRESS_19,Fishing,IMO1115482,36.8,9.5,1.7,0.0
sentinel_719,285514406,6,2026-09-03 23:00:00+00:00,2026-09-03 23:17:58+00:00,16.9,18.1,17.616666666666667,308.93333333333334,19.165767666666667,72.56125283333334,0,4.833333333333333,0,MT SEA HORIZON_25,Passenger,IMO1258768,221.2,19.2,8.5,0.0
sentinel_719,368688902,26,2026-09-04 00:02:47+00:00,2026-09-04 01:21:19+00:00,11.2,13.0,12.13846153846154,31.196153846153848,19.073575961538463,72.576891,0,4.7,0,MT MUMBAI EXPRESS_99,Cargo,IMO1898516,213.1,17.8,11.2,0.0
sentinel_719,439670711,51,2026-09-04 02:21:55+00:00,2026-09-04 04:59:35+00:00,7.6,10.0,9.041176470588235,41.33137254901961,19.046102215686275,72.63898733333333,0,4.933333333333334,0,MV MUMBAI EXPRESS_14,Tanker,IMO3341057,203.1,18.7,8.5,0.0
sentinel_719,490612805,17,2026-09-03 23:14:03+00:00,2026-09-04 00:04:48+00:00,15.0,16.0,15.53529411764706,303.0764705882353,19.137831764705883,72.70706211764707,0,4.55,0,SY ARABIAN KNIGHT_48,Tanker,IMO4773549,247.2,22.2,9.9,0.0
sentinel_719,499317479,7,2026-09-03 23:00:00+00:00,2026-09-03 23:16:12+00:00,12.4,13.7,13.1,251.82857142857142,18.857319285714286,72.53762314285714,0,4.033333333333333,0,MV COASTAL PEARL_63,Cargo,IMO4547081,130.2,19.7,8.4,0.0
sentinel_719,569749767,11,2026-09-03 23:01:24+00:00,2026-09-03 23:33:21+00:00,17.8,18.8,18.263636363636365,120.5090909090909,18.85400927272727,72.58299218181818,0,4.733333333333333,0,MT MALABAR QUEEN_99,Container Ship,IMO7679508,249.9,27.1,9.8,0.0
sentinel_719,663550988,144,2026-09-04 03:56:55+00:00,2026-09-04 10:56:21+00:00,0.5,3.5,1.1590277777777778,70.22222222222223,19.14334527777778,72.58012919444444,0,4.916666666666667,34,FV MUMBAI EXPRESS_65,Fishing,IMO7614724,17.7,5.7,1.1,0.2361111111111111
sentinel_719,697169479,71,2026-09-03 23:45:24+00:00,2026-09-04 03:16:00+00:00,3.0,7.0,5.095774647887324,92.3,18.900984267605633,72.67297447887324,0,4.966666666666667,0,MT MUMBAI EXPRESS_41,Fishing,IMO1966769,36.2,5.8,3.1,0.0
sentinel_719,730915077,31,2026-09-03 23:04:52+00:00,2026-09-04 00:31:51+00:00,13.6,15.6,14.80967741935484,55.119354838709675,18.91756919354839,72.65614848387096,0,4.933333333333334,0,SY KONKAN TRADER_11,Cargo,IMO2293159,110.9,29.9,5.9,0.0
sentinel_719,790077090,45,2026-09-04 00:34:53+00:00,2026-09-04 02:59:19+00:00,6.2,9.0,7.751111111111111,288.53555555555556,18.971165822222222,72.67203915555555,0,4.966666666666667,0,SY COASTAL PEARL_51,Tanker,IMO8387790,210.9,33.7,12.3,0.0
sentinel_722,209053121,9,2026-09-03 23:00:00+00:00,2026-09-03 23:23:32+00:00,19.8,21.1,20.344444444444445,244.42222222222225,19.084829,72.57050366666667,0,4.866666666666666,0,FV WESTERN STAR_38,Passenger,IMO3093190,110.1,26.5,8.2,0.0
sentinel_722,218087708,24,2026-09-03 23:00:00+00:00,2026-09-04 00:04:45+00:00,12.0,13.1,12.470833333333333,205.63333333333333,18.917163125,72.75744304166666,0,4.866666666666666,0,MT ARABIAN KNIGHT_62,Tanker,IMO8890587,204.3,33.4,13.8,0.0
sentinel_722,250916077,15,2026-09-03 23:28:15+00:00,2026-09-04 00:11:19+00:00,17.0,19.0,18.026666666666664,221.16666666666666,19.110048533333334,72.58008126666667,0,4.833333333333333,0,MT MUMBAI EXPRESS_67,Passenger,IMO5553736,93.3,17.7,6.0,0.0
sentinel_722,274992570,67,2026-09-04 01:17:37+00:00,2026-09-04 04:41:41+00:00,5.7,8.4,7.08955223880597,196.0402985074627,19.003052970149255,72.69489473134328,0,4.866666666666666,0,FV MUMBAI EXPRESS_19,Fishing,IMO1115482,36.8,9.5,1.7,0.0
sentinel_722,285514406,6,2026-09-03 23:00:00+00:00,2026-09-03 23:17:58+00:00,16.9,18.1,17.616666666666667,308.93333333333334,19.165767666666667,72.56125283333334,0,4.833333333333333,0,MT SEA HORIZON_25,Passenger,IMO1258768,221.2,19.2,8.5,0.0
sentinel_722,368688902,26,2026-09-04 00:02:47+00:00,2026-09-04 01:21:19+00:00,11.2,13.0,12.13846153846154,31.196153846153848,19.073575961538463,72.576891,0,4.7,0,MT MUMBAI EXPRESS_99,Cargo,IMO1898516,213.1,17.8,11.2,0.0
sentinel_722,439670711,51,2026-09-04 02:21:55+00:00,2026-09-04 04:59:35+00:00,7.6,10.0,9.041176470588235,41.33137254901961,19.046102215686275,72.63898733333333,0,4.933333333333334,0,MV MUMBAI EXPRESS_14,Tanker,IMO3341057,203.1,18.7,8.5,0.0
sentinel_722,490612805,17,2026-09-03 23:14:03+00:00,2026-09-04 00:04:48+00:00,15.0,16.0,15.53529411764706,303.0764705882353,19.137831764705883,72.70706211764707,0,4.55,0,SY ARABIAN KNIGHT_48,Tanker,IMO4773549,247.2,22.2,9.9,0.0
sentinel_722,499317479,8,2026-09-03 23:00:00+00:00,2026-09-03 23:17:25+00:00,12.4,13.7,13.075,251.8125,18.85592575,72.533184125,0,4.033333333333333,0,MV COASTAL PEARL_63,Cargo,IMO4547081,130.2,19.7,8.4,0.0
sentinel_722,569749767,11,2026-09-03 23:01:24+00:00,2026-09-03 23:33:21+00:00,17.8,18.8,18.263636363636365,120.5090909090909,18.85400927272727,72.58299218181818,0,4.733333333333333,0,MT MALABAR QUEEN_99,Container Ship,IMO7679508,249.9,27.1,9.8,0.0
sentinel_722,663550988,144,2026-09-04 03:56:55+00:00,2026-09-04 10:56:21+00:00,0.5,3.5,1.1590277777777778,70.22222222222223,19.14334527777778,72.58012919444444,0,4.916666666666667,34,FV MUMBAI EXPRESS_65,Fishing,IMO7614724,17.7,5.7,1.1,0.2361111111111111
sentinel_722,697169479,71,2026-09-03 23:45:24+00:00,2026-09-04 03:16:00+00:00,3.0,7.0,5.095774647887324,92.3,18.900984267605633,72.67297447887324,0,4.966666666666667,0,MT MUMBAI EXPRESS_41,Fishing,IMO1966769,36.2,5.8,3.1,0.0
sentinel_722,730915077,31,2026-09-03 23:04:52+00:00,2026-09-04 00:31:51+00:00,13.6,15.6,14.80967741935484,55.119354838709675,18.91756919354839,72.65614848387096,0,4.933333333333334,0,SY KONKAN TRADER_11,Cargo,IMO2293159,110.9,29.9,5.9,0.0
sentinel_722,790077090,45,2026-09-04 00:34:53+00:00,2026-09-04 02:59:19+00:00,6.2,9.0,7.751111111111111,288.53555555555556,18.971165822222222,72.67203915555555,0,4.966666666666667,0,SY COASTAL PEARL_51,Tanker,IMO8387790,210.9,33.7,12.3,0.0
sentinel_73,209053121,9,2026-09-03 23:00:00+00:00,2026-09-03 23:23:32+00:00,19.8,21.1,20.344444444444445,244.42222222222225,19.084829,72.57050366666667,0,4.866666666666666,0,FV WESTERN STAR_38,Passenger,IMO3093190,110.1,26.5,8.2,0.0
sentinel_73,218087708,24,2026-09-03 23:00:00+00:00,2026-09-04 00:04:45+00:00,12.0,13.1,12.470833333333333,205.63333333333333,18.917163125,72.75744304166666,0,4.866666666666666,0,MT ARABIAN KNIGHT_62,Tanker,IMO8890587,204.3,33.4,13.8,0.0
sentinel_73,250916077,15,2026-09-03 23:28:15+00:00,2026-09-04 00:11:19+00:00,17.0,19.0,18.026666666666664,221.16666666666666,19.110048533333334,72.58008126666667,0,4.833333333333333,0,MT MUMBAI EXPRESS_67,Passenger,IMO5553736,93.3,17.7,6.0,0.0
sentinel_73,274992570,67,2026-09-04 01:17:37+00:00,2026-09-04 04:41:41+00:00,5.7,8.4,7.08955223880597,196.0402985074627,19.003052970149255,72.69489473134328,0,4.866666666666666,0,FV MUMBAI EXPRESS_19,Fishing,IMO1115482,36.8,9.5,1.7,0.0
sentinel_73,285514406,6,2026-09-03 23:00:00+00:00,2026-09-03 23:17:58+00:00,16.9,18.1,17.616666666666667,308.93333333333334,19.165767666666667,72.56125283333334,0,4.833333333333333,0,MT SEA HORIZON_25,Passenger,IMO1258768,221.2,19.2,8.5,0.0
sentinel_73,368688902,26,2026-09-04 00:02:47+00:00,2026-09-04 01:21:19+00:00,11.2,13.0,12.13846153846154,31.196153846153848,19.073575961538463,72.576891,0,4.7,0,MT MUMBAI EXPRESS_99,Cargo,IMO1898516,213.1,17.8,11.2,0.0
sentinel_73,439670711,51,2026-09-04 02:21:55+00:00,2026-09-04 04:59:35+00:00,7.6,10.0,9.041176470588235,41.33137254901961,19.046102215686275,72.63898733333333,0,4.933333333333334,0,MV MUMBAI EXPRESS_14,Tanker,IMO3341057,203.1,18.7,8.5,0.0
sentinel_73,490612805,17,2026-09-03 23:14:03+00:00,2026-09-04 00:04:48+00:00,15.0,16.0,15.53529411764706,303.0764705882353,19.137831764705883,72.70706211764707,0,4.55,0,SY ARABIAN KNIGHT_48,Tanker,IMO4773549,247.2,22.2,9.9,0.0
sentinel_73,499317479,8,2026-09-03 23:00:00+00:00,2026-09-03 23:17:25+00:00,12.4,13.7,13.075,251.8125,18.85592575,72.533184125,0,4.033333333333333,0,MV COASTAL PEARL_63,Cargo,IMO4547081,130.2,19.7,8.4,0.0
sentinel_73,569749767,11,2026-09-03 23:01:24+00:00,2026-09-03 23:33:21+00:00,17.8,18.8,18.263636363636365,120.5090909090909,18.85400927272727,72.58299218181818,0,4.733333333333333,0,MT MALABAR QUEEN_99,Container Ship,IMO7679508,249.9,27.1,9.8,0.0
sentinel_73,663550988,144,2026-09-04 03:56:55+00:00,2026-09-04 10:56:21+00:00,0.5,3.5,1.1590277777777778,70.22222222222223,19.14334527777778,72.58012919444444,0,4.916666666666667,34,FV MUMBAI EXPRESS_65,Fishing,IMO7614724,17.7,5.7,1.1,0.2361111111111111
sentinel_73,697169479,71,2026-09-03 23:45:24+00:00,2026-09-04 03:16:00+00:00,3.0,7.0,5.095774647887324,92.3,18.900984267605633,72.67297447887324,0,4.966666666666667,0,MT MUMBAI EXPRESS_41,Fishing,IMO1966769,36.2,5.8,3.1,0.0
sentinel_73,730915077,31,2026-09-03 23:04:52+00:00,2026-09-04 00:31:51+00:00,13.6,15.6,14.80967741935484,55.119354838709675,18.91756919354839,72.65614848387096,0,4.933333333333334,0,SY KONKAN TRADER_11,Cargo,IMO2293159,110.9,29.9,5.9,0.0
sentinel_73,790077090,45,2026-09-04 00:34:53+00:00,2026-09-04 02:59:19+00:00,6.2,9.0,7.751111111111111,288.53555555555556,18.971165822222222,72.67203915555555,0,4.966666666666667,0,SY COASTAL PEARL_51,Tanker,IMO8387790,210.9,33.7,12.3,0.0
sentinel_733,209053121,9,2026-09-03 23:00:00+00:00,2026-09-03 23:23:32+00:00,19.8,21.1,20.344444444444445,244.42222222222225,19.084829,72.57050366666667,0,4.866666666666666,0,FV WESTERN STAR_38,Passenger,IMO3093190,110.1,26.5,8.2,0.0
sentinel_733,218087708,24,2026-09-03 23:00:00+00:00,2026-09-04 00:04:45+00:00,12.0,13.1,12.470833333333333,205.63333333333333,18.917163125,72.75744304166666,0,4.866666666666666,0,MT ARABIAN KNIGHT_62,Tanker,IMO8890587,204.3,33.4,13.8,0.0
sentinel_733,250916077,15,2026-09-03 23:28:15+00:00,2026-09-04 00:11:19+00:00,17.0,19.0,18.026666666666664,221.16666666666666,19.110048533333334,72.58008126666667,0,4.833333333333333,0,MT MUMBAI EXPRESS_67,Passenger,IMO5553736,93.3,17.7,6.0,0.0
sentinel_733,274992570,67,2026-09-04 01:17:37+00:00,2026-09-04 04:41:41+00:00,5.7,8.4,7.08955223880597,196.0402985074627,19.003052970149255,72.69489473134328,0,4.866666666666666,0,FV MUMBAI EXPRESS_19,Fishing,IMO1115482,36.8,9.5,1.7,0.0
sentinel_733,285514406,6,2026-09-03 23:00:00+00:00,2026-09-03 23:17:58+00:00,16.9,18.1,17.616666666666667,308.93333333333334,19.165767666666667,72.56125283333334,0,4.833333333333333,0,MT SEA HORIZON_25,Passenger,IMO1258768,221.2,19.2,8.5,0.0
sentinel_733,368688902,26,2026-09-04 00:02:47+00:00,2026-09-04 01:21:19+00:00,11.2,13.0,12.13846153846154,31.196153846153848,19.073575961538463,72.576891,0,4.7,0,MT MUMBAI EXPRESS_99,Cargo,IMO1898516,213.1,17.8,11.2,0.0
sentinel_733,439670711,51,2026-09-04 02:21:55+00:00,2026-09-04 04:59:35+00:00,7.6,10.0,9.041176470588235,41.33137254901961,19.046102215686275,72.63898733333333,0,4.933333333333334,0,MV MUMBAI EXPRESS_14,Tanker,IMO3341057,203.1,18.7,8.5,0.0
sentinel_733,490612805,17,2026-09-03 23:14:03+00:00,2026-09-04 00:04:48+00:00,15.0,16.0,15.53529411764706,303.0764705882353,19.137831764705883,72.70706211764707,0,4.55,0,SY ARABIAN KNIGHT_48,Tanker,IMO4773549,247.2,22.2,9.9,0.0
sentinel_733,499317479,7,2026-09-03 23:00:00+00:00,2026-09-03 23:16:12+00:00,12.4,13.7,13.1,251.82857142857142,18.857319285714286,72.53762314285714,0,4.033333333333333,0,MV COASTAL PEARL_63,Cargo,IMO4547081,130.2,19.7,8.4,0.0
sentinel_733,569749767,11,2026-09-03 23:01:24+00:00,2026-09-03 23:33:21+00:00,17.8,18.8,18.263636363636365,120.5090909090909,18.85400927272727,72.58299218181818,0,4.733333333333333,0,MT MALABAR QUEEN_99,Container Ship,IMO7679508,249.9,27.1,9.8,0.0
sentinel_733,663550988,144,2026-09-04 03:56:55+00:00,2026-09-04 10:56:21+00:00,0.5,3.5,1.1590277777777778,70.22222222222223,19.14334527777778,72.58012919444444,0,4.916666666666667,34,FV MUMBAI EXPRESS_65,Fishing,IMO7614724,17.7,5.7,1.1,0.2361111111111111
sentinel_733,697169479,71,2026-09-03 23:45:24+00:00,2026-09-04 03:16:00+00:00,3.0,7.0,5.095774647887324,92.3,18.900984267605633,72.67297447887324,0,4.966666666666667,0,MT MUMBAI EXPRESS_41,Fishing,IMO1966769,36.2,5.8,3.1,0.0
sentinel_733,730915077,31,2026-09-03 23:04:52+00:00,2026-09-04 00:31:51+00:00,13.6,15.6,14.80967741935484,55.119354838709675,18.91756919354839,72.65614848387096,0,4.933333333333334,0,SY KONKAN TRADER_11,Cargo,IMO2293159,110.9,29.9,5.9,0.0
sentinel_733,790077090,45,2026-09-04 00:34:53+00:00,2026-09-04 02:59:19+00:00,6.2,9.0,7.751111111111111,288.53555555555556,18.971165822222222,72.67203915555555,0,4.966666666666667,0,SY COASTAL PEARL_51,Tanker,IMO8387790,210.9,33.7,12.3,0.0
sentinel_735,209053121,9,2026-09-03 23:00:00+00:00,2026-09-03 23:23:32+00:00,19.8,21.1,20.344444444444445,244.42222222222225,19.084829,72.57050366666667,0,4.866666666666666,0,FV WESTERN STAR_38,Passenger,IMO3093190,110.1,26.5,8.2,0.0
sentinel_735,218087708,24,2026-09-03 23:00:00+00:00,2026-09-04 00:04:45+00:00,12.0,13.1,12.470833333333333,205.63333333333333,18.917163125,72.75744304166666,0,4.866666666666666,0,MT ARABIAN KNIGHT_62,Tanker,IMO8890587,204.3,33.4,13.8,0.0
sentinel_735,250916077,15,2026-09-03 23:28:15+00:00,2026-09-04 00:11:19+00:00,17.0,19.0,18.026666666666664,221.16666666666666,19.110048533333334,72.58008126666667,0,4.833333333333333,0,MT MUMBAI EXPRESS_67,Passenger,IMO5553736,93.3,17.7,6.0,0.0
sentinel_735,274992570,67,2026-09-04 01:17:37+00:00,2026-09-04 04:41:41+00:00,5.7,8.4,7.08955223880597,196.0402985074627,19.003052970149255,72.69489473134328,0,4.866666666666666,0,FV MUMBAI EXPRESS_19,Fishing,IMO1115482,36.8,9.5,1.7,0.0
sentinel_735,285514406,6,2026-09-03 23:00:00+00:00,2026-09-03 23:17:58+00:00,16.9,18.1,17.616666666666667,308.93333333333334,19.165767666666667,72.56125283333334,0,4.833333333333333,0,MT SEA HORIZON_25,Passenger,IMO1258768,221.2,19.2,8.5,0.0
sentinel_735,368688902,26,2026-09-04 00:02:47+00:00,2026-09-04 01:21:19+00:00,11.2,13.0,12.13846153846154,31.196153846153848,19.073575961538463,72.576891,0,4.7,0,MT MUMBAI EXPRESS_99,Cargo,IMO1898516,213.1,17.8,11.2,0.0
sentinel_735,439670711,51,2026-09-04 02:21:55+00:00,2026-09-04 04:59:35+00:00,7.6,10.0,9.041176470588235,41.33137254901961,19.046102215686275,72.63898733333333,0,4.933333333333334,0,MV MUMBAI EXPRESS_14,Tanker,IMO3341057,203.1,18.7,8.5,0.0
sentinel_735,490612805,17,2026-09-03 23:14:03+00:00,2026-09-04 00:04:48+00:00,15.0,16.0,15.53529411764706,303.0764705882353,19.137831764705883,72.70706211764707,0,4.55,0,SY ARABIAN KNIGHT_48,Tanker,IMO4773549,247.2,22.2,9.9,0.0
sentinel_735,499317479,7,2026-09-03 23:00:00+00:00,2026-09-03 23:16:12+00:00,12.4,13.7,13.1,251.82857142857142,18.857319285714286,72.53762314285714,0,4.033333333333333,0,MV COASTAL PEARL_63,Cargo,IMO4547081,130.2,19.7,8.4,0.0
sentinel_735,569749767,11,2026-09-03 23:01:24+00:00,2026-09-03 23:33:21+00:00,17.8,18.8,18.263636363636365,120.5090909090909,18.85400927272727,72.58299218181818,0,4.733333333333333,0,MT MALABAR QUEEN_99,Container Ship,IMO7679508,249.9,27.1,9.8,0.0
sentinel_735,663550988,144,2026-09-04 03:56:55+00:00,2026-09-04 10:56:21+00:00,0.5,3.5,1.1590277777777778,70.22222222222223,19.14334527777778,72.58012919444444,0,4.916666666666667,34,FV MUMBAI EXPRESS_65,Fishing,IMO7614724,17.7,5.7,1.1,0.2361111111111111
sentinel_735,697169479,71,2026-09-03 23:45:24+00:00,2026-09-04 03:16:00+00:00,3.0,7.0,5.095774647887324,92.3,18.900984267605633,72.67297447887324,0,4.966666666666667,0,MT MUMBAI EXPRESS_41,Fishing,IMO1966769,36.2,5.8,3.1,0.0
sentinel_735,730915077,31,2026-09-03 23:04:52+00:00,2026-09-04 00:31:51+00:00,13.6,15.6,14.80967741935484,55.119354838709675,18.91756919354839,72.65614848387096,0,4.933333333333334,0,SY KONKAN TRADER_11,Cargo,IMO2293159,110.9,29.9,5.9,0.0
sentinel_735,790077090,45,2026-09-04 00:34:53+00:00,2026-09-04 02:59:19+00:00,6.2,9.0,7.751111111111111,288.53555555555556,18.971165822222222,72.67203915555555,0,4.966666666666667,0,SY COASTAL PEARL_51,Tanker,IMO8387790,210.9,33.7,12.3,0.0
sentinel_740,209053121,11,2026-09-03 23:00:00+00:00,2026-09-03 23:28:15+00:00,19.8,21.1,20.436363636363637,244.6090909090909,19.078108363636364,72.55556954545455,0,4.866666666666666,0,FV WESTERN STAR_38,Passenger,IMO3093190,110.1,26.5,8.2,0.0
sentinel_740,218087708,24,2026-09-03 23:00:00+00:00,2026-09-04 00:04:45+00:00,12.0,13.1,12.470833333333333,205.63333333333333,18.917163125,72.75744304166666,0,4.866666666666666,0,MT ARABIAN KNIGHT_62,Tanker,IMO8890587,204.3,33.4,13.8,0.0
sentinel_740,250916077,18,2026-09-03 23:32:37+00:00,2026-09-04 00:23:20+00:00,17.3,19.0,18.172222222222224,220.94444444444446,19.08193911111111,72.55423311111112,0,4.833333333333333,0,MT MUMBAI EXPRESS_67,Passenger,IMO5553736,93.3,17.7,6.0,0.0
sentinel_740,274992570,65,2026-09-04 01:20:41+00:00,2026-09-04 04:39:17+00:00,5.7,8.4,7.118461538461538,195.98923076923074,19.002921323076926,72.69492246153847,0,4.866666666666666,0,FV MUMBAI EXPRESS_19,Fishing,IMO1115482,36.8,9.5,1.7,0.0
sentinel_740,285514406,6,2026-09-03 23:00:00+00:00,2026-09-03 23:17:58+00:00,16.9,18.1,17.616666666666667,308.93333333333334,19.165767666666667,72.56125283333334,0,4.833333333333333,0,MT SEA HORIZON_25,Passenger,IMO1258768,221.2,19.2,8.5,0.0
sentinel_740,368688902,32,2026-09-03 23:45:02+00:00,2026-09-04 01:21:19+00:00,10.8,13.0,12.028125,31.490625,19.0487330625,72.56034196875,0,4.95,0,MT MUMBAI EXPRESS_99,Cargo,IMO1898516,213.1,17.8,11.2,0.0
sentinel_740,439670711,57,2026-09-04 02:04:01+00:00,2026-09-04 04:59:35+00:00,7.6,10.5,9.164912280701754,40.963157894736845,19.027875666666667,72.62263466666667,0,4.933333333333334,0,MV MUMBAI EXPRESS_14,Tanker,IMO3341057,203.1,18.7,8.5,0.0
sentinel_740,490612805,16,2026-09-03 23:14:03+00:00,2026-09-04 00:02:19+00:00,15.0,16.0,15.5375,303.26875,19.13412575,72.7131336875,0,4.55,0,SY ARABIAN KNIGHT_48,Tanker,IMO4773549,247.2,22.2,9.9,0.0
sentinel_740,499317479,11,2026-09-03 23:00:00+00:00,2026-09-03 23:27:14+00:00,12.4,13.7,13.0,251.73636363636362,18.85133290909091,72.51860636363637,0,4.033333333333333,0,MV COASTAL PEARL_63,Cargo,IMO4547081,130.2,19.7,8.4,0.0
sentinel_740,569749767,11,2026-09-03 23:00:00+00:00,2026-09-03 23:30:46+00:00,17.8,18.8,18.21818181818182,120.39090909090909,18.861759727272727,72.5690351818182,0,4.733333333333333,0,MT MALABAR QUEEN_99,Container Ship,IMO7679508,249.9,27.1,9.8,0.0
sentinel_740,663550988,156,2026-09-04 03:20:41+00:00,2026-09-04 10:56:21+00:00,0.5,4.1,1.3442307692307691,69.74423076923077,19.14043148076923,72.57260946153846,0,4.916666666666667,34,FV MUMBAI EXPRESS_65,Fishing,IMO7614724,17.7,5.7,1.1,0.21794871794871795
sentinel_740,697169479,76,2026-09-03 23:26:53+00:00,2026-09-04 03:10:39+00:00,3.0,7.0,5.282894736842105,92.1671052631579,18.90185886842105,72.6516577631579,0,4.966666666666667,0,MT MUMBAI EXPRESS_41,Fishing,IMO1966769,36.2,5.8,3.1,0.0
sentinel_740,730915077,31,2026-09-03 23:04:52+00:00,2026-09-04 00:31:51+00:00,13.6,15.6,14.80967741935484,55.119354838709675,18.91756919354839,72.65614848387096,0,4.933333333333334,0,SY KONKAN TRADER_11,Cargo,IMO2293159,110.9,29.9,5.9,0.0
sentinel_740,790077090,52,2026-09-04 00:37:52+00:00,2026-09-04 03:22:41+00:00,5.4,9.0,7.528846153846154,289.07884615384614,18.981880903846154,72.64029248076923,0,4.966666666666667,0,SY COASTAL PEARL_51,Tanker,IMO8387790,210.9,33.7,12.3,0.0
sentinel_743,209053121,9,2026-09-03 23:00:00+00:00,2026-09-03 23:23:32+00:00,19.8,21.1,20.344444444444445,244.42222222222225,19.084829,72.57050366666667,0,4.866666666666666,0,FV WESTERN STAR_38,Passenger,IMO3093190,110.1,26.5,8.2,0.0
sentinel_743,218087708,24,2026-09-03 23:00:00+00:00,2026-09-04 00:04:45+00:00,12.0,13.1,12.470833333333333,205.63333333333333,18.917163125,72.75744304166666,0,4.866666666666666,0,MT ARABIAN KNIGHT_62,Tanker,IMO8890587,204.3,33.4,13.8,0.0
sentinel_743,250916077,15,2026-09-03 23:28:15+00:00,2026-09-04 00:11:19+00:00,17.0,19.0,18.026666666666664,221.16666666666666,19.110048533333334,72.58008126666667,0,4.833333333333333,0,MT MUMBAI EXPRESS_67,Passenger,IMO5553736,93.3,17.7,6.0,0.0
sentinel_743,274992570,67,2026-09-04 01:17:37+00:00,2026-09-04 04:41:41+00:00,5.7,8.4,7.08955223880597,196.0402985074627,19.003052970149255,72.69489473134328,0,4.866666666666666,0,FV MUMBAI EXPRESS_19,Fishing,IMO1115482,36.8,9.5,1.7,0.0
sentinel_743,285514406,6,2026-09-03 23:00:00+00:00,2026-09-03 23:17:58+00:00,16.9,18.1,17.616666666666667,308.93333333333334,19.165767666666667,72.56125283333334,0,4.833333333333333,0,MT SEA HORIZON_25,Passenger,IMO1258768,221.2,19.2,8.5,0.0
sentinel_743,368688902,26,2026-09-04 00:02:47+00:00,2026-09-04 01:21:19+00:00,11.2,13.0,12.13846153846154,31.196153846153848,19.073575961538463,72.576891,0,4.7,0,MT MUMBAI EXPRESS_99,Cargo,IMO1898516,213.1,17.8,11.2,0.0
sentinel_743,439670711,51,2026-09-04 02:21:55+00:00,2026-09-04 04:59:35+00:00,7.6,10.0,9.041176470588235,41.33137254901961,19.046102215686275,72.63898733333333,0,4.933333333333334,0,MV MUMBAI EXPRESS_14,Tanker,IMO3341057,203.1,18.7,8.5,0.0
sentinel_743,490612805,17,2026-09-03 23:14:03+00:00,2026-09-04 00:04:48+00:00,15.0,16.0,15.53529411764706,303.0764705882353,19.137831764705883,72.70706211764707,0,4.55,0,SY ARABIAN KNIGHT_48,Tanker,IMO4773549,247.2,22.2,9.9,0.0
sentinel_743,499317479,7,2026-09-03 23:00:00+00:00,2026-09-03 23:16:12+00:00,12.4,13.7,13.1,251.82857142857142,18.857319285714286,72.53762314285714,0,4.033333333333333,0,MV COASTAL PEARL_63,Cargo,IMO4547081,130.2,19.7,8.4,0.0
sentinel_743,569749767,11,2026-09-03 23:01:24+00:00,2026-09-03 23:33:21+00:00,17.8,18.8,18.263636363636365,120.5090909090909,18.85400927272727,72.58299218181818,0,4.733333333333333,0,MT MALABAR QUEEN_99,Container Ship,IMO7679508,249.9,27.1,9.8,0.0
sentinel_743,663550988,144,2026-09-04 03:56:55+00:00,2026-09-04 10:56:21+00:00,0.5,3.5,1.1590277777777778,70.22222222222223,19.14334527777778,72.58012919444444,0,4.916666666666667,34,FV MUMBAI EXPRESS_65,Fishing,IMO7614724,17.7,5.7,1.1,0.2361111111111111
sentinel_743,697169479,71,2026-09-03 23:45:24+00:00,2026-09-04 03:16:00+00:00,3.0,7.0,5.095774647887324,92.3,18.900984267605633,72.67297447887324,0,4.966666666666667,0,MT MUMBAI EXPRESS_41,Fishing,IMO1966769,36.2,5.8,3.1,0.0
sentinel_743,730915077,31,2026-09-03 23:04:52+00:00,2026-09-04 00:31:51+00:00,13.6,15.6,14.80967741935484,55.119354838709675,18.91756919354839,72.65614848387096,0,4.933333333333334,0,SY KONKAN TRADER_11,Cargo,IMO2293159,110.9,29.9,5.9,0.0
sentinel_743,790077090,45,2026-09-04 00:34:53+00:00,2026-09-04 02:59:19+00:00,6.2,9.0,7.751111111111111,288.53555555555556,18.971165822222222,72.67203915555555,0,4.966666666666667,0,SY COASTAL PEARL_51,Tanker,IMO8387790,210.9,33.7,12.3,0.0
sentinel_750,209053121,9,2026-09-03 23:00:00+00:00,2026-09-03 23:23:32+00:00,19.8,21.1,20.344444444444445,244.42222222222225,19.084829,72.57050366666667,0,4.866666666666666,0,FV WESTERN STAR_38,Passenger,IMO3093190,110.1,26.5,8.2,0.0
sentinel_750,218087708,24,2026-09-03 23:00:00+00:00,2026-09-04 00:04:45+00:00,12.0,13.1,12.470833333333333,205.63333333333333,18.917163125,72.75744304166666,0,4.866666666666666,0,MT ARABIAN KNIGHT_62,Tanker,IMO8890587,204.3,33.4,13.8,0.0
sentinel_750,250916077,15,2026-09-03 23:28:15+00:00,2026-09-04 00:11:19+00:00,17.0,19.0,18.026666666666664,221.16666666666666,19.110048533333334,72.58008126666667,0,4.833333333333333,0,MT MUMBAI EXPRESS_67,Passenger,IMO5553736,93.3,17.7,6.0,0.0
sentinel_750,274992570,67,2026-09-04 01:17:37+00:00,2026-09-04 04:41:41+00:00,5.7,8.4,7.08955223880597,196.0402985074627,19.003052970149255,72.69489473134328,0,4.866666666666666,0,FV MUMBAI EXPRESS_19,Fishing,IMO1115482,36.8,9.5,1.7,0.0
sentinel_750,285514406,6,2026-09-03 23:00:00+00:00,2026-09-03 23:17:58+00:00,16.9,18.1,17.616666666666667,308.93333333333334,19.165767666666667,72.56125283333334,0,4.833333333333333,0,MT SEA HORIZON_25,Passenger,IMO1258768,221.2,19.2,8.5,0.0
sentinel_750,368688902,26,2026-09-04 00:02:47+00:00,2026-09-04 01:21:19+00:00,11.2,13.0,12.13846153846154,31.196153846153848,19.073575961538463,72.576891,0,4.7,0,MT MUMBAI EXPRESS_99,Cargo,IMO1898516,213.1,17.8,11.2,0.0
sentinel_750,439670711,51,2026-09-04 02:21:55+00:00,2026-09-04 04:59:35+00:00,7.6,10.0,9.041176470588235,41.33137254901961,19.046102215686275,72.63898733333333,0,4.933333333333334,0,MV MUMBAI EXPRESS_14,Tanker,IMO3341057,203.1,18.7,8.5,0.0
sentinel_750,490612805,17,2026-09-03 23:14:03+00:00,2026-09-04 00:04:48+00:00,15.0,16.0,15.53529411764706,303.0764705882353,19.137831764705883,72.70706211764707,0,4.55,0,SY ARABIAN KNIGHT_48,Tanker,IMO4773549,247.2,22.2,9.9,0.0
sentinel_750,499317479,7,2026-09-03 23:00:00+00:00,2026-09-03 23:16:12+00:00,12.4,13.7,13.1,251.82857142857142,18.857319285714286,72.53762314285714,0,4.033333333333333,0,MV COASTAL PEARL_63,Cargo,IMO4547081,130.2,19.7,8.4,0.0
sentinel_750,569749767,11,2026-09-03 23:01:24+00:00,2026-09-03 23:33:21+00:00,17.8,18.8,18.263636363636365,120.5090909090909,18.85400927272727,72.58299218181818,0,4.733333333333333,0,MT MALABAR QUEEN_99,Container Ship,IMO7679508,249.9,27.1,9.8,0.0
sentinel_750,663550988,144,2026-09-04 03:56:55+00:00,2026-09-04 10:56:21+00:00,0.5,3.5,1.1590277777777778,70.22222222222223,19.14334527777778,72.58012919444444,0,4.916666666666667,34,FV MUMBAI EXPRESS_65,Fishing,IMO7614724,17.7,5.7,1.1,0.2361111111111111
sentinel_750,697169479,71,2026-09-03 23:45:24+00:00,2026-09-04 03:16:00+00:00,3.0,7.0,5.095774647887324,92.3,18.900984267605633,72.67297447887324,0,4.966666666666667,0,MT MUMBAI EXPRESS_41,Fishing,IMO1966769,36.2,5.8,3.1,0.0
sentinel_750,730915077,31,2026-09-03 23:04:52+00:00,2026-09-04 00:31:51+00:00,13.6,15.6,14.80967741935484,55.119354838709675,18.91756919354839,72.65614848387096,0,4.933333333333334,0,SY KONKAN TRADER_11,Cargo,IMO2293159,110.9,29.9,5.9,0.0
sentinel_750,790077090,45,2026-09-04 00:34:53+00:00,2026-09-04 02:59:19+00:00,6.2,9.0,7.751111111111111,288.53555555555556,18.971165822222222,72.67203915555555,0,4.966666666666667,0,SY COASTAL PEARL_51,Tanker,IMO8387790,210.9,33.7,12.3,0.0
sentinel_765,209053121,9,2026-09-03 23:00:00+00:00,2026-09-03 23:23:32+00:00,19.8,21.1,20.344444444444445,244.42222222222225,19.084829,72.57050366666667,0,4.866666666666666,0,FV WESTERN STAR_38,Passenger,IMO3093190,110.1,26.5,8.2,0.0
sentinel_765,218087708,24,2026-09-03 23:00:00+00:00,2026-09-04 00:04:45+00:00,12.0,13.1,12.470833333333333,205.63333333333333,18.917163125,72.75744304166666,0,4.866666666666666,0,MT ARABIAN KNIGHT_62,Tanker,IMO8890587,204.3,33.4,13.8,0.0
sentinel_765,250916077,15,2026-09-03 23:28:15+00:00,2026-09-04 00:11:19+00:00,17.0,19.0,18.026666666666664,221.16666666666666,19.110048533333334,72.58008126666667,0,4.833333333333333,0,MT MUMBAI EXPRESS_67,Passenger,IMO5553736,93.3,17.7,6.0,0.0
sentinel_765,274992570,67,2026-09-04 01:17:37+00:00,2026-09-04 04:41:41+00:00,5.7,8.4,7.08955223880597,196.0402985074627,19.003052970149255,72.69489473134328,0,4.866666666666666,0,FV MUMBAI EXPRESS_19,Fishing,IMO1115482,36.8,9.5,1.7,0.0
sentinel_765,285514406,6,2026-09-03 23:00:00+00:00,2026-09-03 23:17:58+00:00,16.9,18.1,17.616666666666667,308.93333333333334,19.165767666666667,72.56125283333334,0,4.833333333333333,0,MT SEA HORIZON_25,Passenger,IMO1258768,221.2,19.2,8.5,0.0
sentinel_765,368688902,26,2026-09-04 00:02:47+00:00,2026-09-04 01:21:19+00:00,11.2,13.0,12.13846153846154,31.196153846153848,19.073575961538463,72.576891,0,4.7,0,MT MUMBAI EXPRESS_99,Cargo,IMO1898516,213.1,17.8,11.2,0.0
sentinel_765,439670711,51,2026-09-04 02:21:55+00:00,2026-09-04 04:59:35+00:00,7.6,10.0,9.041176470588235,41.33137254901961,19.046102215686275,72.63898733333333,0,4.933333333333334,0,MV MUMBAI EXPRESS_14,Tanker,IMO3341057,203.1,18.7,8.5,0.0
sentinel_765,490612805,17,2026-09-03 23:14:03+00:00,2026-09-04 00:04:48+00:00,15.0,16.0,15.53529411764706,303.0764705882353,19.137831764705883,72.70706211764707,0,4.55,0,SY ARABIAN KNIGHT_48,Tanker,IMO4773549,247.2,22.2,9.9,0.0
sentinel_765,499317479,7,2026-09-03 23:00:00+00:00,2026-09-03 23:16:12+00:00,12.4,13.7,13.1,251.82857142857142,18.857319285714286,72.53762314285714,0,4.033333333333333,0,MV COASTAL PEARL_63,Cargo,IMO4547081,130.2,19.7,8.4,0.0
sentinel_765,569749767,11,2026-09-03 23:01:24+00:00,2026-09-03 23:33:21+00:00,17.8,18.8,18.263636363636365,120.5090909090909,18.85400927272727,72.58299218181818,0,4.733333333333333,0,MT MALABAR QUEEN_99,Container Ship,IMO7679508,249.9,27.1,9.8,0.0
sentinel_765,663550988,144,2026-09-04 03:56:55+00:00,2026-09-04 10:56:21+00:00,0.5,3.5,1.1590277777777778,70.22222222222223,19.14334527777778,72.58012919444444,0,4.916666666666667,34,FV MUMBAI EXPRESS_65,Fishing,IMO7614724,17.7,5.7,1.1,0.2361111111111111
sentinel_765,697169479,71,2026-09-03 23:45:24+00:00,2026-09-04 03:16:00+00:00,3.0,7.0,5.095774647887324,92.3,18.900984267605633,72.67297447887324,0,4.966666666666667,0,MT MUMBAI EXPRESS_41,Fishing,IMO1966769,36.2,5.8,3.1,0.0
sentinel_765,730915077,31,2026-09-03 23:04:52+00:00,2026-09-04 00:31:51+00:00,13.6,15.6,14.80967741935484,55.119354838709675,18.91756919354839,72.65614848387096,0,4.933333333333334,0,SY KONKAN TRADER_11,Cargo,IMO2293159,110.9,29.9,5.9,0.0
sentinel_765,790077090,45,2026-09-04 00:34:53+00:00,2026-09-04 02:59:19+00:00,6.2,9.0,7.751111111111111,288.53555555555556,18.971165822222222,72.67203915555555,0,4.966666666666667,0,SY COASTAL PEARL_51,Tanker,IMO8387790,210.9,33.7,12.3,0.0
sentinel_766,209053121,9,2026-09-03 23:00:00+00:00,2026-09-03 23:23:32+00:00,19.8,21.1,20.344444444444445,244.42222222222225,19.084829,72.57050366666667,0,4.866666666666666,0,FV WESTERN STAR_38,Passenger,IMO3093190,110.1,26.5,8.2,0.0
sentinel_766,218087708,24,2026-09-03 23:00:00+00:00,2026-09-04 00:04:45+00:00,12.0,13.1,12.470833333333333,205.63333333333333,18.917163125,72.75744304166666,0,4.866666666666666,0,MT ARABIAN KNIGHT_62,Tanker,IMO8890587,204.3,33.4,13.8,0.0
sentinel_766,250916077,15,2026-09-03 23:28:15+00:00,2026-09-04 00:11:19+00:00,17.0,19.0,18.026666666666664,221.16666666666666,19.110048533333334,72.58008126666667,0,4.833333333333333,0,MT MUMBAI EXPRESS_67,Passenger,IMO5553736,93.3,17.7,6.0,0.0
sentinel_766,274992570,67,2026-09-04 01:17:37+00:00,2026-09-04 04:41:41+00:00,5.7,8.4,7.08955223880597,196.0402985074627,19.003052970149255,72.69489473134328,0,4.866666666666666,0,FV MUMBAI EXPRESS_19,Fishing,IMO1115482,36.8,9.5,1.7,0.0
sentinel_766,285514406,6,2026-09-03 23:00:00+00:00,2026-09-03 23:17:58+00:00,16.9,18.1,17.616666666666667,308.93333333333334,19.165767666666667,72.56125283333334,0,4.833333333333333,0,MT SEA HORIZON_25,Passenger,IMO1258768,221.2,19.2,8.5,0.0
sentinel_766,368688902,26,2026-09-04 00:02:47+00:00,2026-09-04 01:21:19+00:00,11.2,13.0,12.13846153846154,31.196153846153848,19.073575961538463,72.576891,0,4.7,0,MT MUMBAI EXPRESS_99,Cargo,IMO1898516,213.1,17.8,11.2,0.0
sentinel_766,439670711,51,2026-09-04 02:21:55+00:00,2026-09-04 04:59:35+00:00,7.6,10.0,9.041176470588235,41.33137254901961,19.046102215686275,72.63898733333333,0,4.933333333333334,0,MV MUMBAI EXPRESS_14,Tanker,IMO3341057,203.1,18.7,8.5,0.0
sentinel_766,490612805,17,2026-09-03 23:14:03+00:00,2026-09-04 00:04:48+00:00,15.0,16.0,15.53529411764706,303.0764705882353,19.137831764705883,72.70706211764707,0,4.55,0,SY ARABIAN KNIGHT_48,Tanker,IMO4773549,247.2,22.2,9.9,0.0
sentinel_766,499317479,7,2026-09-03 23:00:00+00:00,2026-09-03 23:16:12+00:00,12.4,13.7,13.1,251.82857142857142,18.857319285714286,72.53762314285714,0,4.033333333333333,0,MV COASTAL PEARL_63,Cargo,IMO4547081,130.2,19.7,8.4,0.0
sentinel_766,569749767,11,2026-09-03 23:01:24+00:00,2026-09-03 23:33:21+00:00,17.8,18.8,18.263636363636365,120.5090909090909,18.85400927272727,72.58299218181818,0,4.733333333333333,0,MT MALABAR QUEEN_99,Container Ship,IMO7679508,249.9,27.1,9.8,0.0
sentinel_766,663550988,144,2026-09-04 03:56:55+00:00,2026-09-04 10:56:21+00:00,0.5,3.5,1.1590277777777778,70.22222222222223,19.14334527777778,72.58012919444444,0,4.916666666666667,34,FV MUMBAI EXPRESS_65,Fishing,IMO7614724,17.7,5.7,1.1,0.2361111111111111
sentinel_766,697169479,71,2026-09-03 23:45:24+00:00,2026-09-04 03:16:00+00:00,3.0,7.0,5.095774647887324,92.3,18.900984267605633,72.67297447887324,0,4.966666666666667,0,MT MUMBAI EXPRESS_41,Fishing,IMO1966769,36.2,5.8,3.1,0.0
sentinel_766,730915077,31,2026-09-03 23:04:52+00:00,2026-09-04 00:31:51+00:00,13.6,15.6,14.80967741935484,55.119354838709675,18.91756919354839,72.65614848387096,0,4.933333333333334,0,SY KONKAN TRADER_11,Cargo,IMO2293159,110.9,29.9,5.9,0.0
sentinel_766,790077090,45,2026-09-04 00:34:53+00:00,2026-09-04 02:59:19+00:00,6.2,9.0,7.751111111111111,288.53555555555556,18.971165822222222,72.67203915555555,0,4.966666666666667,0,SY COASTAL PEARL_51,Tanker,IMO8387790,210.9,33.7,12.3,0.0
sentinel_769,209053121,9,2026-09-03 23:00:00+00:00,2026-09-03 23:23:32+00:00,19.8,21.1,20.344444444444445,244.42222222222225,19.084829,72.57050366666667,0,4.866666666666666,0,FV WESTERN STAR_38,Passenger,IMO3093190,110.1,26.5,8.2,0.0
sentinel_769,218087708,24,2026-09-03 23:00:00+00:00,2026-09-04 00:04:45+00:00,12.0,13.1,12.470833333333333,205.63333333333333,18.917163125,72.75744304166666,0,4.866666666666666,0,MT ARABIAN KNIGHT_62,Tanker,IMO8890587,204.3,33.4,13.8,0.0
sentinel_769,250916077,15,2026-09-03 23:32:37+00:00,2026-09-04 00:15:56+00:00,17.3,19.0,18.12,221.06,19.09817273333333,72.56903893333333,0,4.833333333333333,0,MT MUMBAI EXPRESS_67,Passenger,IMO5553736,93.3,17.7,6.0,0.0
sentinel_769,274992570,64,2026-09-04 01:28:56+00:00,2026-09-04 04:41:41+00:00,5.7,8.4,7.13125,195.96875,18.994165625,72.692305640625,0,4.866666666666666,0,FV MUMBAI EXPRESS_19,Fishing,IMO1115482,36.8,9.5,1.7,0.0
sentinel_769,285514406,5,2026-09-03 23:00:00+00:00,2026-09-03 23:13:08+00:00,16.9,18.1,17.580000000000002,308.88,19.159926,72.5688712,0,4.233333333333333,0,MT SEA HORIZON_25,Passenger,IMO1258768,221.2,19.2,8.5,0.0
sentinel_769,368688902,26,2026-09-04 00:01:11+00:00,2026-09-04 01:18:48+00:00,11.2,13.0,12.11153846153846,31.361538461538462,19.06472696153846,72.57118661538462,0,4.7,0,MT MUMBAI EXPRESS_99,Cargo,IMO1898516,213.1,17.8,11.2,0.0
sentinel_769,439670711,49,2026-09-04 02:18:42+00:00,2026-09-04 04:52:10+00:00,7.6,10.1,9.061224489795919,41.21836734693878,19.03415493877551,72.62779195918367,0,4.933333333333334,0,MV MUMBAI EXPRESS_14,Tanker,IMO3341057,203.1,18.7,8.5,0.0
sentinel_769,490612805,15,2026-09-03 23:14:03+00:00,2026-09-03 23:58:38+00:00,15.0,16.0,15.506666666666666,303.42,19.130302066666665,72.71935006666666,0,4.55,0,SY ARABIAN KNIGHT_48,Tanker,IMO4773549,247.2,22.2,9.9,0.0
sentinel_769,499317479,8,2026-09-03 23:00:00+00:00,2026-09-03 23:17:25+00:00,12.4,13.7,13.075,251.8125,18.85592575,72.533184125,0,4.033333333333333,0,MV COASTAL PEARL_63,Cargo,IMO4547081,130.2,19.7,8.4,0.0
sentinel_769,569749767,11,2026-09-03 23:00:00+00:00,2026-09-03 23:30:46+00:00,17.8,18.8,18.21818181818182,120.39090909090909,18.861759727272727,72.5690351818182,0,4.733333333333333,0,MT MALABAR QUEEN_99,Container Ship,IMO7679508,249.9,27.1,9.8,0.0
sentinel_769,663550988,145,2026-09-04 03:52:26+00:00,2026-09-04 10:56:21+00:00,0.5,3.7,1.176551724137931,70.17448275862068,19.143134179310344,72.57956283448276,0,4.916666666666667,34,FV MUMBAI EXPRESS_65,Fishing,IMO7614724,17.7,5.7,1.1,0.23448275862068965
sentinel_769,697169479,72,2026-09-03 23:41:07+00:00,2026-09-04 03:16:00+00:00,3.0,7.0,5.1194444444444445,92.27638888888889,18.901099152777775,72.67053943055555,0,4.966666666666667,0,MT MUMBAI EXPRESS_41,Fishing,IMO1966769,36.2,5.8,3.1,0.0
sentinel_769,730915077,32,2026-09-03 23:02:27+00:00,2026-09-04 00:31:51+00:00,13.6,15.6,14.803125,55.15625,18.91438303125,72.65126078125,0,4.933333333333334,0,SY KONKAN TRADER_11,Cargo,IMO2293159,110.9,29.9,5.9,0.0
sentinel_769,790077090,47,2026-09-04 00:34:53+00:00,2026-09-04 03:04:32+00:00,6.2,9.0,7.706382978723404,288.6659574468085,18.973658063829788,72.66466027659574,0,4.966666666666667,0,SY COASTAL PEARL_51,Tanker,IMO8387790,210.9,33.7,12.3,0.0
sentinel_798,209053121,9,2026-09-03 23:00:00+00:00,2026-09-03 23:23:32+00:00,19.8,21.1,20.344444444444445,244.42222222222225,19.084829,72.57050366666667,0,4.866666666666666,0,FV WESTERN STAR_38,Passenger,IMO3093190,110.1,26.5,8.2,0.0
sentinel_798,218087708,24,2026-09-03 23:00:00+00:00,2026-09-04 00:04:45+00:00,12.0,13.1,12.470833333333333,205.63333333333333,18.917163125,72.75744304166666,0,4.866666666666666,0,MT ARABIAN KNIGHT_62,Tanker,IMO8890587,204.3,33.4,13.8,0.0
sentinel_798,250916077,15,2026-09-03 23:28:15+00:00,2026-09-04 00:11:19+00:00,17.0,19.0,18.026666666666664,221.16666666666666,19.110048533333334,72.58008126666667,0,4.833333333333333,0,MT MUMBAI EXPRESS_67,Passenger,IMO5553736,93.3,17.7,6.0,0.0
sentinel_798,274992570,67,2026-09-04 01:17:37+00:00,2026-09-04 04:41:41+00:00,5.7,8.4,7.08955223880597,196.0402985074627,19.003052970149255,72.69489473134328,0,4.866666666666666,0,FV MUMBAI EXPRESS_19,Fishing,IMO1115482,36.8,9.5,1.7,0.0
sentinel_798,285514406,6,2026-09-03 23:00:00+00:00,2026-09-03 23:17:58+00:00,16.9,18.1,17.616666666666667,308.93333333333334,19.165767666666667,72.56125283333334,0,4.833333333333333,0,MT SEA HORIZON_25,Passenger,IMO1258768,221.2,19.2,8.5,0.0
sentinel_798,368688902,26,2026-09-04 00:02:47+00:00,2026-09-04 01:21:19+00:00,11.2,13.0,12.13846153846154,31.196153846153848,19.073575961538463,72.576891,0,4.7,0,MT MUMBAI EXPRESS_99,Cargo,IMO1898516,213.1,17.8,11.2,0.0
sentinel_798,439670711,51,2026-09-04 02:21:55+00:00,2026-09-04 04:59:35+00:00,7.6,10.0,9.041176470588235,41.33137254901961,19.046102215686275,72.63898733333333,0,4.933333333333334,0,MV MUMBAI EXPRESS_14,Tanker,IMO3341057,203.1,18.7,8.5,0.0
sentinel_798,490612805,17,2026-09-03 23:14:03+00:00,2026-09-04 00:04:48+00:00,15.0,16.0,15.53529411764706,303.0764705882353,19.137831764705883,72.70706211764707,0,4.55,0,SY ARABIAN KNIGHT_48,Tanker,IMO4773549,247.2,22.2,9.9,0.0
sentinel_798,499317479,7,2026-09-03 23:00:00+00:00,2026-09-03 23:16:12+00:00,12.4,13.7,13.1,251.82857142857142,18.857319285714286,72.53762314285714,0,4.033333333333333,0,MV COASTAL PEARL_63,Cargo,IMO4547081,130.2,19.7,8.4,0.0
sentinel_798,569749767,11,2026-09-03 23:01:24+00:00,2026-09-03 23:33:21+00:00,17.8,18.8,18.263636363636365,120.5090909090909,18.85400927272727,72.58299218181818,0,4.733333333333333,0,MT MALABAR QUEEN_99,Container Ship,IMO7679508,249.9,27.1,9.8,0.0
sentinel_798,663550988,144,2026-09-04 03:56:55+00:00,2026-09-04 10:56:21+00:00,0.5,3.5,1.1590277777777778,70.22222222222223,19.14334527777778,72.58012919444444,0,4.916666666666667,34,FV MUMBAI EXPRESS_65,Fishing,IMO7614724,17.7,5.7,1.1,0.2361111111111111
sentinel_798,697169479,71,2026-09-03 23:45:24+00:00,2026-09-04 03:16:00+00:00,3.0,7.0,5.095774647887324,92.3,18.900984267605633,72.67297447887324,0,4.966666666666667,0,MT MUMBAI EXPRESS_41,Fishing,IMO1966769,36.2,5.8,3.1,0.0
sentinel_798,730915077,31,2026-09-03 23:04:52+00:00,2026-09-04 00:31:51+00:00,13.6,15.6,14.80967741935484,55.119354838709675,18.91756919354839,72.65614848387096,0,4.933333333333334,0,SY KONKAN TRADER_11,Cargo,IMO2293159,110.9,29.9,5.9,0.0
sentinel_798,790077090,45,2026-09-04 00:34:53+00:00,2026-09-04 02:59:19+00:00,6.2,9.0,7.751111111111111,288.53555555555556,18.971165822222222,72.67203915555555,0,4.966666666666667,0,SY COASTAL PEARL_51,Tanker,IMO8387790,210.9,33.7,12.3,0.0
sentinel_806,209053121,9,2026-09-03 23:00:00+00:00,2026-09-03 23:23:32+00:00,19.8,21.1,20.344444444444445,244.42222222222225,19.084829,72.57050366666667,0,4.866666666666666,0,FV WESTERN STAR_38,Passenger,IMO3093190,110.1,26.5,8.2,0.0
sentinel_806,218087708,24,2026-09-03 23:00:00+00:00,2026-09-04 00:04:45+00:00,12.0,13.1,12.470833333333333,205.63333333333333,18.917163125,72.75744304166666,0,4.866666666666666,0,MT ARABIAN KNIGHT_62,Tanker,IMO8890587,204.3,33.4,13.8,0.0
sentinel_806,250916077,16,2026-09-03 23:28:15+00:00,2026-09-04 00:15:56+00:00,17.0,19.0,18.05,221.1,19.1043594375,72.5748649375,0,4.833333333333333,0,MT MUMBAI EXPRESS_67,Passenger,IMO5553736,93.3,17.7,6.0,0.0
sentinel_806,274992570,69,2026-09-04 01:15:56+00:00,2026-09-04 04:44:33+00:00,5.7,8.4,7.065217391304348,196.09565217391304,19.003149,72.69485992753624,0,4.866666666666666,0,FV MUMBAI EXPRESS_19,Fishing,IMO1115482,36.8,9.5,1.7,0.0
sentinel_806,285514406,6,2026-09-03 23:00:00+00:00,2026-09-03 23:17:58+00:00,16.9,18.1,17.616666666666667,308.93333333333334,19.165767666666667,72.56125283333334,0,4.833333333333333,0,MT SEA HORIZON_25,Passenger,IMO1258768,221.2,19.2,8.5,0.0
sentinel_806,368688902,28,2026-09-04 00:01:11+00:00,2026-09-04 01:25:01+00:00,11.2,13.0,12.142857142857142,31.160714285714285,19.074132499999997,72.57706321428572,0,4.7,0,MT MUMBAI EXPRESS_99,Cargo,IMO1898516,213.1,17.8,11.2,0.0
sentinel_806,439670711,53,2026-09-04 02:18:42+00:00,2026-09-04 05:02:53+00:00,7.6,10.1,9.073584905660377,41.28867924528302,19.046073603773586,72.63908458490566,0,4.933333333333334,0,MV MUMBAI EXPRESS_14,Tanker,IMO3341057,203.1,18.7,8.5,0.0
sentinel_806,490612805,17,2026-09-03 23:14:03+00:00,2026-09-04 00:04:48+00:00,15.0,16.0,15.53529411764706,303.0764705882353,19.137831764705883,72.70706211764707,0,4.55,0,SY ARABIAN KNIGHT_48,Tanker,IMO4773549,247.2,22.2,9.9,0.0
sentinel_806,499317479,8,2026-09-03 23:00:00+00:00,2026-09-03 23:17:25+00:00,12.4,13.7,13.075,251.8125,18.85592575,72.533184125,0,4.033333333333333,0,MV COASTAL PEARL_63,Cargo,IMO4547081,130.2,19.7,8.4,0.0
sentinel_806,569749767,13,2026-09-03 23:00:00+00:00,2026-09-03 23:34:25+00:00,17.8,18.9,18.292307692307695,120.56153846153846,18.854309076923077,72.58241253846154,0,4.733333333333333,0,MT MALABAR QUEEN_99,Container Ship,IMO7679508,249.9,27.1,9.8,0.0
sentinel_806,663550988,145,2026-09-04 03:52:26+00:00,2026-09-04 10:56:21+00:00,0.5,3.7,1.176551724137931,70.17448275862068,19.143134179310344,72.57956283448276,0,4.916666666666667,34,FV MUMBAI EXPRESS_65,Fishing,IMO7614724,17.7,5.7,1.1,0.23448275862068965
sentinel_806,697169479,70,2026-09-03 23:41:07+00:00,2026-09-04 03:10:39+00:00,3.0,7.0,5.167142857142857,92.38142857142857,18.901226428571427,72.66625412857144,0,4.966666666666667,0,MT MUMBAI EXPRESS_41,Fishing,IMO1966769,36.2,5.8,3.1,0.0
sentinel_806,730915077,31,2026-09-03 23:02:27+00:00,2026-09-04 00:29:53+00:00,13.6,15.6,14.780645161290321,55.15161290322581,18.91079506451613,72.645873,0,4.933333333333334,0,SY KONKAN TRADER_11,Cargo,IMO2293159,110.9,29.9,5.9,0.0
sentinel_806,790077090,46,2026-09-04 00:37:52+00:00,2026-09-04 03:04:32+00:00,6.2,9.0,7.730434782608696,288.7217391304348,18.974684391304347,72.66127532608697,0,4.966666666666667,0,SY COASTAL PEARL_51,Tanker,IMO8387790,210.9,33.7,12.3,0.0
sentinel_81,209053121,9,2026-09-03 23:00:00+00:00,2026-09-03 23:23:32+00:00,19.8,21.1,20.344444444444445,244.42222222222225,19.084829,72.57050366666667,0,4.866666666666666,0,FV WESTERN STAR_38,Passenger,IMO3093190,110.1,26.5,8.2,0.0
sentinel_81,218087708,24,2026-09-03 23:00:00+00:00,2026-09-04 00:04:45+00:00,12.0,13.1,12.470833333333333,205.63333333333333,18.917163125,72.75744304166666,0,4.866666666666666,0,MT ARABIAN KNIGHT_62,Tanker,IMO8890587,204.3,33.4,13.8,0.0
sentinel_81,250916077,15,2026-09-03 23:28:15+00:00,2026-09-04 00:11:19+00:00,17.0,19.0,18.026666666666664,221.16666666666666,19.110048533333334,72.58008126666667,0,4.833333333333333,0,MT MUMBAI EXPRESS_67,Passenger,IMO5553736,93.3,17.7,6.0,0.0
sentinel_81,274992570,67,2026-09-04 01:17:37+00:00,2026-09-04 04:41:41+00:00,5.7,8.4,7.08955223880597,196.0402985074627,19.003052970149255,72.69489473134328,0,4.866666666666666,0,FV MUMBAI EXPRESS_19,Fishing,IMO1115482,36.8,9.5,1.7,0.0
sentinel_81,285514406,6,2026-09-03 23:00:00+00:00,2026-09-03 23:17:58+00:00,16.9,18.1,17.616666666666667,308.93333333333334,19.165767666666667,72.56125283333334,0,4.833333333333333,0,MT SEA HORIZON_25,Passenger,IMO1258768,221.2,19.2,8.5,0.0
sentinel_81,368688902,26,2026-09-04 00:02:47+00:00,2026-09-04 01:21:19+00:00,11.2,13.0,12.13846153846154,31.196153846153848,19.073575961538463,72.576891,0,4.7,0,MT MUMBAI EXPRESS_99,Cargo,IMO1898516,213.1,17.8,11.2,0.0
sentinel_81,439670711,51,2026-09-04 02:21:55+00:00,2026-09-04 04:59:35+00:00,7.6,10.0,9.041176470588235,41.33137254901961,19.046102215686275,72.63898733333333,0,4.933333333333334,0,MV MUMBAI EXPRESS_14,Tanker,IMO3341057,203.1,18.7,8.5,0.0
sentinel_81,490612805,17,2026-09-03 23:14:03+00:00,2026-09-04 00:04:48+00:00,15.0,16.0,15.53529411764706,303.0764705882353,19.137831764705883,72.70706211764707,0,4.55,0,SY ARABIAN KNIGHT_48,Tanker,IMO4773549,247.2,22.2,9.9,0.0
sentinel_81,499317479,7,2026-09-03 23:00:00+00:00,2026-09-03 23:16:12+00:00,12.4,13.7,13.1,251.82857142857142,18.857319285714286,72.53762314285714,0,4.033333333333333,0,MV COASTAL PEARL_63,Cargo,IMO4547081,130.2,19.7,8.4,0.0
sentinel_81,569749767,11,2026-09-03 23:01:24+00:00,2026-09-03 23:33:21+00:00,17.8,18.8,18.263636363636365,120.5090909090909,18.85400927272727,72.58299218181818,0,4.733333333333333,0,MT MALABAR QUEEN_99,Container Ship,IMO7679508,249.9,27.1,9.8,0.0
sentinel_81,663550988,144,2026-09-04 03:56:55+00:00,2026-09-04 10:56:21+00:00,0.5,3.5,1.1590277777777778,70.22222222222223,19.14334527777778,72.58012919444444,0,4.916666666666667,34,FV MUMBAI EXPRESS_65,Fishing,IMO7614724,17.7,5.7,1.1,0.2361111111111111
sentinel_81,697169479,71,2026-09-03 23:45:24+00:00,2026-09-04 03:16:00+00:00,3.0,7.0,5.095774647887324,92.3,18.900984267605633,72.67297447887324,0,4.966666666666667,0,MT MUMBAI EXPRESS_41,Fishing,IMO1966769,36.2,5.8,3.1,0.0
sentinel_81,730915077,31,2026-09-03 23:04:52+00:00,2026-09-04 00:31:51+00:00,13.6,15.6,14.80967741935484,55.119354838709675,18.91756919354839,72.65614848387096,0,4.933333333333334,0,SY KONKAN TRADER_11,Cargo,IMO2293159,110.9,29.9,5.9,0.0
sentinel_81,790077090,45,2026-09-04 00:34:53+00:00,2026-09-04 02:59:19+00:00,6.2,9.0,7.751111111111111,288.53555555555556,18.971165822222222,72.67203915555555,0,4.966666666666667,0,SY COASTAL PEARL_51,Tanker,IMO8387790,210.9,33.7,12.3,0.0
sentinel_811,209053121,9,2026-09-03 23:00:00+00:00,2026-09-03 23:23:32+00:00,19.8,21.1,20.344444444444445,244.42222222222225,19.084829,72.57050366666667,0,4.866666666666666,0,FV WESTERN STAR_38,Passenger,IMO3093190,110.1,26.5,8.2,0.0
sentinel_811,218087708,24,2026-09-03 23:00:00+00:00,2026-09-04 00:04:45+00:00,12.0,13.1,12.470833333333333,205.63333333333333,18.917163125,72.75744304166666,0,4.866666666666666,0,MT ARABIAN KNIGHT_62,Tanker,IMO8890587,204.3,33.4,13.8,0.0
sentinel_811,250916077,15,2026-09-03 23:28:15+00:00,2026-09-04 00:11:19+00:00,17.0,19.0,18.026666666666664,221.16666666666666,19.110048533333334,72.58008126666667,0,4.833333333333333,0,MT MUMBAI EXPRESS_67,Passenger,IMO5553736,93.3,17.7,6.0,0.0
sentinel_811,274992570,67,2026-09-04 01:17:37+00:00,2026-09-04 04:41:41+00:00,5.7,8.4,7.08955223880597,196.0402985074627,19.003052970149255,72.69489473134328,0,4.866666666666666,0,FV MUMBAI EXPRESS_19,Fishing,IMO1115482,36.8,9.5,1.7,0.0
sentinel_811,285514406,6,2026-09-03 23:00:00+00:00,2026-09-03 23:17:58+00:00,16.9,18.1,17.616666666666667,308.93333333333334,19.165767666666667,72.56125283333334,0,4.833333333333333,0,MT SEA HORIZON_25,Passenger,IMO1258768,221.2,19.2,8.5,0.0
sentinel_811,368688902,26,2026-09-04 00:02:47+00:00,2026-09-04 01:21:19+00:00,11.2,13.0,12.13846153846154,31.196153846153848,19.073575961538463,72.576891,0,4.7,0,MT MUMBAI EXPRESS_99,Cargo,IMO1898516,213.1,17.8,11.2,0.0
sentinel_811,439670711,51,2026-09-04 02:21:55+00:00,2026-09-04 04:59:35+00:00,7.6,10.0,9.041176470588235,41.33137254901961,19.046102215686275,72.63898733333333,0,4.933333333333334,0,MV MUMBAI EXPRESS_14,Tanker,IMO3341057,203.1,18.7,8.5,0.0
sentinel_811,490612805,17,2026-09-03 23:14:03+00:00,2026-09-04 00:04:48+00:00,15.0,16.0,15.53529411764706,303.0764705882353,19.137831764705883,72.70706211764707,0,4.55,0,SY ARABIAN KNIGHT_48,Tanker,IMO4773549,247.2,22.2,9.9,0.0
sentinel_811,499317479,7,2026-09-03 23:00:00+00:00,2026-09-03 23:16:12+00:00,12.4,13.7,13.1,251.82857142857142,18.857319285714286,72.53762314285714,0,4.033333333333333,0,MV COASTAL PEARL_63,Cargo,IMO4547081,130.2,19.7,8.4,0.0
sentinel_811,569749767,11,2026-09-03 23:01:24+00:00,2026-09-03 23:33:21+00:00,17.8,18.8,18.263636363636365,120.5090909090909,18.85400927272727,72.58299218181818,0,4.733333333333333,0,MT MALABAR QUEEN_99,Container Ship,IMO7679508,249.9,27.1,9.8,0.0
sentinel_811,663550988,144,2026-09-04 03:56:55+00:00,2026-09-04 10:56:21+00:00,0.5,3.5,1.1590277777777778,70.22222222222223,19.14334527777778,72.58012919444444,0,4.916666666666667,34,FV MUMBAI EXPRESS_65,Fishing,IMO7614724,17.7,5.7,1.1,0.2361111111111111
sentinel_811,697169479,71,2026-09-03 23:45:24+00:00,2026-09-04 03:16:00+00:00,3.0,7.0,5.095774647887324,92.3,18.900984267605633,72.67297447887324,0,4.966666666666667,0,MT MUMBAI EXPRESS_41,Fishing,IMO1966769,36.2,5.8,3.1,0.0
sentinel_811,730915077,31,2026-09-03 23:04:52+00:00,2026-09-04 00:31:51+00:00,13.6,15.6,14.80967741935484,55.119354838709675,18.91756919354839,72.65614848387096,0,4.933333333333334,0,SY KONKAN TRADER_11,Cargo,IMO2293159,110.9,29.9,5.9,0.0
sentinel_811,790077090,45,2026-09-04 00:34:53+00:00,2026-09-04 02:59:19+00:00,6.2,9.0,7.751111111111111,288.53555555555556,18.971165822222222,72.67203915555555,0,4.966666666666667,0,SY COASTAL PEARL_51,Tanker,IMO8387790,210.9,33.7,12.3,0.0
sentinel_818,209053121,9,2026-09-03 23:00:00+00:00,2026-09-03 23:23:32+00:00,19.8,21.1,20.344444444444445,244.42222222222225,19.084829,72.57050366666667,0,4.866666666666666,0,FV WESTERN STAR_38,Passenger,IMO3093190,110.1,26.5,8.2,0.0
sentinel_818,218087708,24,2026-09-03 23:00:00+00:00,2026-09-04 00:04:45+00:00,12.0,13.1,12.470833333333333,205.63333333333333,18.917163125,72.75744304166666,0,4.866666666666666,0,MT ARABIAN KNIGHT_62,Tanker,IMO8890587,204.3,33.4,13.8,0.0
sentinel_818,250916077,15,2026-09-03 23:28:15+00:00,2026-09-04 00:11:19+00:00,17.0,19.0,18.026666666666664,221.16666666666666,19.110048533333334,72.58008126666667,0,4.833333333333333,0,MT MUMBAI EXPRESS_67,Passenger,IMO5553736,93.3,17.7,6.0,0.0
sentinel_818,274992570,67,2026-09-04 01:17:37+00:00,2026-09-04 04:41:41+00:00,5.7,8.4,7.08955223880597,196.0402985074627,19.003052970149255,72.69489473134328,0,4.866666666666666,0,FV MUMBAI EXPRESS_19,Fishing,IMO1115482,36.8,9.5,1.7,0.0
sentinel_818,285514406,6,2026-09-03 23:00:00+00:00,2026-09-03 23:17:58+00:00,16.9,18.1,17.616666666666667,308.93333333333334,19.165767666666667,72.56125283333334,0,4.833333333333333,0,MT SEA HORIZON_25,Passenger,IMO1258768,221.2,19.2,8.5,0.0
sentinel_818,368688902,26,2026-09-04 00:02:47+00:00,2026-09-04 01:21:19+00:00,11.2,13.0,12.13846153846154,31.196153846153848,19.073575961538463,72.576891,0,4.7,0,MT MUMBAI EXPRESS_99,Cargo,IMO1898516,213.1,17.8,11.2,0.0
sentinel_818,439670711,51,2026-09-04 02:21:55+00:00,2026-09-04 04:59:35+00:00,7.6,10.0,9.041176470588235,41.33137254901961,19.046102215686275,72.63898733333333,0,4.933333333333334,0,MV MUMBAI EXPRESS_14,Tanker,IMO3341057,203.1,18.7,8.5,0.0
sentinel_818,490612805,17,2026-09-03 23:14:03+00:00,2026-09-04 00:04:48+00:00,15.0,16.0,15.53529411764706,303.0764705882353,19.137831764705883,72.70706211764707,0,4.55,0,SY ARABIAN KNIGHT_48,Tanker,IMO4773549,247.2,22.2,9.9,0.0
sentinel_818,499317479,7,2026-09-03 23:00:00+00:00,2026-09-03 23:16:12+00:00,12.4,13.7,13.1,251.82857142857142,18.857319285714286,72.53762314285714,0,4.033333333333333,0,MV COASTAL PEARL_63,Cargo,IMO4547081,130.2,19.7,8.4,0.0
sentinel_818,569749767,11,2026-09-03 23:01:24+00:00,2026-09-03 23:33:21+00:00,17.8,18.8,18.263636363636365,120.5090909090909,18.85400927272727,72.58299218181818,0,4.733333333333333,0,MT MALABAR QUEEN_99,Container Ship,IMO7679508,249.9,27.1,9.8,0.0
sentinel_818,663550988,144,2026-09-04 03:56:55+00:00,2026-09-04 10:56:21+00:00,0.5,3.5,1.1590277777777778,70.22222222222223,19.14334527777778,72.58012919444444,0,4.916666666666667,34,FV MUMBAI EXPRESS_65,Fishing,IMO7614724,17.7,5.7,1.1,0.2361111111111111
sentinel_818,697169479,71,2026-09-03 23:45:24+00:00,2026-09-04 03:16:00+00:00,3.0,7.0,5.095774647887324,92.3,18.900984267605633,72.67297447887324,0,4.966666666666667,0,MT MUMBAI EXPRESS_41,Fishing,IMO1966769,36.2,5.8,3.1,0.0
sentinel_818,730915077,31,2026-09-03 23:04:52+00:00,2026-09-04 00:31:51+00:00,13.6,15.6,14.80967741935484,55.119354838709675,18.91756919354839,72.65614848387096,0,4.933333333333334,0,SY KONKAN TRADER_11,Cargo,IMO2293159,110.9,29.9,5.9,0.0
sentinel_818,790077090,45,2026-09-04 00:34:53+00:00,2026-09-04 02:59:19+00:00,6.2,9.0,7.751111111111111,288.53555555555556,18.971165822222222,72.67203915555555,0,4.966666666666667,0,SY COASTAL PEARL_51,Tanker,IMO8387790,210.9,33.7,12.3,0.0
sentinel_89,209053121,9,2026-09-03 23:00:00+00:00,2026-09-03 23:23:32+00:00,19.8,21.1,20.344444444444445,244.42222222222225,19.084829,72.57050366666667,0,4.866666666666666,0,FV WESTERN STAR_38,Passenger,IMO3093190,110.1,26.5,8.2,0.0
sentinel_89,218087708,24,2026-09-03 23:00:00+00:00,2026-09-04 00:04:45+00:00,12.0,13.1,12.470833333333333,205.63333333333333,18.917163125,72.75744304166666,0,4.866666666666666,0,MT ARABIAN KNIGHT_62,Tanker,IMO8890587,204.3,33.4,13.8,0.0
sentinel_89,250916077,15,2026-09-03 23:28:15+00:00,2026-09-04 00:11:19+00:00,17.0,19.0,18.026666666666664,221.16666666666666,19.110048533333334,72.58008126666667,0,4.833333333333333,0,MT MUMBAI EXPRESS_67,Passenger,IMO5553736,93.3,17.7,6.0,0.0
sentinel_89,274992570,67,2026-09-04 01:17:37+00:00,2026-09-04 04:41:41+00:00,5.7,8.4,7.08955223880597,196.0402985074627,19.003052970149255,72.69489473134328,0,4.866666666666666,0,FV MUMBAI EXPRESS_19,Fishing,IMO1115482,36.8,9.5,1.7,0.0
sentinel_89,285514406,6,2026-09-03 23:00:00+00:00,2026-09-03 23:17:58+00:00,16.9,18.1,17.616666666666667,308.93333333333334,19.165767666666667,72.56125283333334,0,4.833333333333333,0,MT SEA HORIZON_25,Passenger,IMO1258768,221.2,19.2,8.5,0.0
sentinel_89,368688902,26,2026-09-04 00:02:47+00:00,2026-09-04 01:21:19+00:00,11.2,13.0,12.13846153846154,31.196153846153848,19.073575961538463,72.576891,0,4.7,0,MT MUMBAI EXPRESS_99,Cargo,IMO1898516,213.1,17.8,11.2,0.0
sentinel_89,439670711,51,2026-09-04 02:21:55+00:00,2026-09-04 04:59:35+00:00,7.6,10.0,9.041176470588235,41.33137254901961,19.046102215686275,72.63898733333333,0,4.933333333333334,0,MV MUMBAI EXPRESS_14,Tanker,IMO3341057,203.1,18.7,8.5,0.0
sentinel_89,490612805,17,2026-09-03 23:14:03+00:00,2026-09-04 00:04:48+00:00,15.0,16.0,15.53529411764706,303.0764705882353,19.137831764705883,72.70706211764707,0,4.55,0,SY ARABIAN KNIGHT_48,Tanker,IMO4773549,247.2,22.2,9.9,0.0
sentinel_89,499317479,7,2026-09-03 23:00:00+00:00,2026-09-03 23:16:12+00:00,12.4,13.7,13.1,251.82857142857142,18.857319285714286,72.53762314285714,0,4.033333333333333,0,MV COASTAL PEARL_63,Cargo,IMO4547081,130.2,19.7,8.4,0.0
sentinel_89,569749767,11,2026-09-03 23:01:24+00:00,2026-09-03 23:33:21+00:00,17.8,18.8,18.263636363636365,120.5090909090909,18.85400927272727,72.58299218181818,0,4.733333333333333,0,MT MALABAR QUEEN_99,Container Ship,IMO7679508,249.9,27.1,9.8,0.0
sentinel_89,663550988,144,2026-09-04 03:56:55+00:00,2026-09-04 10:56:21+00:00,0.5,3.5,1.1590277777777778,70.22222222222223,19.14334527777778,72.58012919444444,0,4.916666666666667,34,FV MUMBAI EXPRESS_65,Fishing,IMO7614724,17.7,5.7,1.1,0.2361111111111111
sentinel_89,697169479,71,2026-09-03 23:45:24+00:00,2026-09-04 03:16:00+00:00,3.0,7.0,5.095774647887324,92.3,18.900984267605633,72.67297447887324,0,4.966666666666667,0,MT MUMBAI EXPRESS_41,Fishing,IMO1966769,36.2,5.8,3.1,0.0
sentinel_89,730915077,31,2026-09-03 23:04:52+00:00,2026-09-04 00:31:51+00:00,13.6,15.6,14.80967741935484,55.119354838709675,18.91756919354839,72.65614848387096,0,4.933333333333334,0,SY KONKAN TRADER_11,Cargo,IMO2293159,110.9,29.9,5.9,0.0
sentinel_89,790077090,45,2026-09-04 00:34:53+00:00,2026-09-04 02:59:19+00:00,6.2,9.0,7.751111111111111,288.53555555555556,18.971165822222222,72.67203915555555,0,4.966666666666667,0,SY COASTAL PEARL_51,Tanker,IMO8387790,210.9,33.7,12.3,0.0
